26.01.2019;Суббота;07:34:06;;Кирилл
21.01.2019;Понедельник;10:49:19;15;Ирэн
21.01.2019;Понедельник;09:45:49;217;Рафик
19.01.2019;Суббота;13:15:39;;Сергей
19.01.2019;Суббота;13:06:44;70;Максим
18.01.2019;Пятница;09:45:20;21;Кирилл
16.01.2019;Среда;11:49:43;50;Владимир
12.01.2019;Суббота;09:56:00;250;Дмитрий
10.01.2019;Четверг;14:56:54;20;Анна
09.01.2019;Среда;12:34:14;20;Катя
09.01.2019;Среда;10:41:29;250;Кошка
05.01.2019;Суббота;11:10:20;14;ЮЛЯ
04.01.2019;Пятница;13:38:19;50;Алексей
04.01.2019;Пятница;06:51:30;150;Сергей
03.01.2019;Четверг;17:43:50;200;Вячеслав
03.01.2019;Четверг;15:11:13;60;Алла
03.01.2019;Четверг;12:29:18;150;Николай
02.01.2019;Среда;19:27:10;;Мария
02.01.2019;Среда;18:18:16;200;Наталья
02.01.2019;Среда;18:01:47;;Мария
02.01.2019;Среда;14:45:21;;Я
02.01.2019;Среда;14:33:52;70;Kseniya
02.01.2019;Среда;13:17:43;40;Максим
02.01.2019;Среда;08:48:51;30;Мария
01.01.2019;Вторник;15:59:17;100;Мишаня
31.12.2018;Понедельник;06:53:17;28;Awhat
30.12.2018;Воскресенье;19:48:02;5;Егор
30.12.2018;Воскресенье;19:35:16;3;Андрей
30.12.2018;Воскресенье;16:35:07;200;олег
30.12.2018;Воскресенье;16:33:18;200;анна
30.12.2018;Воскресенье;13:28:07;13;Яков
30.12.2018;Воскресенье;13:23:57;;Дмитрий
30.12.2018;Воскресенье;13:21:38;0;Гена
30.12.2018;Воскресенье;12:19:35;310;Andrey
30.12.2018;Воскресенье;10:53:16;270;Евгений
29.12.2018;Суббота;19:43:18;40;Сергей
28.12.2018;Пятница;14:24:20;2;Екатерина
28.12.2018;Пятница;12:24:06;;1234
28.12.2018;Пятница;08:29:42;100;Bob812
27.12.2018;Четверг;14:37:56;;Екатерина
27.12.2018;Четверг;09:51:35;;Лена
27.12.2018;Четверг;09:50:17;650;Лена
27.12.2018;Четверг;09:49:45;650;Лена
26.12.2018;Среда;13:48:01;;Катя
22.12.2018;Суббота;09:51:01;300;1234
21.12.2018;Пятница;12:35:29;400;Дмитрий
21.12.2018;Пятница;11:04:52;180;Евгений
21.12.2018;Пятница;10:24:19;500;Алексей
21.12.2018;Пятница;10:16:43;400;Дмитрий
19.12.2018;Среда;12:10:44;300;Стас
18.12.2018;Вторник;16:38:09;500;Елена
18.12.2018;Вторник;16:05:46;1000;Злая и уставшая
18.12.2018;Вторник;14:22:20;400;Алена
18.12.2018;Вторник;14:11:38;360;Виктор
18.12.2018;Вторник;14:04:11;360;Виктор
17.12.2018;Понедельник;10:30:57;760;Футболист
17.12.2018;Понедельник;10:29:41;720;Футболист
17.12.2018;Понедельник;10:12:59;;Грустная Лена
17.12.2018;Понедельник;08:38:57;;Какая разница
17.12.2018;Понедельник;08:05:09;300;Костик
16.12.2018;Воскресенье;14:21:51;84;Сергей
16.12.2018;Воскресенье;13:40:04;84;Сергей
14.12.2018;Пятница;12:29:47;;Р
10.12.2018;Понедельник;10:27:06;460;На самолет
08.12.2018;Суббота;16:24:31;;Катя
08.12.2018;Суббота;15:37:36;;Илья
08.12.2018;Суббота;13:10:59;;Катя
08.12.2018;Суббота;12:55:44;500;Евгения
08.12.2018;Суббота;12:55:43;;Евгени
08.12.2018;Суббота;12:55:43;500;Евгени
08.12.2018;Суббота;12:55:43;500;Евгения
08.12.2018;Суббота;12:39:49;180;Михаил
08.12.2018;Суббота;11:02:10;400;Я
05.12.2018;Среда;12:38:01;180;Ден
04.12.2018;Вторник;12:36:21;300;Дмитрий
03.12.2018;Понедельник;11:00:52;300;Имя
03.12.2018;Понедельник;09:59:52;250;Толик маршрутка
02.12.2018;Воскресенье;15:27:35;10;Vlad
01.12.2018;Суббота;13:07:15;;Максим
01.12.2018;Суббота;12:13:36;180;Сергей
01.12.2018;Суббота;10:59:05;200;Ольга
30.11.2018;Пятница;15:20:10;379;Ivi
30.11.2018;Пятница;13:45:42;;Михаил
30.11.2018;Пятница;12:44:52;;Михаил
30.11.2018;Пятница;12:09:16;;Дмитрий
27.11.2018;Вторник;12:03:45;150;Роман
24.11.2018;Суббота;11:39:02;;Роман
24.11.2018;Суббота;10:44:19;250;Роман
22.11.2018;Четверг;11:23:00;300;Артур
22.11.2018;Четверг;10:43:53;290;Alex
21.11.2018;Среда;20:11:33;200;Денис
21.11.2018;Среда;13:01:48;50;Василий
21.11.2018;Среда;10:43:27;;Дима
19.11.2018;Понедельник;10:33:04;220;Не финн
18.11.2018;Воскресенье;13:49:32;6;Андрей
14.11.2018;Среда;15:08:26;100;Сергей
14.11.2018;Среда;12:19:36;84;Павел
14.11.2018;Среда;12:09:52;84;Павел
12.11.2018;Понедельник;12:21:31;;Дима
12.11.2018;Понедельник;10:18:31;180;Я
12.11.2018;Понедельник;08:56:25;;Natalya
12.11.2018;Понедельник;06:23:46;30;Елена
10.11.2018;Суббота;18:50:26;0;Анастасия
10.11.2018;Суббота;15:07:58;500;Иван
10.11.2018;Суббота;14:13:31;500;Иван
10.11.2018;Суббота;12:05:15;300;Иван
09.11.2018;Пятница;14:07:48;200;Крошка Енот
09.11.2018;Пятница;09:30:25;150;Светлана
08.11.2018;Четверг;16:39:42;1;Татьяна
08.11.2018;Четверг;13:08:14;20;Екатерина
08.11.2018;Четверг;12:02:42;;112
07.11.2018;Среда;07:46:59;50;Олег
06.11.2018;Вторник;09:40:12;273;Баламут
05.11.2018;Понедельник;09:38:22;15;Елена
05.11.2018;Понедельник;08:29:04;300;Апрелька
04.11.2018;Воскресенье;15:39:12;250;Петр
02.11.2018;Пятница;15:49:27;59;Илья
02.11.2018;Пятница;14:33:17;;Я
02.11.2018;Пятница;12:05:19;;Дмитрий
01.11.2018;Четверг;13:42:59;;Аркадий
01.11.2018;Четверг;13:13:49;180;Юрий
31.10.2018;Среда;15:34:48;360;Валера
31.10.2018;Среда;13:03:49;;Эля
31.10.2018;Среда;12:48:54;;Зорро
31.10.2018;Среда;12:29:50;;владимир
31.10.2018;Среда;10:42:13;;Сергей
28.10.2018;Воскресенье;21:45:55;;Анна
27.10.2018;Суббота;16:08:57;40;Константин
27.10.2018;Суббота;15:40:27;40;Константин
27.10.2018;Суббота;12:52:06;430;Наталья
27.10.2018;Суббота;12:37:33;300;Алексей
23.10.2018;Вторник;12:49:26;65;Вася
21.10.2018;Воскресенье;14:34:39;150;Сергей
20.10.2018;Суббота;11:33:00;;777
18.10.2018;Четверг;15:19:22;20;Алексей
18.10.2018;Четверг;11:27:05;200;Сергей
06.10.2018;Суббота;17:48:11;250;Дмитрий
06.10.2018;Суббота;16:15:11;100;Н
06.10.2018;Суббота;07:59:12;40;Венера
05.10.2018;Пятница;11:32:40;120;Олег
29.09.2018;Суббота;15:08:53;50;Вадим
28.09.2018;Пятница;13:53:23;80;Александр
28.09.2018;Пятница;13:42:23;70;Александр
26.09.2018;Среда;13:44:48;123;Егин
25.09.2018;Вторник;08:56:19;50;Игорь
16.09.2018;Воскресенье;14:52:30;80;El
15.09.2018;Суббота;18:51:35;20;V
15.09.2018;Суббота;18:35:33;20;V
14.09.2018;Пятница;18:21:01;35;Виктор
07.09.2018;Пятница;18:18:31;150;Петя
06.09.2018;Четверг;14:57:53;250;Kosss
06.09.2018;Четверг;14:46:48;;Анна
05.09.2018;Среда;12:17:18;70;Кирилл
27.08.2018;Понедельник;14:07:25;200;Андрюха
25.08.2018;Суббота;13:43:43;50;javaorca
24.08.2018;Пятница;14:44:01;50;я
23.08.2018;Четверг;11:24:51;200;Кирилл
21.08.2018;Вторник;13:01:39;60;Анна
21.08.2018;Вторник;13:01:07;;Анна
20.08.2018;Понедельник;12:05:58;226;Будний кошмар
18.08.2018;Суббота;11:54:52;;111
18.08.2018;Суббота;11:54:33;;111
16.08.2018;Четверг;18:54:42;;Андрей
16.08.2018;Четверг;18:54:24;;Андрей
16.08.2018;Четверг;18:50:36;;Андрей
16.08.2018;Четверг;18:49:25;;Андрей
14.08.2018;Вторник;20:04:35;;тим
14.08.2018;Вторник;19:29:34;200;тим
12.08.2018;Воскресенье;17:21:27;25;Роман
11.08.2018;Суббота;13:18:58;100;Евгения
11.08.2018;Суббота;11:54:38;;Роман
10.08.2018;Пятница;21:05:31;20;Игорь
10.08.2018;Пятница;21:05:29;20;Игорь
10.08.2018;Пятница;12:02:41;;Я
10.08.2018;Пятница;11:45:57;;Татьяна
10.08.2018;Пятница;11:22:33;;Татьяна
09.08.2018;Четверг;14:22:04;;Владимир
09.08.2018;Четверг;13:28:04;;Андрей
09.08.2018;Четверг;13:13:12;;Андрей
08.08.2018;Среда;10:18:03;300;Андрей
08.08.2018;Среда;10:10:47;30;Андрей
07.08.2018;Вторник;14:45:51;;владимир
07.08.2018;Вторник;12:36:50;250;Дмитрий
07.08.2018;Вторник;10:12:00;200;Софья
04.08.2018;Суббота;11:04:26;100;Kuivu
03.08.2018;Пятница;19:37:51;25;Max
03.08.2018;Пятница;10:50:23;40;Тата
26.07.2018;Четверг;12:12:59;80;Евгений
25.07.2018;Среда;11:04:09;290;Денис
17.07.2018;Вторник;13:22:58;;11
17.07.2018;Вторник;13:10:56;;11
17.07.2018;Вторник;09:24:14;60;Диана
16.07.2018;Понедельник;09:39:17;420;Ксения
14.07.2018;Суббота;00:13:53;60;пони
12.07.2018;Четверг;07:22:04;30;Станислав
07.07.2018;Суббота;13:00:07;300;Bob812
04.07.2018;Среда;11:45:30;50;Игорь
03.07.2018;Вторник;13:25:34;;Митя
02.07.2018;Понедельник;09:36:53;35;АМ
29.06.2018;Пятница;22:07:43;60;пони
29.06.2018;Пятница;17:21:32;100;Андрей
29.06.2018;Пятница;17:21:26;100;Андрей
28.06.2018;Четверг;14:28:05;30;Dmitr
28.06.2018;Четверг;14:07:11;100;Макс
27.06.2018;Среда;13:36:12;130;виктор
24.06.2018;Воскресенье;12:44:11;100;Вячеслав
21.06.2018;Четверг;18:22:53;100;Карина
21.06.2018;Четверг;17:35:39;100;Карина
21.06.2018;Четверг;13:46:42;300;Юля
20.06.2018;Среда;11:21:54;150;Иван
15.06.2018;Пятница;13:26:16;150;Саша
15.06.2018;Пятница;12:59:21;150;Саша
11.06.2018;Понедельник;13:05:25;;Сергей
11.06.2018;Понедельник;13:04:53;;Сергей
11.06.2018;Понедельник;12:34:50;500;Серж
11.06.2018;Понедельник;11:56:28;300;Матвей
11.06.2018;Понедельник;11:44:45;500;Николай
11.06.2018;Понедельник;10:47:09;499;Я
11.06.2018;Понедельник;10:29:36;650;Колпак
11.06.2018;Понедельник;10:14:07;360;Инна
11.06.2018;Понедельник;10:03:35;360;Инна
11.06.2018;Понедельник;09:51:14;350;Natalya
10.06.2018;Воскресенье;20:02:15;20;Сергей
10.06.2018;Воскресенье;10:41:26;30;Max
10.06.2018;Воскресенье;08:01:15;67;Лада
10.06.2018;Воскресенье;00:55:43;60;пони
09.06.2018;Суббота;21:16:49;15;Леночек
09.06.2018;Суббота;10:30:40;25;Андрей
08.06.2018;Пятница;12:48:02;100;Кирилл
08.06.2018;Пятница;11:55:56;120;Илья
06.06.2018;Среда;21:58:10;100;Андрей
06.06.2018;Среда;10:43:06;70;Сергей
05.06.2018;Вторник;08:07:37;28;Доброжелатель
04.06.2018;Понедельник;13:35:12;40;Александр
02.06.2018;Суббота;14:33:03;80;Евгений
02.06.2018;Суббота;13:57:46;80;Евгений
02.06.2018;Суббота;08:27:14;55;Pav
01.06.2018;Пятница;18:04:54;60;Петр
26.05.2018;Суббота;13:50:13;19;Елена
25.05.2018;Пятница;14:24:53;10;Демид
23.05.2018;Среда;10:57:32;40;Алекс
19.05.2018;Суббота;13:19:20;200;Алла
19.05.2018;Суббота;12:24:23;;Уля
19.05.2018;Суббота;08:51:43;;К
19.05.2018;Суббота;08:22:03;10;Алексей
18.05.2018;Пятница;11:30:46;100;Александр
17.05.2018;Четверг;13:07:29;100;Максим
16.05.2018;Среда;09:57:57;150;Роман
12.05.2018;Суббота;13:11:47;90;Антон
12.05.2018;Суббота;13:10:20;50;Саныч
07.05.2018;Понедельник;11:14:34;20;Алексей
05.05.2018;Суббота;09:12:16;;Дмитрий
04.05.2018;Пятница;14:19:11;10;Кия
03.05.2018;Четверг;15:23:00;100;Гена
03.05.2018;Четверг;10:46:51;25;Павел
30.04.2018;Понедельник;13:28:28;;М
30.04.2018;Понедельник;12:42:35;100;Мария
30.04.2018;Понедельник;10:54:41;;Максим
29.04.2018;Воскресенье;19:28:49;40;Алексей
29.04.2018;Воскресенье;16:26:14;50;георгий
29.04.2018;Воскресенье;15:25:31;;Егор
29.04.2018;Воскресенье;11:37:33;50;Алексей
29.04.2018;Воскресенье;11:33:36;50;Алексей
29.04.2018;Воскресенье;11:29:04;40;Алексей
29.04.2018;Воскресенье;11:24:21;40;Алексей
29.04.2018;Воскресенье;00:11:06;10;Олег
27.04.2018;Пятница;14:45:10;50;Лёха
24.04.2018;Вторник;13:44:06;100;Т
24.04.2018;Вторник;10:48:43;70;Алёна
15.04.2018;Воскресенье;13:11:44;10;Антон
14.04.2018;Суббота;14:22:33;300;Елена
14.04.2018;Суббота;13:42:49;300;Елена
13.04.2018;Пятница;07:36:09;;Алик
10.04.2018;Вторник;09:58:06;;кот
10.04.2018;Вторник;08:11:19;;А
07.04.2018;Суббота;16:32:19;5;Артём
07.04.2018;Суббота;15:51:02;60;Атлас Европы
07.04.2018;Суббота;11:07:04;150;Neo
06.04.2018;Пятница;09:26:15;60;111
04.04.2018;Среда;12:09:45;100;Свои
03.04.2018;Вторник;14:51:01;35;Галина
03.04.2018;Вторник;08:58:51;80;Serg
31.03.2018;Суббота;14:54:56;20;SvK
28.03.2018;Среда;17:21:45;;Петр
28.03.2018;Среда;16:35:02;;Елена
28.03.2018;Среда;16:28:59;100;Петр
28.03.2018;Среда;15:57:44;60;Петр
28.03.2018;Среда;10:28:45;50;Игорь
26.03.2018;Понедельник;12:20:52;20;Анна
26.03.2018;Понедельник;10:19:32;350;Михаил
24.03.2018;Суббота;16:20:45;200;Александр
24.03.2018;Суббота;13:28:44;180;Анастасия
24.03.2018;Суббота;11:38:28;500;Катя
24.03.2018;Суббота;11:29:58;350;Татьяна
24.03.2018;Суббота;10:53:18;250;Кристина
23.03.2018;Пятница;20:01:56;50;Олег
22.03.2018;Четверг;13:37:40;84;Василий
21.03.2018;Среда;12:50:37;;Мимино
21.03.2018;Среда;12:49:46;;Мимино
21.03.2018;Среда;12:03:24;;Гладиолус
21.03.2018;Среда;11:53:09;100;Алекси Какконен
17.03.2018;Суббота;10:50:24;;Даниил
16.03.2018;Пятница;16:13:23;80;Доброжелатель
15.03.2018;Четверг;10:33:51;55;Игорь
15.03.2018;Четверг;09:54:59;35;Игорь
14.03.2018;Среда;09:56:55;150;Ирэн
10.03.2018;Суббота;10:23:54;100;Алекс
09.03.2018;Пятница;16:42:05;300;Наталья
09.03.2018;Пятница;11:18:15;;Роман
09.03.2018;Пятница;11:10:08;;Сергей
09.03.2018;Пятница;10:25:23;;Сергей
09.03.2018;Пятница;09:41:32;300;Денис
08.03.2018;Четверг;13:04:20;200;Влад
08.03.2018;Четверг;12:35:39;;Шота
08.03.2018;Четверг;10:03:01;350;Aleks
08.03.2018;Четверг;09:37:34;300;Alex
08.03.2018;Четверг;01:07:19;100;Владимир
07.03.2018;Среда;22:46:27;150;Андрэ
07.03.2018;Среда;21:08:22;60;Пони
07.03.2018;Среда;20:24:33;50;Петр
07.03.2018;Среда;15:39:13;150;Юлия
04.03.2018;Воскресенье;14:27:02;60;Игорь
04.03.2018;Воскресенье;12:09:48;80;Екатерина
24.02.2018;Суббота;16:53:57;0;Евгений
24.02.2018;Суббота;15:46:20;10;Константин
23.02.2018;Пятница;16:37:28;200;R
23.02.2018;Пятница;15:34:25;200;Станислав
23.02.2018;Пятница;15:33:50;200;Станислав
23.02.2018;Пятница;14:05:07;500;Алексей
23.02.2018;Пятница;13:13:51;400;Лисена
23.02.2018;Пятница;13:02:19;360;Евгений
23.02.2018;Пятница;11:41:57;360;Лидия
22.02.2018;Четверг;17:53:11;200;Сэм
22.02.2018;Четверг;16:13:51;60;Серж
21.02.2018;Среда;16:25:47;100;Ааа
17.02.2018;Суббота;12:54:11;220;Дмитрий
17.02.2018;Суббота;12:12:41;;Марианна
17.02.2018;Суббота;11:53:09;;Илья
17.02.2018;Суббота;11:40:25;200;Валерий
17.02.2018;Суббота;11:26:05;;Юрий
16.02.2018;Пятница;12:58:48;10;Алексей
16.02.2018;Пятница;11:43:22;30;Сергей
03.02.2018;Суббота;14:37:05;450;Олег
03.02.2018;Суббота;13:01:20;170;Йетя
03.02.2018;Суббота;11:28:07;150;Денис
03.02.2018;Суббота;10:51:19;;Денис
03.02.2018;Суббота;08:33:05;30;Венера
01.02.2018;Четверг;15:46:40;;Елена
01.02.2018;Четверг;12:47:24;;Дмитрий
26.01.2018;Пятница;18:33:16;30;Максим
25.01.2018;Четверг;10:42:20;90;Иван
24.01.2018;Среда;11:42:10;40;Борис
23.01.2018;Вторник;09:42:41;15;Алекс
16.01.2018;Вторник;11:01:42;5;Евг
16.01.2018;Вторник;11:01:34;5;Евг
15.01.2018;Понедельник;08:44:11;10;роман
13.01.2018;Суббота;11:42:22;500;Кирилл
13.01.2018;Суббота;11:40:14;400;Саша
13.01.2018;Суббота;10:50:32;300;Сергей
12.01.2018;Пятница;12:37:48;80;Юля
11.01.2018;Четверг;11:58:37;25;Валерий
11.01.2018;Четверг;11:35:09;75;Катерина
10.01.2018;Среда;12:00:14;;Петр
10.01.2018;Среда;11:36:09;80;Петр
08.01.2018;Понедельник;15:42:32;30;San
08.01.2018;Понедельник;10:47:21;30;Олег
06.01.2018;Суббота;21:00:57;0;Ярослав
06.01.2018;Суббота;09:58:10;1;Александр
06.01.2018;Суббота;00:37:21;10;Артем
05.01.2018;Пятница;10:08:15;25;Анна
04.01.2018;Четверг;15:53:44;150;Ольга
04.01.2018;Четверг;12:43:32;;Белянка
04.01.2018;Четверг;08:28:33;100;Сергей
04.01.2018;Четверг;08:24:28;;Александр
04.01.2018;Четверг;08:07:18;100;Сергей
04.01.2018;Четверг;08:06:19;100;Сергей
04.01.2018;Четверг;07:49:33;;Дмитрий
03.01.2018;Среда;20:07:39;100;Боцман
03.01.2018;Среда;19:36:31;180;Дмитрий
03.01.2018;Среда;18:55:37;80;Алекс
03.01.2018;Среда;15:36:37;100;Всчя
03.01.2018;Среда;14:24:02;250;Екатерина
03.01.2018;Среда;13:45:56;200;Денис
03.01.2018;Среда;13:17:22;60;Денис
03.01.2018;Среда;12:45:24;60;Денис
02.01.2018;Вторник;16:44:07;50;Сергей
02.01.2018;Вторник;16:15:56;500;Дмитрий
02.01.2018;Вторник;13:14:46;380;Den
02.01.2018;Вторник;13:14:05;;Den
02.01.2018;Вторник;11:31:37;;Алексей
02.01.2018;Вторник;10:57:12;;Ренат
01.01.2018;Понедельник;17:21:01;60;Пони
30.12.2017;Суббота;17:57:22;;Катерина
30.12.2017;Суббота;15:59:07;360;Евгений
30.12.2017;Суббота;15:03:37;360;Евгений
30.12.2017;Суббота;14:01:25;180;Любовь
30.12.2017;Суббота;10:54:14;;Татьяна
30.12.2017;Суббота;10:52:18;;Татьяна
30.12.2017;Суббота;08:38:43;100;Ольга
30.12.2017;Суббота;04:34:46;50;Константин
29.12.2017;Пятница;10:03:08;60;Анастасия
29.12.2017;Пятница;08:18:06;50;Ваше имя
28.12.2017;Четверг;08:35:36;30;Фин
28.12.2017;Четверг;08:23:05;60;Русский
27.12.2017;Среда;08:57:34;;Александр
27.12.2017;Среда;08:10:30;;Александр
24.12.2017;Воскресенье;10:03:03;100;9234
21.12.2017;Четверг;07:22:43;100;КАТ
19.12.2017;Вторник;09:02:34;120;Н
18.12.2017;Понедельник;10:11:22;360;Санек
16.12.2017;Суббота;09:13:13;100;Станислав
14.12.2017;Четверг;09:52:10;100;АНДРЕЙ
13.12.2017;Среда;14:16:49;800;Виктор
13.12.2017;Среда;08:12:31;;Ант
12.12.2017;Вторник;10:43:42;300;Олег
11.12.2017;Понедельник;09:10:51;34;Виннер
09.12.2017;Суббота;17:35:13;360;Алексей
09.12.2017;Суббота;16:36:38;180;Александр
09.12.2017;Суббота;15:35:12;540;Ку
09.12.2017;Суббота;13:12:54;180;Sv
07.12.2017;Четверг;12:41:51;700;Роман
07.12.2017;Четверг;11:35:15;300;Сергей
04.12.2017;Понедельник;11:03:25;150;Алексей
29.11.2017;Среда;14:16:09;150;Екатерина
25.11.2017;Суббота;13:53:47;;Пашко
25.11.2017;Суббота;11:13:12;;Irina
24.11.2017;Пятница;11:59:31;;Крот
24.11.2017;Пятница;11:59:02;;Крот
22.11.2017;Среда;14:17:55;;Прпр
18.11.2017;Суббота;16:14:41;;ВИТА
18.11.2017;Суббота;11:54:25;540;Кс
17.11.2017;Пятница;13:42:42;220;Ден
17.11.2017;Пятница;13:26:31;200;PJ
15.11.2017;Среда;14:46:55;;Алекс
12.11.2017;Воскресенье;19:35:09;5;Макс
12.11.2017;Воскресенье;14:51:08;200;123
12.11.2017;Воскресенье;12:32:37;100;Дмитрий
11.11.2017;Суббота;13:26:19;220;Матвей
11.11.2017;Суббота;12:55:56;100;Татьяна
11.11.2017;Суббота;09:10:20;84;Павел
06.11.2017;Понедельник;15:02:38;360;Сергей
06.11.2017;Понедельник;13:33:34;300;Ирина
06.11.2017;Понедельник;12:51:32;54;Денис
06.11.2017;Понедельник;11:47:09;360;Вася
06.11.2017;Понедельник;11:14:56;180;Вася
06.11.2017;Понедельник;11:14:04;;Вася
05.11.2017;Воскресенье;18:11:14;200;Роман
05.11.2017;Воскресенье;18:09:10;;Роман
05.11.2017;Воскресенье;17:18:20;200;Роман
05.11.2017;Воскресенье;14:07:19;270;Саша
05.11.2017;Воскресенье;09:54:24;;Кат
04.11.2017;Суббота;15:51:09;400;Иван
04.11.2017;Суббота;09:49:38;500;Срулевич
04.11.2017;Суббота;08:17:21;50;Анка
03.11.2017;Пятница;20:20:45;50;Пони
03.11.2017;Пятница;18:13:41;30;Иван
03.11.2017;Пятница;15:30:37;50;Alex
03.11.2017;Пятница;12:18:22;;Тим
03.11.2017;Пятница;10:03:47;;Игорь
03.11.2017;Пятница;10:00:00;;Игорь
02.11.2017;Четверг;13:46:41;;333
01.11.2017;Среда;17:02:14;50;Татьяна
01.11.2017;Среда;10:00:08;150;Natalialinovskaya
31.10.2017;Вторник;10:53:34;100;Сергей
28.10.2017;Суббота;14:52:00;;Евгения
20.10.2017;Пятница;13:29:40;150;Львица
20.10.2017;Пятница;12:07:35;100;Кароль
19.10.2017;Четверг;13:31:39;180;Marina
17.10.2017;Вторник;14:47:12;150;Игорь
17.10.2017;Вторник;12:36:33;;Елена
17.10.2017;Вторник;09:22:37;30;Алексей
14.10.2017;Суббота;13:48:32;450;Поклонский
14.10.2017;Суббота;12:00:01;259;Юля
12.10.2017;Четверг;12:13:33;0;Миша
10.10.2017;Вторник;17:37:24;150;ВЕ
02.10.2017;Понедельник;10:12:34;50;1111
30.09.2017;Суббота;19:55:05;100;Иван
30.09.2017;Суббота;11:59:14;330;Сергей
30.09.2017;Суббота;11:10:03;200;Гриша
30.09.2017;Суббота;07:57:47;;Стас
29.09.2017;Пятница;07:39:22;50;Александр
28.09.2017;Четверг;15:13:19;100;Андрюха
26.09.2017;Вторник;14:31:47;70;Наталья
26.09.2017;Вторник;10:16:54;70;111
26.09.2017;Вторник;10:16:42;70;111
24.09.2017;Воскресенье;15:06:40;150;Игорь
23.09.2017;Суббота;14:12:39;400;Галуст
23.09.2017;Суббота;12:37:20;;Андрей
22.09.2017;Пятница;13:34:43;100;Вилка
22.09.2017;Пятница;13:34:40;100;Вилка
22.09.2017;Пятница;11:57:30;100;111
22.09.2017;Пятница;11:57:24;100;111
19.09.2017;Вторник;15:04:36;200;Максим
17.09.2017;Воскресенье;17:17:53;50;Алекс
16.09.2017;Суббота;11:32:36;200;Елена
16.09.2017;Суббота;11:27:13;150;Елена
15.09.2017;Пятница;13:17:32;40;Юлия
10.09.2017;Воскресенье;12:21:14;20;Алекс
09.09.2017;Суббота;16:16:12;30;Карина
09.09.2017;Суббота;11:39:43;600;Александра
09.09.2017;Суббота;07:46:53;250;Alexa
09.09.2017;Суббота;07:46:41;250;Alexa
09.09.2017;Суббота;07:30:44;170;Андрей
08.09.2017;Пятница;19:24:41;;Петр
08.09.2017;Пятница;18:59:46;150;Ohlson
08.09.2017;Пятница;10:57:23;100;Дарья
07.09.2017;Четверг;13:16:18;20;Марина
06.09.2017;Среда;15:51:48;60;Я
02.09.2017;Суббота;16:22:30;100;Киви
02.09.2017;Суббота;15:59:43;300;Catleia
01.09.2017;Пятница;21:05:36;30;Пони
01.09.2017;Пятница;17:54:45;200;Олег
28.08.2017;Понедельник;11:51:21;7;Маргарита
27.08.2017;Воскресенье;13:56:44;150;Наталья
27.08.2017;Воскресенье;13:43:40;50;AlexL
26.08.2017;Суббота;18:54:09;100;Андрюха
26.08.2017;Суббота;15:00:49;200;Валерий
26.08.2017;Суббота;10:26:50;270;Вячеслав
25.08.2017;Пятница;17:16:44;100;Максим
25.08.2017;Пятница;11:45:36;;Тим
25.08.2017;Пятница;06:42:55;40;Лера
24.08.2017;Четверг;19:32:13;50;Наталия
22.08.2017;Вторник;14:12:41;130;Сергей
22.08.2017;Вторник;13:58:24;;FF3
22.08.2017;Вторник;12:07:25;500;Kia
19.08.2017;Суббота;14:20:55;450;неДимон
19.08.2017;Суббота;12:45:24;180;Иван
19.08.2017;Суббота;12:14:58;210;роман
19.08.2017;Суббота;10:18:20;120;ensi-bus
19.08.2017;Суббота;10:18:18;120;ensi-bus
19.08.2017;Суббота;08:46:14;38;Alex
17.08.2017;Четверг;09:08:19;50;Ирина
16.08.2017;Среда;17:55:36;100;Пупс
15.08.2017;Вторник;17:02:28;100;Дима
15.08.2017;Вторник;17:01:56;100;Дима
15.08.2017;Вторник;12:35:30;200;1
15.08.2017;Вторник;11:06:34;130;Сергей
12.08.2017;Суббота;14:33:12;;А
12.08.2017;Суббота;12:04:10;220;Вячеслав
02.08.2017;Среда;08:33:11;70;ensi-bus
01.08.2017;Вторник;17:49:08;400;Юрий
01.08.2017;Вторник;15:40:49;270;Николай
01.08.2017;Вторник;15:40:38;270;Николай
01.08.2017;Вторник;13:39:48;;Анастасия
01.08.2017;Вторник;13:20:32;170;Галина
01.08.2017;Вторник;13:00:13;;Анастасия
01.08.2017;Вторник;10:58:22;100;Олег
29.07.2017;Суббота;14:42:25;400;А
29.07.2017;Суббота;14:14:46;84;Светлана
29.07.2017;Суббота;08:47:46;30;Ирина
25.07.2017;Вторник;06:50:46;40;Владимир
24.07.2017;Понедельник;12:24:15;50;Наталья
22.07.2017;Суббота;16:47:45;84;BobsoSPb
22.07.2017;Суббота;13:44:47;500;Артём
22.07.2017;Суббота;12:45:30;;Дмитрий
22.07.2017;Суббота;10:27:31;;Катерина
22.07.2017;Суббота;09:16:20;;Елизавета
22.07.2017;Суббота;08:33:55;;Rustam
22.07.2017;Суббота;08:07:32;;Andrew
22.07.2017;Суббота;07:29:19;200;Alex
21.07.2017;Пятница;17:47:40;40;Геннадий
21.07.2017;Пятница;12:14:41;;Alex
19.07.2017;Среда;10:52:56;;Таня
18.07.2017;Вторник;15:36:49;500;Арнольд
18.07.2017;Вторник;14:58:22;500;Арнольд
18.07.2017;Вторник;14:58:04;500;Арнольд
18.07.2017;Вторник;14:57:35;500;Арнольд
18.07.2017;Вторник;14:57:21;500;Арнольд
18.07.2017;Вторник;12:59:08;40;М
15.07.2017;Суббота;09:31:37;;Светлана
15.07.2017;Суббота;09:02:51;150;Светлана
15.07.2017;Суббота;08:54:45;;Ирина
15.07.2017;Суббота;08:34:56;;Ирина
14.07.2017;Пятница;18:15:06;100;Петр
14.07.2017;Пятница;16:25:16;50;Татьяна
14.07.2017;Пятница;15:53:36;;Татьяна
12.07.2017;Среда;13:18:47;;Alex
12.07.2017;Среда;10:41:01;400;Олег
12.07.2017;Среда;10:39:04;20;Олег
08.07.2017;Суббота;10:42:02;;Алексей
08.07.2017;Суббота;08:47:58;300;Станислав
08.07.2017;Суббота;08:47:51;300;Станислав
07.07.2017;Пятница;15:38:59;65;Ирина
06.07.2017;Четверг;14:38:47;50;Катерина
04.07.2017;Вторник;12:52:11;300;Илона
04.07.2017;Вторник;07:28:16;50;Х
04.07.2017;Вторник;07:28:13;50;Х
03.07.2017;Понедельник;15:36:05;80;Tasha
03.07.2017;Понедельник;14:10:34;100;Алекс
01.07.2017;Суббота;12:37:48;400;Дарья
01.07.2017;Суббота;10:33:44;111;Ирина
28.06.2017;Среда;11:41:39;120;Юлия
28.06.2017;Среда;11:41:33;120;Юлия
28.06.2017;Среда;11:05:43;;Игорь
17.06.2017;Суббота;13:38:27;25;Герберт
17.06.2017;Суббота;13:34:56;25;Герберт
17.06.2017;Суббота;13:34:45;25;Герберт
15.06.2017;Четверг;09:19:55;150;Евгений
12.06.2017;Понедельник;14:38:32;120;Serg
10.06.2017;Суббота;11:47:39;150;Николай
10.06.2017;Суббота;10:51:25;10;Евгения
07.06.2017;Среда;06:48:36;117;Алина
06.06.2017;Вторник;11:44:55;150;Алекс
04.06.2017;Воскресенье;12:31:57;;велосипедист
03.06.2017;Суббота;08:39:46;200;Григорий
03.06.2017;Суббота;08:39:04;100;Григорий
02.06.2017;Пятница;17:02:19;5;Инга
02.06.2017;Пятница;14:44:45;;Настя
02.06.2017;Пятница;12:58:20;20;Даниил
02.06.2017;Пятница;11:29:42;200;Ренат
29.05.2017;Понедельник;09:06:26;400;Женя
20.05.2017;Суббота;08:08:10;50;Роман
20.05.2017;Суббота;08:05:07;30;Роман
08.05.2017;Понедельник;16:16:02;270;Александр
08.05.2017;Понедельник;12:49:10;;Игорь
08.05.2017;Понедельник;11:17:05;;Игорь
08.05.2017;Понедельник;09:33:36;;Игорь
08.05.2017;Понедельник;09:01:27;500;Анастасия
05.05.2017;Пятница;09:36:58;84;Владимир
03.05.2017;Среда;17:36:59;100;Николай
30.04.2017;Воскресенье;13:45:10;300;Вячеслав
30.04.2017;Воскресенье;13:26:16;360;Филипппппп
30.04.2017;Воскресенье;13:26:03;200;Вячеслав
30.04.2017;Воскресенье;12:42:58;100;Александр
30.04.2017;Воскресенье;12:28:36;100;Вячеслав
30.04.2017;Воскресенье;08:11:43;20;Кат
30.04.2017;Воскресенье;08:11:36;20;Кат
29.04.2017;Суббота;09:41:39;400;Машка
23.04.2017;Воскресенье;10:09:50;30;Анна
21.04.2017;Пятница;16:11:12;;Иванка
16.04.2017;Воскресенье;13:09:12;10;Андрей
09.04.2017;Воскресенье;12:07:43;150;Дмитрий
09.04.2017;Воскресенье;10:54:13;75;Дмитрий
09.04.2017;Воскресенье;10:32:25;80;Варвара
07.04.2017;Пятница;14:51:49;;Ольга
07.04.2017;Пятница;11:07:04;;Злой
05.04.2017;Среда;13:41:56;100;АНДРЕЙ
01.04.2017;Суббота;11:13:34;500;Попкин
29.03.2017;Среда;13:07:53;;Саша
29.03.2017;Среда;12:03:53;80;Анна
25.03.2017;Суббота;14:57:37;;Игорь
25.03.2017;Суббота;14:03:52;300;Сергей
25.03.2017;Суббота;13:33:16;270;Антон
25.03.2017;Суббота;13:22:55;180;Олег
25.03.2017;Суббота;13:19:55;170;Dima
25.03.2017;Суббота;11:34:03;200;Жора
24.03.2017;Пятница;11:20:38;45;Т
23.03.2017;Четверг;08:49:41;;Олег
22.03.2017;Среда;09:16:48;200;Ирина
22.03.2017;Среда;08:23:09;100;Олег
18.03.2017;Суббота;11:47:57;;Андрей
18.03.2017;Суббота;09:12:54;200;Greencardlt.ru
16.03.2017;Четверг;18:13:01;10;Леопольд
12.03.2017;Воскресенье;11:27:55;310;Павел
12.03.2017;Воскресенье;10:00:32;300;Алекс
11.03.2017;Суббота;21:19:57;;Юля
11.03.2017;Суббота;10:37:59;300;Ivan
11.03.2017;Суббота;10:26:20;400;Петя
11.03.2017;Суббота;10:07:26;;Юля
11.03.2017;Суббота;09:59:05;300;Ксения
11.03.2017;Суббота;09:27:50;300;Алекс
11.03.2017;Суббота;09:21:42;300;Алекс
11.03.2017;Суббота;09:12:38;400;Юлия
11.03.2017;Суббота;08:38:44;130;Иван
04.03.2017;Суббота;10:17:20;;Катя
04.03.2017;Суббота;09:37:59;;Тая
04.03.2017;Суббота;06:53:33;150;Xc
03.03.2017;Пятница;12:59:58;70;Леопольд
02.03.2017;Четверг;11:15:36;200;Oleg
01.03.2017;Среда;09:32:43;;Rio
28.02.2017;Вторник;12:49:21;100;Юрий
25.02.2017;Суббота;09:14:21;130;Светлана
24.02.2017;Пятница;16:28:56;;Дмитрий
24.02.2017;Пятница;14:45:35;;Олег
24.02.2017;Пятница;12:44:47;650;Саша
24.02.2017;Пятница;11:56:42;500;Алина
24.02.2017;Пятница;10:50:40;;Роман
24.02.2017;Пятница;09:39:26;;Афанасий
24.02.2017;Пятница;07:06:15;70;Макс
23.02.2017;Четверг;16:39:21;360;Петр
23.02.2017;Четверг;16:12:24;500;Алеша
23.02.2017;Четверг;16:11:33;;Алеша
23.02.2017;Четверг;16:01:17;270;Sergio
23.02.2017;Четверг;15:31:49;360;Светлана
23.02.2017;Четверг;15:30:36;360;Инга
23.02.2017;Четверг;14:48:42;;Инна
23.02.2017;Четверг;13:21:52;;Инна
23.02.2017;Четверг;10:21:13;250;Алекс
23.02.2017;Четверг;06:26:52;200;Федор
23.02.2017;Четверг;02:14:34;50;Максим
22.02.2017;Среда;17:50:41;50;Вячеслав
22.02.2017;Среда;16:34:59;60;эд
22.02.2017;Среда;12:54:20;;Сергей
22.02.2017;Среда;12:49:00;;Сергей
22.02.2017;Среда;10:50:02;180;Егор
19.02.2017;Воскресенье;09:19:36;;Федя
18.02.2017;Суббота;13:16:42;84;Екатерина
18.02.2017;Суббота;12:05:57;;Алексей
18.02.2017;Суббота;11:54:02;310;михаил
18.02.2017;Суббота;10:23:03;10;ЫЗИ
18.02.2017;Суббота;09:06:17;540;Форд
18.02.2017;Суббота;07:23:08;200;Влад
16.02.2017;Четверг;09:44:13;30;Екатерина
13.02.2017;Понедельник;10:13:13;40;Роман
12.02.2017;Воскресенье;10:46:09;20;Алекс
11.02.2017;Суббота;12:17:04;;Дарина
11.02.2017;Суббота;10:55:01;180;Кирилл
11.02.2017;Суббота;09:42:38;130;Мыр
11.02.2017;Суббота;05:42:53;100;Тим
09.02.2017;Четверг;10:18:11;150;Евгения
09.02.2017;Четверг;09:01:02;84;Игорь хонда
05.02.2017;Воскресенье;11:05:02;120;DV
04.02.2017;Суббота;10:19:49;260;J
04.02.2017;Суббота;10:17:39;;J
03.02.2017;Пятница;12:08:40;50;ELINA
29.01.2017;Воскресенье;10:25:26;100;Инга
28.01.2017;Суббота;11:43:52;84;Sergalf
28.01.2017;Суббота;07:36:28;;Олег
25.01.2017;Среда;10:51:05;200;Андрей
15.01.2017;Воскресенье;11:59:45;82;Игорь
15.01.2017;Воскресенье;09:30:52;;Михаил
14.01.2017;Суббота;11:02:02;;Юлия
13.01.2017;Пятница;09:00:29;41;Егор
06.01.2017;Пятница;09:59:04;150;Тоха
04.01.2017;Среда;11:47:09;400;Тоха
03.01.2017;Вторник;12:15:34;;таня
03.01.2017;Вторник;10:46:34;;Сергей
03.01.2017;Вторник;09:09:43;;Любовь
03.01.2017;Вторник;06:28:53;100;Net
03.01.2017;Вторник;06:28:46;100;Net
03.01.2017;Вторник;06:28:45;100;Net
02.01.2017;Понедельник;14:05:23;270;сергей
02.01.2017;Понедельник;13:25:27;130;Олег
02.01.2017;Понедельник;11:15:08;180;Михаил
02.01.2017;Понедельник;10:33:00;;Алексей
02.01.2017;Понедельник;09:06:39;50;Маруся
02.01.2017;Понедельник;09:03:51;50;Миха
02.01.2017;Понедельник;09:00:48;70;Миха
02.01.2017;Понедельник;08:34:19;35;Анна
02.01.2017;Понедельник;06:05:20;20;Кат
31.12.2016;Суббота;08:52:18;25;Dmitry
31.12.2016;Суббота;07:42:33;30;Глеб
28.12.2016;Среда;13:17:59;30;Наталья
28.12.2016;Среда;10:33:37;100;Кирилл
24.12.2016;Суббота;10:44:39;100;Александр
24.12.2016;Суббота;10:35:13;200;Наталия
21.12.2016;Среда;07:08:04;300;epine
21.12.2016;Среда;06:53:08;200;epine
20.12.2016;Вторник;10:51:18;500;Алёна
19.12.2016;Понедельник;09:26:04;500;тоуристо
17.12.2016;Суббота;10:24:44;360;Владимир
17.12.2016;Суббота;07:35:41;;Аат
17.12.2016;Суббота;05:56:52;70;Сергей
15.12.2016;Четверг;09:43:07;180;сергей
14.12.2016;Среда;12:20:12;150;Ольга
03.12.2016;Суббота;11:58:15;100;Alex
23.11.2016;Среда;08:53:31;;Маришка
20.11.2016;Воскресенье;11:11:10;40;Ксения
16.11.2016;Среда;09:16:12;;Д
13.11.2016;Воскресенье;11:16:18;5;Александр
12.11.2016;Суббота;12:03:54;100;Алекс
12.11.2016;Суббота;11:21:17;360;саша
04.11.2016;Пятница;14:47:46;;Ольга
04.11.2016;Пятница;11:46:47;160;Анечка
04.11.2016;Пятница;11:42:53;150;Poly
04.11.2016;Пятница;06:56:53;10;Слава мерседес
04.11.2016;Пятница;06:56:51;10;Слава мерседес
04.11.2016;Пятница;06:56:32;10;Слава мерседес
04.11.2016;Пятница;06:56:30;10;Слава мерседес
04.11.2016;Пятница;06:56:24;10;Слава мерседес
04.11.2016;Пятница;05:57:13;150;Альберт
03.11.2016;Четверг;15:35:34;200;Анастасия
28.10.2016;Пятница;12:08:50;270;Елена
23.10.2016;Воскресенье;11:52:30;60;Сергей
22.10.2016;Суббота;11:17:39;150;Елена
22.10.2016;Суббота;10:20:24;50;Елена
30.09.2016;Пятница;10:26:50;30;oku
14.09.2016;Среда;16:53:29;5;oku
14.09.2016;Среда;15:46:54;5;oku
10.09.2016;Суббота;09:46:44;50;Я
04.09.2016;Воскресенье;10:47:09;10;Иван
03.09.2016;Суббота;12:14:56;;Alexander
01.09.2016;Четверг;13:40:24;25;Сергей
30.08.2016;Вторник;11:58:11;100;168
27.08.2016;Суббота;14:40:27;50;Сергей
27.08.2016;Суббота;14:31:26;50;Андрей
27.08.2016;Суббота;13:48:45;50;Иванна
16.08.2016;Вторник;13:22:13;5;oku
15.08.2016;Понедельник;08:57:39;15;Константин
13.08.2016;Суббота;15:16:01;;Ольга
11.08.2016;Четверг;18:05:51;5;oku
11.08.2016;Четверг;16:10:46;15;oku
10.08.2016;Среда;11:42:48;100;oku
10.08.2016;Среда;08:45:28;50;oku
08.08.2016;Понедельник;22:41:59;2;oku
07.08.2016;Воскресенье;23:37:25;0;oku
06.08.2016;Суббота;07:02:25;40;Константин
05.08.2016;Пятница;07:00:15;10;дмитрий
04.08.2016;Четверг;22:00:35;5;oku
04.08.2016;Четверг;09:34:39;50;Митяй
03.08.2016;Среда;14:23:29;200;А
02.08.2016;Вторник;20:48:25;0;oku
30.07.2016;Суббота;11:11:50;;Михаил
30.07.2016;Суббота;11:06:08;;Денис
28.07.2016;Четверг;21:57:07;0;oku
28.07.2016;Четверг;17:00:42;;Олег
23.07.2016;Суббота;11:22:19;100;alina
20.07.2016;Среда;11:22:34;200;Татьяна
19.07.2016;Вторник;13:58:29;35;Юлия
15.07.2016;Пятница;20:53:53;20;oku
15.07.2016;Пятница;16:38:34;50;oku
15.07.2016;Пятница;00:02:59;3;oku
14.07.2016;Четверг;21:24:34;10;oku
13.07.2016;Среда;11:47:47;50;Борис
13.07.2016;Среда;10:55:55;;Андрей
11.07.2016;Понедельник;13:15:06;4;Борис
09.07.2016;Суббота;13:52:54;400;Максим
09.07.2016;Суббота;12:43:12;;Катя
09.07.2016;Суббота;12:42:25;;Катя
09.07.2016;Суббота;11:15:26;350;Лу
09.07.2016;Суббота;11:06:35;300;Мару
09.07.2016;Суббота;08:45:56;180;ManjaPerfect
08.07.2016;Пятница;00:47:50;3;oku
07.07.2016;Четверг;23:19:44;3;oku
02.07.2016;Суббота;14:17:08;4;иван
01.07.2016;Пятница;11:12:19;60;Виктор
12.06.2016;Воскресенье;05:05:03;0;oku
11.06.2016;Суббота;16:19:03;150;Вадим
11.06.2016;Суббота;16:16:53;150;Вадим
27.05.2016;Пятница;13:45:44;30;oku
27.05.2016;Пятница;12:54:44;5;oku
22.05.2016;Воскресенье;15:45:13;5;oku
22.05.2016;Воскресенье;14:30:58;5;oku
12.05.2016;Четверг;18:36:47;7;Галина
11.05.2016;Среда;01:06:32;0;oku
07.05.2016;Суббота;17:14:27;;Катя
05.05.2016;Четверг;05:35:47;0;oku
30.04.2016;Суббота;13:13:53;;Олег
30.04.2016;Суббота;09:51:43;280;зая
28.04.2016;Четверг;13:19:49;5;oku
28.04.2016;Четверг;09:16:42;0;Ольга
24.04.2016;Воскресенье;16:41:28;10;oku
24.04.2016;Воскресенье;14:26:31;5;oku
22.04.2016;Пятница;10:02:17;30;anutik
17.04.2016;Воскресенье;04:52:14;0;oku
16.04.2016;Суббота;10:11:07;45;Людмила
02.04.2016;Суббота;10:27:13;65;Алексей
01.04.2016;Пятница;08:15:17;30;oku
26.03.2016;Суббота;12:57:51;;Саша
26.03.2016;Суббота;11:40:08;;Антон
26.03.2016;Суббота;10:17:57;;Натка
26.03.2016;Суббота;09:51:55;300;Михаил
26.03.2016;Суббота;09:50:20;500;Ксения
20.03.2016;Воскресенье;10:13:29;20;oku
20.03.2016;Воскресенье;08:37:36;10;oku
19.03.2016;Суббота;09:53:30;180;Дарья
12.03.2016;Суббота;08:33:24;100;ry
12.03.2016;Суббота;06:35:46;45;Иван
10.03.2016;Четверг;09:46:24;40;oku
10.03.2016;Четверг;08:19:14;40;oku
07.03.2016;Понедельник;12:15:54;180;Егор
07.03.2016;Понедельник;08:32:44;150;Алена
07.03.2016;Понедельник;08:10:21;100;Роман
06.03.2016;Воскресенье;09:14:37;40;евс
05.03.2016;Суббота;16:24:31;10;Stella
05.03.2016;Суббота;08:36:16;60;redcap
03.03.2016;Четверг;16:22:33;1;oku
25.02.2016;Четверг;18:32:06;1;oku
22.02.2016;Понедельник;07:00:51;25;Вячеслав
21.02.2016;Воскресенье;10:30:47;20;aylivex
20.02.2016;Суббота;07:31:49;1;Свет
19.02.2016;Пятница;15:35:33;3;oku
11.02.2016;Четверг;21:03:36;1;oku
06.01.2016;Среда;10:31:45;20;Алекс
05.01.2016;Вторник;15:29:28;20;П
05.01.2016;Вторник;10:32:17;10;Татьяна
04.01.2016;Понедельник;13:05:54;10;Света
04.01.2016;Понедельник;12:13:31;300;Пук
04.01.2016;Понедельник;09:01:06;30;Мистер Алекс
03.01.2016;Воскресенье;13:42:51;60;V
03.01.2016;Воскресенье;11:23:37;6;елена
02.01.2016;Суббота;16:37:04;270;Jullyus
02.01.2016;Суббота;16:04:18;180;Jullyus
02.01.2016;Суббота;16:04:18;180;Jullyus
02.01.2016;Суббота;15:20:11;;Анна
02.01.2016;Суббота;14:44:51;220;андрей
02.01.2016;Суббота;14:40:15;180;Jullyus
02.01.2016;Суббота;14:02:37;500;Елена
02.01.2016;Суббота;13:38:15;200;Никита
02.01.2016;Суббота;13:09:20;200;Ольга
02.01.2016;Суббота;13:06:27;300;Ольга
02.01.2016;Суббота;12:40:17;200;Данил
02.01.2016;Суббота;11:54:25;400;Саня
02.01.2016;Суббота;11:49:21;400;gr36nik
02.01.2016;Суббота;11:24:24;200;Елена
02.01.2016;Суббота;11:03:24;150;Ksu
02.01.2016;Суббота;11:03:19;150;Евгений
02.01.2016;Суббота;10:55:26;150;Ксения
02.01.2016;Суббота;10:49:51;100;Макс
02.01.2016;Суббота;10:29:42;17;Я
02.01.2016;Суббота;10:25:35;200;Ксения
02.01.2016;Суббота;10:03:42;;Дима
02.01.2016;Суббота;10:03:07;;Дима
02.01.2016;Суббота;09:55:46;160;Ксения
20.12.2015;Воскресенье;20:58:22;6;oku
20.12.2015;Воскресенье;19:57:23;2;oku
19.12.2015;Суббота;12:04:52;130;Светик
19.12.2015;Суббота;08:26:36;150;Marlrly
19.12.2015;Суббота;08:24:07;145;ИК
13.12.2015;Воскресенье;07:17:26;5;oku
13.12.2015;Воскресенье;05:56:51;1;oku
12.12.2015;Суббота;09:29:07;50;Александр
03.12.2015;Четверг;22:32:30;1;oku
03.12.2015;Четверг;21:41:25;3;oku
30.11.2015;Понедельник;08:40:27;5;oku
30.11.2015;Понедельник;07:29:16;15;oku
28.11.2015;Суббота;09:25:22;15;Vladimir
22.11.2015;Воскресенье;13:16:54;10;oku
22.11.2015;Воскресенье;11:05:31;6;oku
19.11.2015;Четверг;19:48:37;4;oku
19.11.2015;Четверг;19:44:16;4;oku
14.11.2015;Суббота;09:00:33;70;Роман
10.11.2015;Вторник;19:42:10;0;oku
09.11.2015;Понедельник;20:40:02;0;Алексей
08.11.2015;Воскресенье;12:15:20;150;Макс
06.11.2015;Пятница;15:35:12;0;Олег
04.11.2015;Среда;10:59:38;;макс
04.11.2015;Среда;06:03:23;450;Василий
04.11.2015;Среда;06:03:23;450;Василий
03.11.2015;Вторник;17:02:59;10;oku
03.11.2015;Вторник;14:48:11;2;oku
02.11.2015;Понедельник;11:32:20;100;Сергей
30.10.2015;Пятница;13:04:03;10;oku
30.10.2015;Пятница;10:46:48;10;oku
25.10.2015;Воскресенье;16:28:10;5;oku
25.10.2015;Воскресенье;15:02:40;3;oku
17.10.2015;Суббота;13:23:02;500;Игорь
17.10.2015;Суббота;13:16:40;540;Тимур
17.10.2015;Суббота;13:08:42;;Иван
17.10.2015;Суббота;11:53:52;;Евген
17.10.2015;Суббота;11:52:48;;Евген
17.10.2015;Суббота;11:49:36;;Евген
17.10.2015;Суббота;11:46:39;;Евген
15.10.2015;Четверг;21:55:45;5;oku
15.10.2015;Четверг;19:40:46;4;oku
15.10.2015;Четверг;09:05:48;350;Сруль
06.10.2015;Вторник;20:48:52;3;oku
06.10.2015;Вторник;19:36:29;0;oku
29.09.2015;Вторник;20:48:33;1;oku
29.09.2015;Вторник;18:58:27;3;oku
28.09.2015;Понедельник;04:56:40;0;oku
23.09.2015;Среда;11:10:32;80;Татьяна
22.09.2015;Вторник;18:31:10;4;oku
22.09.2015;Вторник;17:33:54;1;oku
17.09.2015;Четверг;10:07:20;;Олег
11.09.2015;Пятница;10:54:20;20;Полина
06.09.2015;Воскресенье;10:21:54;5;oku
06.09.2015;Воскресенье;08:48:31;6;oku
30.08.2015;Воскресенье;13:48:44;10;Анастасия
23.08.2015;Воскресенье;20:18:01;2;oku
23.08.2015;Воскресенье;18:15:02;2;oku
22.08.2015;Суббота;14:51:34;2;мистер
22.08.2015;Суббота;13:25:58;100;Ген
22.08.2015;Суббота;10:26:47;80;Екатерина
22.08.2015;Суббота;06:26:34;1;Патгиот Госсии
22.08.2015;Суббота;01:35:16;0;oku
17.08.2015;Понедельник;15:51:11;20;турист
16.08.2015;Воскресенье;17:05:32;10;oku
08.08.2015;Суббота;12:11:17;200;Путешественник
08.08.2015;Суббота;11:29:36;60;Панда
07.08.2015;Пятница;02:28:22;3;oku
06.08.2015;Четверг;11:11:12;12;Сергей
06.08.2015;Четверг;11:09:36;8;Сергей
02.08.2015;Воскресенье;12:26:54;32;Fenix
29.07.2015;Среда;19:02:58;1;oku
26.07.2015;Воскресенье;11:29:45;20;oku
26.07.2015;Воскресенье;10:08:52;10;olu
25.07.2015;Суббота;13:38:04;;Юля
25.07.2015;Суббота;11:03:28;100;Olga
25.07.2015;Суббота;10:06:24;40;aylivex
18.06.2015;Четверг;05:48:14;3;oku
18.06.2015;Четверг;04:58:08;0;oku
15.06.2015;Понедельник;18:32:56;3;oku
14.06.2015;Воскресенье;09:34:03;10;oku
12.06.2015;Пятница;21:41:48;2;Majak
12.06.2015;Пятница;20:57:17;0;Majak
12.06.2015;Пятница;16:23:17;500;алекс
12.06.2015;Пятница;15:17:36;360;Mavr
12.06.2015;Пятница;13:46:26;;Тойота 777
12.06.2015;Пятница;13:30:37;900;Юра
12.06.2015;Пятница;12:59:41;1000;Бу
12.06.2015;Пятница;12:49:16;540;Яна
12.06.2015;Пятница;12:03:55;450;Сруль
12.06.2015;Пятница;11:56:35;330;Я
12.06.2015;Пятница;02:25:57;0;Majak
12.06.2015;Пятница;01:40:07;4;Majak
12.06.2015;Пятница;00:32:19;20;Majak
12.06.2015;Пятница;00:03:04;10;Majak
11.06.2015;Четверг;23:35:48;3;Majak
11.06.2015;Четверг;23:09:42;11;Majak
11.06.2015;Четверг;22:48:02;26;Majak
11.06.2015;Четверг;21:23:01;40;Majak
11.06.2015;Четверг;10:57:16;;Антон
11.06.2015;Четверг;10:27:35;130;дед на бентли
11.06.2015;Четверг;09:56:59;50;Алексей
10.06.2015;Среда;10:34:53;55;Majak
10.06.2015;Среда;09:58:16;50;Ksu
10.06.2015;Среда;09:50:48;40;Majak
09.06.2015;Вторник;13:18:20;0;www.LL78.ru
04.06.2015;Четверг;12:20:44;10;Majak
04.06.2015;Четверг;11:15:27;25;Majak
30.05.2015;Суббота;11:53:34;120;Никита
27.05.2015;Среда;03:57:11;4;www.LL78.ru
11.05.2015;Понедельник;09:30:07;64;ManjaPerfect
10.05.2015;Воскресенье;18:08:45;1;Jarno
10.05.2015;Воскресенье;11:07:01;55;Дарья
09.05.2015;Суббота;21:19:08;3;oku
07.05.2015;Четверг;18:30:44;2;Анна
06.05.2015;Среда;10:04:06;60;Игорь
04.05.2015;Понедельник;10:22:02;300;Владко
04.05.2015;Понедельник;00:27:19;0;oku
03.05.2015;Воскресенье;07:10:49;400;Товагищ Сгулевич
02.05.2015;Суббота;12:47:17;350;Патгиот Госсии
02.05.2015;Суббота;10:22:57;70;Юрий
01.05.2015;Пятница;16:25:37;200;Каримовы
01.05.2015;Пятница;16:25:21;200;Каримовы
01.05.2015;Пятница;15:48:13;300;Алекс
01.05.2015;Пятница;12:03:30;;спб
01.05.2015;Пятница;11:18:34;100;Ksk
26.04.2015;Воскресенье;21:51:11;1;oku
26.04.2015;Воскресенье;20:49:12;5;oku
18.04.2015;Суббота;13:22:15;380;Фин
18.04.2015;Суббота;13:08:13;25;Олег
18.04.2015;Суббота;12:33:26;300;Мишка Ушастик
14.04.2015;Вторник;21:01:40;0;oku
11.04.2015;Суббота;12:38:38;200;Георгий
11.04.2015;Суббота;11:27:09;200;Виктор
08.04.2015;Среда;10:51:35;250;дмитрий
06.04.2015;Понедельник;16:58:50;1;Jarno
28.03.2015;Суббота;10:55:15;340;ManjaPerfect
28.03.2015;Суббота;10:11:32;250;Олег
28.03.2015;Суббота;09:49:35;84;Олег
22.03.2015;Воскресенье;16:44:08;1;Jarno
21.03.2015;Суббота;12:39:56;;Максим
21.03.2015;Суббота;12:07:29;500;иван
21.03.2015;Суббота;10:44:23;540;Вероника
14.03.2015;Суббота;11:54:15;500;romandc
14.03.2015;Суббота;10:48:56;;Денис
14.03.2015;Суббота;09:37:53;;Влад
14.03.2015;Суббота;09:29:47;300;Александр
14.03.2015;Суббота;08:38:36;100;Маргарита
09.03.2015;Понедельник;06:32:34;2;julika
09.03.2015;Понедельник;06:32:30;2;julika
01.03.2015;Воскресенье;10:56:36;10;Дина
21.02.2015;Суббота;12:01:39;100;Алекс
21.02.2015;Суббота;11:09:47;180;Alex
14.02.2015;Суббота;13:22:27;10;Jerry
01.02.2015;Воскресенье;16:27:50;1;Jarno
24.01.2015;Суббота;08:27:29;280;Петр
08.01.2015;Четверг;07:04:43;5;Василий
06.01.2015;Вторник;15:01:33;1;Jarno
04.01.2015;Воскресенье;12:02:36;9;евгений
02.01.2015;Пятница;14:17:44;1;михаил
02.01.2015;Пятница;13:00:55;50;Алекс
02.01.2015;Пятница;12:17:44;150;Марина
02.01.2015;Пятница;11:31:32;50;Елена
02.01.2015;Пятница;06:07:55;3;юрий
30.12.2014;Вторник;13:23:58;25;MADDOCTOR
28.12.2014;Воскресенье;14:45:37;1;Jarno
28.12.2014;Воскресенье;05:02:59;8;Andrey
28.12.2014;Воскресенье;05:02:26;8;Andrey
27.12.2014;Суббота;11:47:28;1;alph
13.12.2014;Суббота;18:11:30;1;oku
08.12.2014;Понедельник;20:24:16;0;oku
06.12.2014;Суббота;10:16:28;40;Яна
03.12.2014;Среда;10:38:45;30;Андрей
02.12.2014;Вторник;15:23:45;0;Олег
30.11.2014;Воскресенье;09:00:14;14;archie
29.11.2014;Суббота;11:43:11;0;р332сс
29.11.2014;Суббота;10:59:36;;kulish
29.11.2014;Суббота;08:38:10;;Кирилл
29.11.2014;Суббота;08:05:04;150;Карим
26.11.2014;Среда;07:50:52;;Олег
22.11.2014;Суббота;07:40:59;20;Ipilgrim
19.11.2014;Среда;09:05:00;150;Роман
15.11.2014;Суббота;07:51:31;70;Денис
14.11.2014;Пятница;09:52:43;12;Вера
12.11.2014;Среда;05:30:44;4;Татьяна
11.11.2014;Вторник;13:29:42;;Олег
11.11.2014;Вторник;07:14:54;20;Афанасий
09.11.2014;Воскресенье;08:17:54;10;Xena
02.11.2014;Воскресенье;16:43:50;6;Вячеслав
02.11.2014;Воскресенье;15:03:10;100;555Ярослав
02.11.2014;Воскресенье;14:14:28;;Алексей
02.11.2014;Воскресенье;14:07:48;150;Сергей
02.11.2014;Воскресенье;09:27:26;150;КАт
01.11.2014;Суббота;13:09:16;140;Антон
01.11.2014;Суббота;10:42:30;;Julia
01.11.2014;Суббота;04:28:12;20;90volt
01.11.2014;Суббота;04:20:34;12;90volt
29.10.2014;Среда;07:19:26;40;алекс
26.10.2014;Воскресенье;15:07:29;2;Jarno
25.10.2014;Суббота;12:04:29;;вова
25.10.2014;Суббота;10:13:29;84;фокус
24.10.2014;Пятница;12:47:33;20;oku
24.10.2014;Пятница;11:29:00;30;oku
23.10.2014;Четверг;11:27:45;;вова
23.10.2014;Четверг;09:47:54;;Алексей
18.10.2014;Суббота;12:07:23;;Фёдор
18.10.2014;Суббота;10:58:09;;Светик
18.10.2014;Суббота;09:10:06;200;Андрей
17.10.2014;Пятница;16:36:09;110;Леонидас
16.10.2014;Четверг;17:45:57;15;oku
15.10.2014;Среда;07:10:57;100;Михаил
12.10.2014;Воскресенье;10:42:15;50;Nm
11.10.2014;Суббота;10:48:42;;дима
09.10.2014;Четверг;09:53:53;500;Mihrutka
09.10.2014;Четверг;09:51:24;500;Mihrutka
06.10.2014;Понедельник;16:27:12;10;турист
04.10.2014;Суббота;16:19:28;33;Роман
04.10.2014;Суббота;16:13:29;67;Абрам
03.10.2014;Пятница;14:02:12;50;Олег
29.09.2014;Понедельник;10:13:27;30;den
28.09.2014;Воскресенье;19:21:14;1;Jarno
27.09.2014;Суббота;17:21:51;3;Ильич
27.09.2014;Суббота;10:46:24;270;Дядя Витя
27.09.2014;Суббота;10:42:49;500;Денис
27.09.2014;Суббота;10:11:02;50;Лилия
26.09.2014;Пятница;16:45:09;7;София
17.09.2014;Среда;06:40:33;50;deno
15.09.2014;Понедельник;10:29:04;100;александр
14.09.2014;Воскресенье;10:21:11;86;Надежда
13.09.2014;Суббота;08:05:57;200;Аленка
10.09.2014;Среда;10:42:53;40;Алексей
10.09.2014;Среда;07:33:01;60;Алексей
07.09.2014;Воскресенье;14:08:45;0;Олег
06.09.2014;Суббота;07:43:14;100;Яс
31.08.2014;Воскресенье;05:35:00;3;апб
30.08.2014;Суббота;20:21:20;3;Ирина
30.08.2014;Суббота;14:11:20;150;Надежда
30.08.2014;Суббота;13:49:01;400;Алек
30.08.2014;Суббота;12:58:51;;Вадян
29.08.2014;Пятница;09:15:32;100;Виталий
26.08.2014;Вторник;19:01:10;0;oku
26.08.2014;Вторник;17:23:37;0;oku
23.08.2014;Суббота;13:52:53;360;Vlad
23.08.2014;Суббота;13:09:53;360;Дмитрий
23.08.2014;Суббота;12:19:19;300;Дмирий
23.08.2014;Суббота;11:29:16;;Юлия
23.08.2014;Суббота;10:24:08;300;Юлия
20.08.2014;Среда;12:12:40;80;Evgeniy
17.08.2014;Воскресенье;14:00:28;65;Олег
16.08.2014;Суббота;15:07:20;200;тойота 275
16.08.2014;Суббота;13:59:36;130;Сергей
16.08.2014;Суббота;13:21:08;100;Дима
16.08.2014;Суббота;12:30:55;100;Lu
15.08.2014;Пятница;09:42:15;;Олег
15.08.2014;Пятница;08:34:42;50;Hogfather
14.08.2014;Четверг;10:38:41;84;Sun
14.08.2014;Четверг;10:21:08;180;Каринка
14.08.2014;Четверг;08:18:25;250;Олег
13.08.2014;Среда;17:48:21;40;Andy
10.08.2014;Воскресенье;09:20:43;;Зевс
09.08.2014;Суббота;11:47:00;170;IG
09.08.2014;Суббота;10:09:06;;Яна
09.08.2014;Суббота;10:09:04;;Яна
09.08.2014;Суббота;09:08:57;350;антон
09.08.2014;Суббота;08:58:09;210;антон
09.08.2014;Суббота;08:56:42;;антон
08.08.2014;Пятница;13:29:48;;Олег
02.08.2014;Суббота;12:32:43;5;lipka
02.08.2014;Суббота;11:11:21;300;Жека
29.07.2014;Вторник;17:12:37;70;Александр
26.07.2014;Суббота;16:43:10;20;oku
26.07.2014;Суббота;15:27:09;15;oku
26.07.2014;Суббота;10:09:35;590;тигуан
26.07.2014;Суббота;09:15:43;;Евгения
23.07.2014;Среда;08:47:26;100;КАТ
21.07.2014;Понедельник;16:42:14;4;Ольга
20.07.2014;Воскресенье;20:15:45;1;Jarno
19.07.2014;Суббота;11:55:17;70;Жора
19.07.2014;Суббота;10:01:56;110;марлон
15.07.2014;Вторник;11:15:26;;Олег
13.07.2014;Воскресенье;09:03:33;;Олег
12.07.2014;Суббота;12:35:54;50;птица на шкоде
12.07.2014;Суббота;12:35:39;50;птица на шкоде
12.07.2014;Суббота;12:07:11;100;Ленок
12.07.2014;Суббота;11:31:20;;Слава
12.07.2014;Суббота;11:06:16;90;Артем
11.07.2014;Пятница;07:45:26;20;Ipilgrim
07.07.2014;Понедельник;04:00:58;2;Jarno
06.07.2014;Воскресенье;11:46:28;3;Васек
05.07.2014;Суббота;10:17:43;270;Бу
05.07.2014;Суббота;09:05:35;;татьяна
05.07.2014;Суббота;08:30:39;;татьяна
03.07.2014;Четверг;21:22:34;;oku
03.07.2014;Четверг;21:15:31;15;oku
01.07.2014;Вторник;12:07:13;;алекс
01.07.2014;Вторник;10:47:09;200;Pilot
01.07.2014;Вторник;10:41:48;34;Pilot
30.06.2014;Понедельник;20:02:34;2;oku
30.06.2014;Понедельник;18:49:52;3;oku
28.06.2014;Суббота;14:14:45;;АлексейАК
28.06.2014;Суббота;12:37:44;;Аня
28.06.2014;Суббота;12:06:01;;АлексейАК
28.06.2014;Суббота;11:57:19;;АлексейАК
28.06.2014;Суббота;11:54:46;;АлексейАК
28.06.2014;Суббота;11:44:15;;Андрей
28.06.2014;Суббота;11:35:35;;АлексейАК
28.06.2014;Суббота;11:29:11;;АлексейАК
28.06.2014;Суббота;11:23:14;;АлексейАК
28.06.2014;Суббота;11:13:29;490;АлексейАК
28.06.2014;Суббота;10:45:04;;Ирина
27.06.2014;Пятница;17:37:42;100;Петр
25.06.2014;Среда;15:02:45;80;Ольга
25.06.2014;Среда;11:20:33;250;петька
25.06.2014;Среда;10:23:23;200;Светлана
24.06.2014;Вторник;19:46:11;0;oku
24.06.2014;Вторник;11:57:57;10;водитель
24.06.2014;Вторник;11:57:52;10;водитель
21.06.2014;Суббота;21:13:17;3;Jarno
21.06.2014;Суббота;09:36:10;150;Сергей
21.06.2014;Суббота;07:16:37;80;Андрей
19.06.2014;Четверг;19:56:07;1;oku
19.06.2014;Четверг;15:26:35;70;Андрей
17.06.2014;Вторник;12:55:41;100;Bird
16.06.2014;Понедельник;11:43:02;30;Олег
16.06.2014;Понедельник;06:47:54;;Олег
15.06.2014;Воскресенье;21:34:32;1;Jarno
14.06.2014;Суббота;13:28:01;180;КАТь
14.06.2014;Суббота;12:15:40;;Лена
14.06.2014;Суббота;12:10:07;50;Sasha
14.06.2014;Суббота;11:51:39;300;Александра
14.06.2014;Суббота;09:00:16;150;Михаил
13.06.2014;Пятница;16:18:27;100;Максим
13.06.2014;Пятница;12:17:51;;Екатерина
13.06.2014;Пятница;12:08:20;67;ира
13.06.2014;Пятница;09:54:48;350;Кошечка
12.06.2014;Четверг;12:59:18;84;Сергей
12.06.2014;Четверг;12:14:29;;Михаил
12.06.2014;Четверг;11:03:25;900;Владимир
12.06.2014;Четверг;10:23:19;900;Наталья
12.06.2014;Четверг;10:00:52;;Светлана
12.06.2014;Четверг;09:43:08;540;Ольга
12.06.2014;Четверг;09:36:54;350;Олег на сеате
12.06.2014;Четверг;09:26:32;300;Александр
12.06.2014;Четверг;09:23:10;600;Олег
12.06.2014;Четверг;09:01:51;;Сергей
12.06.2014;Четверг;08:36:51;580;ManjaPerfect
12.06.2014;Четверг;07:23:30;250;Александра
12.06.2014;Четверг;05:11:11;20;россиянка
12.06.2014;Четверг;05:09:18;20;россиянка
11.06.2014;Среда;21:43:11;100;Елена
11.06.2014;Среда;20:54:08;50;Елена
11.06.2014;Среда;11:08:27;;Маи
11.06.2014;Среда;11:08:26;;Маи
11.06.2014;Среда;09:23:32;200;Алексей
11.06.2014;Среда;09:21:20;250;Татьяна
11.06.2014;Среда;08:41:20;;Larisa
11.06.2014;Среда;06:49:50;40;Артем
10.06.2014;Вторник;10:31:26;;Олег
09.06.2014;Понедельник;04:13:45;2;Jarno
07.06.2014;Суббота;11:02:30;35;надя
04.06.2014;Среда;06:21:13;150;Анна
31.05.2014;Суббота;08:43:41;80;Елена
30.05.2014;Пятница;20:20:58;5;Jerry
30.05.2014;Пятница;07:17:13;;Олег
27.05.2014;Вторник;08:24:46;;Олег
27.05.2014;Вторник;07:27:47;;Олег
26.05.2014;Понедельник;18:56:52;15;Oku
26.05.2014;Понедельник;18:56:52;15;Oku
24.05.2014;Суббота;11:22:19;300;Дина
24.05.2014;Суббота;10:58:38;130;Finn
24.05.2014;Суббота;10:14:28;100;наташка
24.05.2014;Суббота;10:00:25;40;Re@no
24.05.2014;Суббота;09:36:51;150;Micle
19.05.2014;Понедельник;09:23:05;35;Евгений
17.05.2014;Суббота;09:35:03;320;Антон
17.05.2014;Суббота;09:33:03;;Антон
17.05.2014;Суббота;08:53:37;330;Tourwheels
16.05.2014;Пятница;08:42:06;100;Алексей
15.05.2014;Четверг;09:36:34;50;Дмитрий
11.05.2014;Воскресенье;09:15:10;0;один
11.05.2014;Воскресенье;06:36:05;300;Федор
10.05.2014;Суббота;13:06:54;250;Михаил
10.05.2014;Суббота;11:41:41;250;Василий
10.05.2014;Суббота;10:39:01;200;регина
10.05.2014;Суббота;09:16:15;200;Мария
10.05.2014;Суббота;09:14:26;200;Галина
10.05.2014;Суббота;09:06:17;200;Елена
10.05.2014;Суббота;08:15:29;130;Екатерина
10.05.2014;Суббота;08:13:25;;Екатерина
09.05.2014;Пятница;11:30:28;200;Мрмр
09.05.2014;Пятница;11:28:15;42;Дарья
09.05.2014;Пятница;07:50:57;;влад
08.05.2014;Четверг;18:45:15;45;Дмитрий
08.05.2014;Четверг;18:03:46;25;Альберт
07.05.2014;Среда;15:18:05;15;Генн
06.05.2014;Вторник;13:01:00;50;Виктор
05.05.2014;Понедельник;13:38:53;5;Даниэль
04.05.2014;Воскресенье;19:20:50;2;Jarno
04.05.2014;Воскресенье;13:20:45;5;oku
04.05.2014;Воскресенье;13:16:03;5;oku
04.05.2014;Воскресенье;12:12:33;2;oku
03.05.2014;Суббота;05:49:09;100;Ирина
02.05.2014;Пятница;12:01:45;150;Андрей
02.05.2014;Пятница;11:09:05;360;Арина
02.05.2014;Пятница;11:08:58;360;Ирина
02.05.2014;Пятница;10:27:56;360;Дмитрий
02.05.2014;Пятница;10:26:50;100;Максимка
02.05.2014;Пятница;10:09:52;150;Алексей
02.05.2014;Пятница;10:01:44;150;Fill
30.04.2014;Среда;12:25:04;;Наталия
29.04.2014;Вторник;13:39:30;;Олег
25.04.2014;Пятница;08:44:03;20;злой
24.04.2014;Четверг;09:51:09;;Олег
24.04.2014;Четверг;08:55:44;100;Олег
24.04.2014;Четверг;07:45:28;;Олег
23.04.2014;Среда;08:43:30;150;Zzzz
22.04.2014;Вторник;10:42:06;200;Эд
19.04.2014;Суббота;09:03:13;250;Ира
14.04.2014;Понедельник;05:07:20;3;Jarno
13.04.2014;Воскресенье;08:26:54;;Зевс
12.04.2014;Суббота;10:25:13;310;Панда
12.04.2014;Суббота;09:30:43;100;хочу скорее
11.04.2014;Пятница;07:24:05;1;Юрий
08.04.2014;Вторник;08:56:03;30;я
06.04.2014;Воскресенье;10:04:18;70;КАТ
05.04.2014;Суббота;09:51:41;;Олег
03.04.2014;Четверг;17:09:50;0;oku
28.03.2014;Пятница;08:31:32;35;Антон
26.03.2014;Среда;11:59:07;400;турист
26.03.2014;Среда;10:55:33;80;Roman
26.03.2014;Среда;10:34:39;120;Гарик
26.03.2014;Среда;07:28:08;;Олег
25.03.2014;Вторник;12:26:07;15;Виктор
24.03.2014;Понедельник;04:20:18;2;Jarno
22.03.2014;Суббота;07:39:06;;Олег
22.03.2014;Суббота;06:16:10;10;Максим
22.03.2014;Суббота;06:15:52;10;Максим
20.03.2014;Четверг;13:08:20;40;vovva
16.03.2014;Воскресенье;09:42:56;15;татьяна
15.03.2014;Суббота;11:35:48;60;Марина
15.03.2014;Суббота;09:56:29;200;Артём
08.03.2014;Суббота;12:09:35;20;Панда
08.03.2014;Суббота;09:41:58;40;Павел
03.03.2014;Понедельник;22:22:20;2;Oku
03.03.2014;Понедельник;09:24:00;10;Олег
03.03.2014;Понедельник;03:43:11;1;Jarno
28.02.2014;Пятница;16:30:09;120;Андрей
22.02.2014;Суббота;10:09:35;;Игорь
21.02.2014;Пятница;10:30:45;10;Дмитрий
17.02.2014;Понедельник;03:59:55;1;Jarno
15.02.2014;Суббота;11:35:26;200;Дмитрий
15.02.2014;Суббота;10:21:20;;Дмитрий
15.02.2014;Суббота;08:03:42;200;Старекс
15.02.2014;Суббота;07:46:51;80;форд
15.02.2014;Суббота;07:20:24;;quinzy
14.02.2014;Пятница;22:58:18;35;гарик
14.02.2014;Пятница;15:14:37;35;гарик
08.02.2014;Суббота;18:46:45;2;Jerry
08.02.2014;Суббота;10:00:41;230;Тигуан
08.02.2014;Суббота;09:56:39;;Ник
08.02.2014;Суббота;09:05:53;;Ник
02.02.2014;Воскресенье;17:40:34;1;олегас
25.01.2014;Суббота;10:49:06;100;Михаил
25.01.2014;Суббота;09:14:11;40;Инга
25.01.2014;Суббота;06:07:17;60;Андрей
24.01.2014;Пятница;13:50:29;30;Oku
22.01.2014;Среда;09:56:20;70;Юрий
20.01.2014;Понедельник;10:00:46;8;Ирина
18.01.2014;Суббота;12:49:18;6;Promedol
18.01.2014;Суббота;06:43:49;35;Алекс
11.01.2014;Суббота;07:52:50;30;вика
11.01.2014;Суббота;06:19:13;;Ирина
08.01.2014;Среда;08:14:20;5;марио
07.01.2014;Вторник;16:53:23;3;Евгения
07.01.2014;Вторник;07:24:00;35;Марина
06.01.2014;Понедельник;20:44:28;3;Jarno
06.01.2014;Понедельник;08:45:48;20;рита
04.01.2014;Суббота;17:10:03;;Игорь
04.01.2014;Суббота;12:00:45;;Игорь
04.01.2014;Суббота;07:08:38;10;Кузя
03.01.2014;Пятница;16:03:29;270;серый
03.01.2014;Пятница;15:32:28;300;Олег
03.01.2014;Пятница;13:52:28;300;алекс
03.01.2014;Пятница;12:04:04;;кейт
03.01.2014;Пятница;11:54:16;180;Андрей
03.01.2014;Пятница;07:27:48;84;Бмв
03.01.2014;Пятница;00:36:50;30;Mikе
02.01.2014;Четверг;15:23:35;180;Викинг
02.01.2014;Четверг;13:37:48;270;вольва
02.01.2014;Четверг;13:25:19;;Пафик
02.01.2014;Четверг;13:04:41;540;Турист
02.01.2014;Четверг;12:15:54;;Алексей
02.01.2014;Четверг;12:07:19;;Дари
02.01.2014;Четверг;12:03:19;;transferone.ru
02.01.2014;Четверг;12:03:15;;transferone.ru
02.01.2014;Четверг;11:55:07;600;Нек
02.01.2014;Четверг;11:40:52;;аан
02.01.2014;Четверг;11:35:12;;transferone
02.01.2014;Четверг;11:24:04;;Любаня
02.01.2014;Четверг;10:49:14;500;Антон
02.01.2014;Четверг;10:31:41;540;Катя
02.01.2014;Четверг;08:47:38;;Артеи
02.01.2014;Четверг;08:09:01;;Кирилл
02.01.2014;Четверг;06:47:04;100;Вика
02.01.2014;Четверг;06:21:28;20;Стас
01.01.2014;Среда;23:55:36;3;Ирка
01.01.2014;Среда;08:04:10;10;Тема
30.12.2013;Понедельник;19:48:54;8;oku
30.12.2013;Понедельник;18:41:33;5;oku
30.12.2013;Понедельник;08:40:30;;Александр
29.12.2013;Воскресенье;07:12:29;6;Александр
27.12.2013;Пятница;05:08:54;20;Виктор
26.12.2013;Четверг;16:37:59;20;Toptjzka
23.12.2013;Понедельник;21:30:03;3;Jarno
23.12.2013;Понедельник;08:56:57;110;Karina
22.12.2013;Воскресенье;06:50:24;10;Александр
22.12.2013;Воскресенье;05:04:50;10;Галина
20.12.2013;Пятница;13:33:34;20;Олег
20.12.2013;Пятница;00:08:55;3;oku
19.12.2013;Четверг;22:53:44;1;oku
18.12.2013;Среда;14:52:43;50;LeoLi
16.12.2013;Понедельник;10:47:27;140;Наталья
16.12.2013;Понедельник;10:28:51;150;Виктория
16.12.2013;Понедельник;07:56:04;100;Алексей
16.12.2013;Понедельник;07:48:24;400;Андрей
16.12.2013;Понедельник;07:32:41;200;Alex
14.12.2013;Суббота;10:15:46;35;Olga
12.12.2013;Четверг;10:37:47;180;Денис
12.12.2013;Четверг;10:32:21;200;Валя
12.12.2013;Четверг;09:44:40;270;Андрей
11.12.2013;Среда;11:09:31;180;торнео
11.12.2013;Среда;11:08:34;120;дедмороз
11.12.2013;Среда;11:07:42;120;дедмороз
11.12.2013;Среда;11:02:12;42;дедмороз
11.12.2013;Среда;09:06:40;84;Oleg
09.12.2013;Понедельник;03:48:59;3;Jarno
07.12.2013;Суббота;11:30:24;100;Алексей
07.12.2013;Суббота;10:19:33;;Сергей
07.12.2013;Суббота;08:37:55;;Николай
07.12.2013;Суббота;08:20:48;500;romandc
05.12.2013;Четверг;09:53:39;150;Андрей
04.12.2013;Среда;11:12:37;100;Леонид
04.12.2013;Среда;08:57:04;70;Виктор
29.11.2013;Пятница;19:19:16;150;Юлия
28.11.2013;Четверг;09:56:24;150;Юлия
25.11.2013;Понедельник;03:45:37;2;Jarno
23.11.2013;Суббота;11:56:28;150;наталья
23.11.2013;Суббота;10:34:10;;ирина
23.11.2013;Суббота;10:17:51;270;Артур
23.11.2013;Суббота;05:16:42;84;515
23.11.2013;Суббота;04:43:28;10;Оксана
22.11.2013;Пятница;07:51:32;100;Вячеслав
16.11.2013;Суббота;10:14:02;350;aec
16.11.2013;Суббота;10:07:59;;Евгений
15.11.2013;Пятница;15:35:25;80;oku
15.11.2013;Пятница;15:18:31;80;oku
15.11.2013;Пятница;11:00:40;60;нэна
14.11.2013;Четверг;11:02:11;200;Z
14.11.2013;Четверг;10:32:17;;Маруся
14.11.2013;Четверг;09:51:50;300;Константин
14.11.2013;Четверг;09:50:10;540;Алексеевна
14.11.2013;Четверг;09:13:19;;Маруся
13.11.2013;Среда;08:08:24;67;Роман
13.11.2013;Среда;07:48:34;;Dmitrii
09.11.2013;Суббота;13:31:25;30;Sergius196
07.11.2013;Четверг;14:35:42;10;Юлия
07.11.2013;Четверг;10:52:15;;ангелина
07.11.2013;Четверг;09:26:21;110;Хосе Игнасио
07.11.2013;Четверг;09:10:35;;Виктор
06.11.2013;Среда;12:55:19;150;Мария
06.11.2013;Среда;11:19:22;;Виталий
06.11.2013;Среда;10:39:18;;николай
06.11.2013;Среда;10:26:31;;Лиза
06.11.2013;Среда;09:00:56;200;Светлана
03.11.2013;Воскресенье;14:36:42;70;olikk
03.11.2013;Воскресенье;12:50:47;100;Olelykoe
03.11.2013;Воскресенье;12:33:14;;Дмитрий
03.11.2013;Воскресенье;11:58:04;150;Герман
03.11.2013;Воскресенье;03:40:59;5;Кики
02.11.2013;Суббота;14:59:00;300;ирина
02.11.2013;Суббота;13:47:20;50;Надечка
02.11.2013;Суббота;13:23:34;;Катюша
02.11.2013;Суббота;12:44:30;;Евгения
02.11.2013;Суббота;12:20:38;;Надечка
02.11.2013;Суббота;12:13:02;100;Надя
02.11.2013;Суббота;12:01:09;;Ольга
02.11.2013;Суббота;11:58:50;270;Светик
02.11.2013;Суббота;11:42:01;;Михаил
02.11.2013;Суббота;11:39:19;;Елена
02.11.2013;Суббота;11:26:56;330;Андрей
02.11.2013;Суббота;11:11:53;;Людмила
02.11.2013;Суббота;11:00:31;100;дима
02.11.2013;Суббота;10:45:22;250;Антон
02.11.2013;Суббота;10:41:06;;Сергей
02.11.2013;Суббота;10:19:10;;Александр
02.11.2013;Суббота;10:18:55;;Ольга
02.11.2013;Суббота;09:24:06;80;Феникс
02.11.2013;Суббота;08:50:06;80;Игорь
02.11.2013;Суббота;08:47:21;80;борис
02.11.2013;Суббота;06:04:59;20;Алекс
01.11.2013;Пятница;08:39:53;180;Петр
30.10.2013;Среда;08:22:53;3;ВЕ
29.10.2013;Вторник;10:13:31;80;стас
29.10.2013;Вторник;09:06:42;100;dimsft
28.10.2013;Понедельник;03:18:46;1;Jarno
27.10.2013;Воскресенье;07:16:38;100;Алекс
26.10.2013;Суббота;12:39:03;;Партизан
26.10.2013;Суббота;11:25:47;;мм
25.10.2013;Пятница;00:28:58;5;oku
24.10.2013;Четверг;23:30:50;2;oku
23.10.2013;Среда;15:19:04;90;Николай
23.10.2013;Среда;13:24:49;90;Николай
23.10.2013;Среда;13:18:12;80;КапитанОргазмоид
19.10.2013;Суббота;13:53:11;;пайлот
19.10.2013;Суббота;13:27:28;16;Taras
19.10.2013;Суббота;12:24:41;;пайлот
19.10.2013;Суббота;07:20:20;;Соррен
19.10.2013;Суббота;07:05:21;;Гуру
19.10.2013;Суббота;06:02:14;;Танюшка
19.10.2013;Суббота;04:10:15;;Ирина
18.10.2013;Пятница;14:35:27;30;Дмитрий
17.10.2013;Четверг;07:15:41;40;Алекс
15.10.2013;Вторник;10:38:43;12;Герман
15.10.2013;Вторник;00:41:58;1;oku
14.10.2013;Понедельник;23:55:59;2;oku
14.10.2013;Понедельник;01:38:23;1;oku
13.10.2013;Воскресенье;23:20:26;2;oku
13.10.2013;Воскресенье;08:53:36;;дени
12.10.2013;Суббота;11:49:54;;сергей
11.10.2013;Пятница;18:53:06;30;Ольга
11.10.2013;Пятница;14:33:24;20;Павел
10.10.2013;Четверг;15:42:30;42;konstantin
10.10.2013;Четверг;12:04:51;300;Максим
09.10.2013;Среда;11:35:37;50;эд
09.10.2013;Среда;11:33:33;300;карина
09.10.2013;Среда;11:01:47;300;Сергей
08.10.2013;Вторник;23:48:55;1;oku
05.10.2013;Суббота;15:47:40;84;турист
05.10.2013;Суббота;15:36:17;50;vasilisa
05.10.2013;Суббота;14:25:56;;Натали
05.10.2013;Суббота;13:34:54;540;Денис
05.10.2013;Суббота;13:04:17;;Dim
05.10.2013;Суббота;12:59:09;;Натали
05.10.2013;Суббота;11:48:49;;Александр
05.10.2013;Суббота;11:38:21;630;Егор
05.10.2013;Суббота;11:24:36;;Егор
05.10.2013;Суббота;10:57:19;540;Avenger
05.10.2013;Суббота;09:54:08;200;Лера
05.10.2013;Суббота;09:14:11;250;Лера
04.10.2013;Пятница;07:46:38;17;Ната
02.10.2013;Среда;06:07:42;30;Виктор 732
28.09.2013;Суббота;11:53:41;240;Anton
28.09.2013;Суббота;11:46:29;300;Вероника
28.09.2013;Суббота;10:57:47;250;Елена
28.09.2013;Суббота;10:50:08;270;Алекмей
23.09.2013;Понедельник;03:55:46;4;Jarno
21.09.2013;Суббота;12:23:24;500;Дмитрий
21.09.2013;Суббота;12:09:35;;Екатерина
21.09.2013;Суббота;11:00:13;450;Ирина
17.09.2013;Вторник;15:53:48;34;Vorona
16.09.2013;Понедельник;23:46:25;4;oku
15.09.2013;Воскресенье;09:51:11;47;Александр
15.09.2013;Воскресенье;09:07:29;35;Александр
14.09.2013;Суббота;11:43:28;510;Леонард
14.09.2013;Суббота;09:13:23;540;Вит
14.09.2013;Суббота;08:43:57;100;гарик
14.09.2013;Суббота;08:35:15;40;Ольга
10.09.2013;Вторник;14:26:08;1;Александр
09.09.2013;Понедельник;03:26:35;1;oku
09.09.2013;Понедельник;02:21:45;0;oku
07.09.2013;Суббота;14:40:57;8;Шкода
07.09.2013;Суббота;10:55:01;360;Ксюша
07.09.2013;Суббота;10:51:53;;Юлия
05.09.2013;Четверг;14:02:57;30;Олег
04.09.2013;Среда;09:14:34;150;Гырыга
04.09.2013;Среда;07:07:15;50;александр
01.09.2013;Воскресенье;21:09:08;1;Jarno
30.08.2013;Пятница;23:58:48;13;oku
30.08.2013;Пятница;22:33:18;8;oku
29.08.2013;Четверг;06:57:11;15;texar
29.08.2013;Четверг;06:33:58;60;Алла
29.08.2013;Четверг;06:24:16;84;мария
28.08.2013;Среда;10:25:20;360;Улыбчивый дед Макар
28.08.2013;Среда;09:59:52;360;Улыбчивый дед Макар
28.08.2013;Среда;06:07:26;60;Влад
26.08.2013;Понедельник;03:58:09;1;Jarno
25.08.2013;Воскресенье;10:24:20;200;Vlad
25.08.2013;Воскресенье;09:21:04;200;Skripal
24.08.2013;Суббота;10:37:13;270;ксюша
24.08.2013;Суббота;10:36:38;;Константин
23.08.2013;Пятница;21:20:41;25;Павел
23.08.2013;Пятница;19:40:39;24;Ольга
22.08.2013;Четверг;00:33:04;1;oku
21.08.2013;Среда;23:45:09;2;oku
19.08.2013;Понедельник;14:20:06;;ирина
19.08.2013;Понедельник;14:11:47;;ирина
19.08.2013;Понедельник;13:48:01;300;Юрик
19.08.2013;Понедельник;11:26:44;250;hellsmile
19.08.2013;Понедельник;08:29:41;50;Алексей
19.08.2013;Понедельник;05:54:35;30;КАТ
18.08.2013;Воскресенье;11:29:05;80;Станислав
17.08.2013;Суббота;13:54:52;50;Рыжая
17.08.2013;Суббота;10:27:47;300;Алексей
16.08.2013;Пятница;13:32:58;;Марго
16.08.2013;Пятница;11:42:39;100;Люлек
16.08.2013;Пятница;11:38:30;300;deadline
16.08.2013;Пятница;11:32:57;84;Марго
16.08.2013;Пятница;10:35:39;100;Антон
16.08.2013;Пятница;10:27:11;;Forester
15.08.2013;Четверг;05:11:38;15;oku
15.08.2013;Четверг;05:08:10;10;oku
15.08.2013;Четверг;04:05:01;2;oku
14.08.2013;Среда;11:54:13;;владек
14.08.2013;Среда;04:24:27;2;oku
14.08.2013;Среда;03:44:40;3;oku
13.08.2013;Вторник;10:01:27;5;ВЕ
12.08.2013;Понедельник;12:56:04;100;domovoi
10.08.2013;Суббота;13:28:32;180;Tory
10.08.2013;Суббота;11:13:35;200;Игорь
10.08.2013;Суббота;07:30:36;100;КАТ
10.08.2013;Суббота;07:21:23;170;вв
10.08.2013;Суббота;01:32:29;40;oku
10.08.2013;Суббота;01:16:05;30;oku
10.08.2013;Суббота;00:03:43;17;oku
08.08.2013;Четверг;19:04:59;10;Jarno
07.08.2013;Среда;13:09:00;70;Наталья
07.08.2013;Среда;13:08:59;70;Наталья
07.08.2013;Среда;12:19:50;100;Alex
06.08.2013;Вторник;09:06:12;50;елена
03.08.2013;Суббота;08:35:00;18;Tulli
03.08.2013;Суббота;06:17:33;7;Tulli
02.08.2013;Пятница;15:13:40;2;я
29.07.2013;Понедельник;14:23:15;4;Jarno
27.07.2013;Суббота;13:53:04;500;Андрей
27.07.2013;Суббота;13:24:41;400;Pekka
27.07.2013;Суббота;12:13:19;;Александр
27.07.2013;Суббота;11:49:13;360;Alexander
27.07.2013;Суббота;11:42:25;700;Наталья
27.07.2013;Суббота;11:25:46;270;Илья
26.07.2013;Пятница;13:31:21;125;Alexander
25.07.2013;Четверг;14:22:30;70;ДанилЫч
25.07.2013;Четверг;12:57:40;150;Максим
24.07.2013;Среда;10:45:08;500;Ааа
22.07.2013;Понедельник;08:03:26;150;станислав
21.07.2013;Воскресенье;10:42:23;100;рэпир Игорян
21.07.2013;Воскресенье;08:13:38;30;КАТ
19.07.2013;Пятница;22:30:07;10;Jarno
19.07.2013;Пятница;12:48:32;50;Олег
19.07.2013;Пятница;02:03:51;2;oku
14.07.2013;Воскресенье;11:19:34;120;Михалыч
14.07.2013;Воскресенье;08:23:45;50;КАТ
13.07.2013;Суббота;12:17:12;125;Сергей
13.07.2013;Суббота;11:23:19;;Илья
13.07.2013;Суббота;09:45:33;200;Алекс
13.07.2013;Суббота;01:06:47;10;oku
12.07.2013;Пятница;23:46:42;10;oku
12.07.2013;Пятница;13:56:02;50;Фёдор
11.07.2013;Четверг;16:10:25;3;Zzz
11.07.2013;Четверг;14:10:13;15;КапитанОргазмоид
11.07.2013;Четверг;09:42:29;270;epine
11.07.2013;Четверг;09:39:11;200;Кузя
11.07.2013;Четверг;09:21:45;180;epine
09.07.2013;Вторник;16:52:00;4;J-Bird
06.07.2013;Суббота;12:48:05;80;fodm
06.07.2013;Суббота;12:14:49;200;fodm
06.07.2013;Суббота;10:28:46;360;alex
06.07.2013;Суббота;10:28:38;360;alex
06.07.2013;Суббота;10:28:33;360;alex
06.07.2013;Суббота;10:00:02;;Антон
06.07.2013;Суббота;10:00:02;;Антон
06.07.2013;Суббота;05:19:49;300;quinzy
06.07.2013;Суббота;02:03:42;60;oku
06.07.2013;Суббота;01:11:10;40;oku
05.07.2013;Пятница;21:53:19;50;Павел
05.07.2013;Пятница;20:56:37;55;Пони
05.07.2013;Пятница;16:39:11;30;Кот
04.07.2013;Четверг;11:04:15;40;domovoi
03.07.2013;Среда;10:28:45;;Федор
02.07.2013;Вторник;13:04:27;6;Alvi
02.07.2013;Вторник;08:07:14;22;pozole
30.06.2013;Воскресенье;21:57:53;1;Jarno
30.06.2013;Воскресенье;11:04:56;100;Кирилл
30.06.2013;Воскресенье;09:13:47;100;сергей
29.06.2013;Суббота;14:18:18;80;сергей
29.06.2013;Суббота;11:10:37;290;Алексей
29.06.2013;Суббота;11:07:27;;димит
29.06.2013;Суббота;10:11:04;500;Турист
29.06.2013;Суббота;10:10:51;220;Ольга
29.06.2013;Суббота;09:45:41;84;FedorZtt
29.06.2013;Суббота;09:11:55;;Аноним
28.06.2013;Пятница;01:05:13;15;oku
25.06.2013;Вторник;08:56:47;250;наталья
25.06.2013;Вторник;08:09:47;80;Виктория
25.06.2013;Вторник;07:31:42;100;Сергей
24.06.2013;Понедельник;10:27:29;50;Ольга
23.06.2013;Воскресенье;08:23:10;30;КАТ
21.06.2013;Пятница;19:06:11;8;One-In
16.06.2013;Воскресенье;20:59:49;4;Jarno
16.06.2013;Воскресенье;08:17:18;30;КАТ
15.06.2013;Суббота;11:45:04;20;Яна
15.06.2013;Суббота;10:02:50;;Олег
14.06.2013;Пятница;20:58:49;5;Георгий
14.06.2013;Пятница;15:36:05;37;SergoPlus
14.06.2013;Пятница;14:11:32;100;Алекс
14.06.2013;Пятница;12:43:44;43;Volvoman
11.06.2013;Вторник;15:24:41;450;лиза
10.06.2013;Понедельник;09:32:50;;Forester
09.06.2013;Воскресенье;11:04:36;80;Игорь
08.06.2013;Суббота;10:44:22;5;харрисон
08.06.2013;Суббота;10:32:57;34;Василий
08.06.2013;Суббота;09:49:00;270;Тарас
08.06.2013;Суббота;02:11:37;12;пвл
06.06.2013;Четверг;08:57:31;300;Ensi
05.06.2013;Среда;11:05:01;;Людмила
04.06.2013;Вторник;03:53:30;0;oku
03.06.2013;Понедельник;04:42:28;6;Jarno
01.06.2013;Суббота;09:13:24;;Шустрик
28.05.2013;Вторник;11:56:31;150;Марина
28.05.2013;Вторник;11:05:30;100;andrey47rus
25.05.2013;Суббота;23:21:35;3;oku
25.05.2013;Суббота;07:07:41;30;Ксюша
25.05.2013;Суббота;06:04:30;50;romandc
24.05.2013;Пятница;20:43:56;4;наталь
23.05.2013;Четверг;11:27:05;20;Макс
23.05.2013;Четверг;10:34:05;30;den
21.05.2013;Вторник;09:26:34;100;Сергей
19.05.2013;Воскресенье;10:39:51;20;Олег
18.05.2013;Суббота;18:55:15;;Ley
18.05.2013;Суббота;16:58:09;;Сергей
18.05.2013;Суббота;11:20:31;200;Tim
18.05.2013;Суббота;11:18:09;250;Милашка
18.05.2013;Суббота;09:32:52;220;Deno
18.05.2013;Суббота;09:01:52;200;роман
18.05.2013;Суббота;08:11:52;200;Дмитрий
16.05.2013;Четверг;17:32:14;12;Olgaton
16.05.2013;Четверг;09:28:49;10;Наталия
15.05.2013;Среда;13:04:05;60;Дмитрий
13.05.2013;Понедельник;04:56:05;8;Jarno
12.05.2013;Воскресенье;06:56:02;8;улыбчивый дед Макар
11.05.2013;Суббота;08:22:54;5;юлько
11.05.2013;Суббота;06:36:04;60;FIN999
11.05.2013;Суббота;05:22:20;50;Партизан
10.05.2013;Пятница;12:33:17;200;Валерий
10.05.2013;Пятница;12:01:08;;Юлия
10.05.2013;Пятница;11:17:04;450;Алекс
10.05.2013;Пятница;10:40:15;180;Жук
10.05.2013;Пятница;09:38:58;110;Жук
10.05.2013;Пятница;07:48:31;12;Роман
09.05.2013;Четверг;11:04:07;;Светлана
09.05.2013;Четверг;05:34:02;30;Mitrochka
09.05.2013;Четверг;04:56:33;8;oku
09.05.2013;Четверг;03:49:09;5;oku
08.05.2013;Среда;18:25:02;5;Елена
08.05.2013;Среда;09:11:42;200;epine
08.05.2013;Среда;08:27:13;100;Маргаритка
08.05.2013;Среда;07:37:11;50;Козявочка
07.05.2013;Вторник;13:12:44;10;Aleks
07.05.2013;Вторник;10:04:45;95;Костя
06.05.2013;Понедельник;08:01:47;30;Лариса
03.05.2013;Пятница;11:41:01;170;Володька
03.05.2013;Пятница;11:22:44;300;Юля
03.05.2013;Пятница;11:22:28;200;Нат
03.05.2013;Пятница;11:20:22;;Mavrucy
03.05.2013;Пятница;10:37:42;70;марго
02.05.2013;Четверг;17:52:41;2;денис
02.05.2013;Четверг;12:54:08;200;Domovoi
02.05.2013;Четверг;11:09:16;200;Макс
02.05.2013;Четверг;11:08:38;200;Макс
02.05.2013;Четверг;11:00:51;150;Brikren
02.05.2013;Четверг;07:27:13;200;Систерс
01.05.2013;Среда;14:51:39;30;•••0606
01.05.2013;Среда;12:43:00;100;Slon
01.05.2013;Среда;11:48:44;200;Нат
01.05.2013;Среда;10:34:45;;Ольга
01.05.2013;Среда;10:32:54;100;komotek
01.05.2013;Среда;08:28:57;60;Наталья
30.04.2013;Вторник;11:07:35;200;Енот
30.04.2013;Вторник;10:29:47;84;Дмитрий
29.04.2013;Понедельник;04:26:29;1;J
28.04.2013;Воскресенье;09:18:33;290;КАТ
28.04.2013;Воскресенье;08:20:47;70;Олег
27.04.2013;Суббота;13:07:59;9;Aiki
27.04.2013;Суббота;12:00:30;50;Димыч
25.04.2013;Четверг;15:27:45;70;хрыч
22.04.2013;Понедельник;05:09:05;10;Jarno
21.04.2013;Воскресенье;12:05:34;360;BusTours
21.04.2013;Воскресенье;11:22:50;270;BusTours
21.04.2013;Воскресенье;08:00:36;150;Ан
20.04.2013;Суббота;08:30:31;100;Аня
18.04.2013;Четверг;11:43:29;150;TimoXa
17.04.2013;Среда;09:29:59;100;петр
16.04.2013;Вторник;12:16:58;150;Tommy
14.04.2013;Воскресенье;09:34:40;70;Слава
13.04.2013;Суббота;11:45:37;200;Ром
13.04.2013;Суббота;11:19:34;400;Маруся
13.04.2013;Суббота;09:59:21;200;Екатерина
12.04.2013;Пятница;13:54:05;150;Ира
11.04.2013;Четверг;12:05:40;70;Алексей
10.04.2013;Среда;14:19:46;10;Ley
08.04.2013;Понедельник;23:02:44;3;oku
08.04.2013;Понедельник;12:53:27;50;Екатерина
08.04.2013;Понедельник;09:55:29;60;Alex2222
07.04.2013;Воскресенье;12:23:25;180;ксюша
07.04.2013;Воскресенье;12:13:04;180;Ксюша
07.04.2013;Воскресенье;12:11:53;;BusTours
07.04.2013;Воскресенье;11:58:38;220;Vlad
07.04.2013;Воскресенье;11:49:08;180;Леонид
07.04.2013;Воскресенье;11:37:44;180;ксюша
07.04.2013;Воскресенье;11:05:29;360;BusTours
07.04.2013;Воскресенье;11:02:49;;ксюша
07.04.2013;Воскресенье;10:50:07;;Анна
07.04.2013;Воскресенье;10:43:43;84;Анна
07.04.2013;Воскресенье;07:59:59;30;Олег
06.04.2013;Суббота;19:36:49;;алекс
06.04.2013;Суббота;14:42:58;80;II
06.04.2013;Суббота;11:44:48;200;Ольга
06.04.2013;Суббота;09:52:55;70;Сергей
05.04.2013;Пятница;18:14:08;8;Олег
05.04.2013;Пятница;15:46:59;5;макс
03.04.2013;Среда;19:37:49;0;Majak
03.04.2013;Среда;14:08:40;60;Макс
03.04.2013;Среда;07:47:18;15;Бродяга
02.04.2013;Вторник;09:47:12;150;п
02.04.2013;Вторник;08:13:09;25;Бродяга
01.04.2013;Понедельник;13:54:26;10;Jarno
31.03.2013;Воскресенье;09:49:09;20;Лаурель
30.03.2013;Суббота;10:45:11;70;алексей
30.03.2013;Суббота;10:44:34;170;Ярик
29.03.2013;Пятница;05:50:13;10;Игорь
29.03.2013;Пятница;03:19:34;6;oku
28.03.2013;Четверг;07:28:24;120;олег
27.03.2013;Среда;10:34:31;180;Денис
27.03.2013;Среда;09:35:51;;Naj
24.03.2013;Воскресенье;09:36:20;40;КАТ
24.03.2013;Воскресенье;00:44:58;2;FIN999
23.03.2013;Суббота;12:30:46;270;Promedol
23.03.2013;Суббота;12:22:06;270;Promedol
23.03.2013;Суббота;10:50:06;;Alex
23.03.2013;Суббота;10:38:26;270;Promedol
23.03.2013;Суббота;10:37:34;180;владимир
23.03.2013;Суббота;10:37:01;170;Алена
23.03.2013;Суббота;10:22:35;;Alex
23.03.2013;Суббота;09:05:16;;Юля
21.03.2013;Четверг;11:33:30;105;Алекс
21.03.2013;Четверг;09:54:55;100;Алексей
20.03.2013;Среда;10:33:36;100;ольга
19.03.2013;Вторник;08:22:12;100;Alla
18.03.2013;Понедельник;04:09:17;10;Jarno
17.03.2013;Воскресенье;20:09:38;0;Majak
17.03.2013;Воскресенье;10:11:59;80;Олег
17.03.2013;Воскресенье;09:28:06;10;Anofelesoff
16.03.2013;Суббота;12:22:13;;Кот и лиса
16.03.2013;Суббота;12:04:33;360;Денис
16.03.2013;Суббота;12:01:49;200;Deno
16.03.2013;Суббота;11:52:21;290;Deno
16.03.2013;Суббота;11:43:07;;79213676166
16.03.2013;Суббота;10:13:50;;Катеринка
16.03.2013;Суббота;09:47:25;;Светлана
16.03.2013;Суббота;08:51:58;150;александр
16.03.2013;Суббота;05:04:20;100;FIN999
15.03.2013;Пятница;20:46:46;1;Яна
15.03.2013;Пятница;17:52:36;80;пони
15.03.2013;Пятница;13:51:20;2;Олег
14.03.2013;Четверг;09:03:52;4;Majak
13.03.2013;Среда;09:12:25;35;Антон
13.03.2013;Среда;08:28:03;70;kolyamba
13.03.2013;Среда;07:45:54;120;Partizan
13.03.2013;Среда;07:36:15;120;Partizan
13.03.2013;Среда;06:48:43;90;Majak
13.03.2013;Среда;05:28:21;40;Majak
12.03.2013;Вторник;12:02:28;4;Majak
12.03.2013;Вторник;10:52:28;;Евгений
12.03.2013;Вторник;08:40:19;100;ян
12.03.2013;Вторник;08:06:36;99;вилли
12.03.2013;Вторник;08:01:53;1;ян
12.03.2013;Вторник;06:15:01;60;Алексей
11.03.2013;Понедельник;11:58:04;0;Majak
11.03.2013;Понедельник;07:55:15;30;Леонидас
11.03.2013;Понедельник;06:54:58;25;Majak
09.03.2013;Суббота;16:22:41;30;Котопес
08.03.2013;Пятница;20:07:32;0;FIN999
08.03.2013;Пятница;10:47:16;;Миша
08.03.2013;Пятница;10:08:49;400;вася
08.03.2013;Пятница;09:17:48;360;Стас
08.03.2013;Пятница;07:04:03;300;Свет
08.03.2013;Пятница;05:18:28;50;Кааkli
06.03.2013;Среда;09:12:46;150;alla
05.03.2013;Вторник;08:53:27;;Лорд
04.03.2013;Понедельник;15:04:38;0;Majak
04.03.2013;Понедельник;10:49:45;10;Majak
02.03.2013;Суббота;12:50:31;300;Аня
02.03.2013;Суббота;12:04:14;;Артем
02.03.2013;Суббота;11:46:58;450;Юрий
02.03.2013;Суббота;11:25:40;420;Ekaterina
02.03.2013;Суббота;11:21:24;500;Даша
02.03.2013;Суббота;11:10:09;500;Даша
02.03.2013;Суббота;10:55:30;;Кat
02.03.2013;Суббота;10:29:13;560;катя
02.03.2013;Суббота;10:24:20;150;Андрей
02.03.2013;Суббота;09:52:00;360;Виталий
02.03.2013;Суббота;09:51:01;34;Виталий
02.03.2013;Суббота;09:26:42;360;МП
02.03.2013;Суббота;09:20:25;450;Арти
02.03.2013;Суббота;07:23:40;180;Кирилл
02.03.2013;Суббота;07:13:04;100;Алексей
01.03.2013;Пятница;13:33:32;120;Юлия
01.03.2013;Пятница;12:58:12;80;Вика
01.03.2013;Пятница;05:39:16;5;Сергей
28.02.2013;Четверг;08:44:49;95;Натали
27.02.2013;Среда;11:32:44;200;Кирилл
27.02.2013;Среда;09:28:35;250;Leonid
25.02.2013;Понедельник;03:51:21;3;Jarno
24.02.2013;Воскресенье;07:58:12;40;КАТ
22.02.2013;Пятница;19:44:45;70;Majak
22.02.2013;Пятница;17:50:48;30;Оксана
22.02.2013;Пятница;15:34:32;120;Majak
22.02.2013;Пятница;15:29:36;100;Сергей
22.02.2013;Пятница;12:15:10;16;Majak
21.02.2013;Четверг;19:51:00;0;Majak
21.02.2013;Четверг;11:40:50;600;Света
21.02.2013;Четверг;11:31:13;450;Путник
21.02.2013;Четверг;11:21:58;300;Андрей
21.02.2013;Четверг;10:38:22;150;Дед Мороз
21.02.2013;Четверг;08:46:07;25;Natali
19.02.2013;Вторник;09:21:04;150;Сергей
19.02.2013;Вторник;09:19:08;100;bosia
18.02.2013;Понедельник;23:25:17;0;oku
18.02.2013;Понедельник;16:02:55;100;Sergi
17.02.2013;Воскресенье;10:26:10;;евг
17.02.2013;Воскресенье;10:16:46;50;Кира
17.02.2013;Воскресенье;09:02:31;150;Олег
16.02.2013;Суббота;15:48:47;40;Алексей
16.02.2013;Суббота;10:15:03;360;Дарья
16.02.2013;Суббота;10:00:17;900;Алексей
16.02.2013;Суббота;09:27:26;150;100
15.02.2013;Пятница;23:10:24;45;Такса
15.02.2013;Пятница;12:43:57;120;Евс
15.02.2013;Пятница;12:42:01;120;Евс
15.02.2013;Пятница;10:03:33;70;Влад
15.02.2013;Пятница;08:52:12;100;•••3602
14.02.2013;Четверг;08:56:10;;Тата
14.02.2013;Четверг;08:09:25;100;алекс
14.02.2013;Четверг;03:50:28;3;Ира
14.02.2013;Четверг;03:03:24;2;Jahn
12.02.2013;Вторник;11:06:11;120;FIN999
12.02.2013;Вторник;06:45:53;60;Александр
12.02.2013;Вторник;05:50:21;60;FIN999
11.02.2013;Понедельник;08:59:19;;Дмитрий
10.02.2013;Воскресенье;09:51:45;70;КАТ
10.02.2013;Воскресенье;09:51:44;70;КАТ
09.02.2013;Суббота;13:49:00;;Юлия
09.02.2013;Суббота;13:29:54;;Юрий
09.02.2013;Суббота;11:14:58;900;СаНа
09.02.2013;Суббота;09:22:51;;Юля
09.02.2013;Суббота;07:22:02;270;Ирина
09.02.2013;Суббота;07:02:54;300;Дима
09.02.2013;Суббота;05:32:09;150;romandc
08.02.2013;Пятница;13:21:26;20;Dima
08.02.2013;Пятница;12:10:41;0;СаНа
08.02.2013;Пятница;11:26:39;34;Сергей
08.02.2013;Пятница;10:17:18;200;танюха
08.02.2013;Пятница;10:15:36;200;танюха
08.02.2013;Пятница;08:46:57;60;Ната и Шама
07.02.2013;Четверг;10:37:47;300;Игорь
07.02.2013;Четверг;10:07:03;300;alex
07.02.2013;Четверг;09:19:22;100;Руслан
04.02.2013;Понедельник;04:05:44;5;Jarno
03.02.2013;Воскресенье;12:30:41;2;Макс
02.02.2013;Суббота;12:23:59;100;Ал
02.02.2013;Суббота;11:42:18;400;bravo
02.02.2013;Суббота;11:35:00;200;Сергей
02.02.2013;Суббота;10:52:14;360;Ольга
02.02.2013;Суббота;10:46:14;360;Мария
02.02.2013;Суббота;10:39:41;360;игорь
02.02.2013;Суббота;10:25:17;25;Павел
02.02.2013;Суббота;09:58:22;360;Виктор
02.02.2013;Суббота;09:53:31;270;Lilia
02.02.2013;Суббота;09:35:49;360;Василиса
02.02.2013;Суббота;07:56:21;500;Антон
02.02.2013;Суббота;07:41:48;;Антон
01.02.2013;Пятница;05:19:26;10;юллия
29.01.2013;Вторник;05:04:13;;Андрей
28.01.2013;Понедельник;08:52:40;99;ЕгорНИССАН
27.01.2013;Воскресенье;10:42:29;60;фины не спешат
26.01.2013;Суббота;11:50:48;;Кден
26.01.2013;Суббота;11:21:04;;Ульяна
26.01.2013;Суббота;11:00:47;210;Axis
26.01.2013;Суббота;07:58:08;200;Макс
26.01.2013;Суббота;07:11:25;140;Андрей
25.01.2013;Пятница;17:43:19;40;Евгения
25.01.2013;Пятница;17:03:50;70;Юрий
23.01.2013;Среда;11:53:31;30;ОТК
23.01.2013;Среда;09:56:46;70;Татьяна
23.01.2013;Среда;09:28:10;120;Игорь
23.01.2013;Среда;07:51:54;100;4х4
19.01.2013;Суббота;13:55:21;300;Сергей
19.01.2013;Суббота;12:29:42;200;Серг
19.01.2013;Суббота;12:22:24;;Тихоня
19.01.2013;Суббота;10:51:26;;Тихоня
19.01.2013;Суббота;10:36:54;200;Рыжуля
19.01.2013;Суббота;10:36:00;;Пупсик
19.01.2013;Суббота;10:26:02;;вячеслав
19.01.2013;Суббота;10:02:34;;Опасный
19.01.2013;Суббота;09:55:33;270;Алексей
19.01.2013;Суббота;09:52:52;180;юр4ик
18.01.2013;Пятница;08:04:30;40;603
17.01.2013;Четверг;10:53:54;200;Serg
16.01.2013;Среда;12:43:36;;Jarno
16.01.2013;Среда;12:33:17;120;Андрей
16.01.2013;Среда;11:00:01;150;Александр
16.01.2013;Среда;09:20:44;120;Татьяна
16.01.2013;Среда;07:59:41;40;Андрей
13.01.2013;Воскресенье;14:21:06;50;Путник
13.01.2013;Воскресенье;11:18:01;2;Ольга
12.01.2013;Суббота;09:41:58;84;Артур
12.01.2013;Суббота;06:00:24;300;romandc
09.01.2013;Среда;04:12:33;9;mike
07.01.2013;Понедельник;13:23:56;2;Олег
07.01.2013;Понедельник;06:58:30;70;San
07.01.2013;Понедельник;06:04:02;50;кат
07.01.2013;Понедельник;03:19:12;1;Jarno
06.01.2013;Воскресенье;16:38:17;60;МарЫшка
05.01.2013;Суббота;09:23:17;50;ilya
05.01.2013;Суббота;08:55:25;100;Боцман
05.01.2013;Суббота;08:33:21;80;Anofelesoff
04.01.2013;Пятница;13:38:22;120;Алексей
04.01.2013;Пятница;11:53:31;;наталия
04.01.2013;Пятница;06:11:36;180;Ольга
04.01.2013;Пятница;05:33:41;80;Алекс
04.01.2013;Пятница;05:18:40;30;рома
04.01.2013;Пятница;05:14:27;80;КапитанОргазмоид
03.01.2013;Четверг;11:30:29;350;кристина
03.01.2013;Четверг;11:28:43;;кристина
03.01.2013;Четверг;11:19:27;;кристина
03.01.2013;Четверг;10:30:06;400;Андрей
03.01.2013;Четверг;10:23:23;700;Лена
03.01.2013;Четверг;10:18:08;400;nick
03.01.2013;Четверг;09:32:02;350;Артём
03.01.2013;Четверг;09:11:05;350;Артём
03.01.2013;Четверг;08:51:13;300;Артём
03.01.2013;Четверг;06:59:35;100;Ира на PRADO
03.01.2013;Четверг;00:08:07;7;oku
02.01.2013;Среда;13:01:40;10;Genn
02.01.2013;Среда;10:32:43;70;Миха
02.01.2013;Среда;06:33:21;20;кат
02.01.2013;Среда;05:28:19;60;форд
01.01.2013;Вторник;18:31:10;5;Гарик
31.12.2012;Понедельник;15:10:12;0;Юлия
31.12.2012;Понедельник;07:53:10;10;al
30.12.2012;Воскресенье;17:41:16;1;Egor
30.12.2012;Воскресенье;14:56:54;4;яков
30.12.2012;Воскресенье;13:02:02;25;Елена
30.12.2012;Воскресенье;12:44:07;40;Оля
30.12.2012;Воскресенье;11:06:50;;Дима
30.12.2012;Воскресенье;11:06:34;100;•••4227
30.12.2012;Воскресенье;10:45:00;300;Андрей
30.12.2012;Воскресенье;10:44:57;350;пипец
30.12.2012;Воскресенье;10:33:14;150;Миша
30.12.2012;Воскресенье;09:55:52;200;Леха
30.12.2012;Воскресенье;09:12:32;300;Дмитрий
30.12.2012;Воскресенье;08:14:23;150;Алексей
30.12.2012;Воскресенье;07:02:02;50;Оксана
30.12.2012;Воскресенье;06:36:56;130;Maximuz
30.12.2012;Воскресенье;05:40:57;50;Влад
30.12.2012;Воскресенье;02:51:37;;никия
30.12.2012;Воскресенье;02:51:34;;никия
30.12.2012;Воскресенье;00:43:19;90;Алексей
30.12.2012;Воскресенье;00:43:18;90;Алексей
30.12.2012;Воскресенье;00:43:08;40;Владим
29.12.2012;Суббота;22:48:26;30;Александр
29.12.2012;Суббота;21:25:18;;rebel1101
29.12.2012;Суббота;21:24:04;10;rebel1101
29.12.2012;Суббота;19:07:42;7;дмитрон
29.12.2012;Суббота;17:32:28;34;oku
29.12.2012;Суббота;14:56:34;30;Антон
29.12.2012;Суббота;13:10:00;10;Игорь
29.12.2012;Суббота;12:20:35;25;Алексей 022
29.12.2012;Суббота;09:01:04;30;Игорь
29.12.2012;Суббота;08:00:40;;Анатолий
28.12.2012;Пятница;14:40:58;5;Ленуся
28.12.2012;Пятница;13:56:50;50;Антон
28.12.2012;Пятница;04:17:23;20;Виктор
27.12.2012;Четверг;17:04:09;20;Григорий
27.12.2012;Четверг;15:10:20;70;Кирилл
27.12.2012;Четверг;14:36:42;25;Кирилл
27.12.2012;Четверг;11:14:57;45;Мела
27.12.2012;Четверг;10:49:34;60;кирилл
27.12.2012;Четверг;05:50:23;60;Саша
24.12.2012;Понедельник;04:58:22;20;Эрни
22.12.2012;Суббота;09:15:42;200;Юлия
22.12.2012;Суббота;07:48:50;200;Антибиотик
22.12.2012;Суббота;07:22:11;;Семен
22.12.2012;Суббота;06:50:00;200;Volvo
22.12.2012;Суббота;04:01:03;17;agapich
21.12.2012;Пятница;10:44:29;200;Екатерина
20.12.2012;Четверг;12:17:14;8;Игорь
20.12.2012;Четверг;04:43:00;5;Станислав
19.12.2012;Среда;13:44:33;60;Ондрэй
19.12.2012;Среда;11:40:55;180;игорь
19.12.2012;Среда;10:44:29;259;юлия
19.12.2012;Среда;09:42:49;150;Easy panda
18.12.2012;Вторник;09:32:54;53;•••7037
18.12.2012;Вторник;06:37:03;220;Irina
18.12.2012;Вторник;06:17:21;84;Irina
17.12.2012;Понедельник;08:58:34;120;Сергей
17.12.2012;Понедельник;08:34:33;100;дмитрий
17.12.2012;Понедельник;03:47:06;6;Jarno
16.12.2012;Воскресенье;12:04:01;;Brikrekren
16.12.2012;Воскресенье;08:42:35;40;Татьяна
15.12.2012;Суббота;12:22:39;360;Алексей
15.12.2012;Суббота;11:51:43;180;archie
15.12.2012;Суббота;11:00:34;84;archie
15.12.2012;Суббота;10:22:34;500;Валерий
15.12.2012;Суббота;09:43:31;500;валерий
15.12.2012;Суббота;09:28:00;300;Гость
15.12.2012;Суббота;04:34:39;200;romandc
14.12.2012;Пятница;11:34:44;30;Владимир
12.12.2012;Среда;10:14:48;;Александр
12.12.2012;Среда;10:00:14;100;Валерий
12.12.2012;Среда;09:03:48;100;олег
12.12.2012;Среда;05:18:43;20;harakka
11.12.2012;Вторник;11:17:13;;Вася
11.12.2012;Вторник;09:49:35;;тратата
11.12.2012;Вторник;09:49:10;400;Дмитрий
11.12.2012;Вторник;08:57:44;360;Саша
11.12.2012;Вторник;07:56:39;170;Василькин
10.12.2012;Понедельник;09:44:33;200;сергей
10.12.2012;Понедельник;09:07:21;200;василий
10.12.2012;Понедельник;08:40:49;150;Сергей
10.12.2012;Понедельник;03:27:49;1;Jarno
09.12.2012;Воскресенье;12:59:07;5;Катя
08.12.2012;Суббота;10:53:07;70;Юлия
07.12.2012;Пятница;10:53:47;400;Петр
07.12.2012;Пятница;09:34:12;300;Кирилл
07.12.2012;Пятница;08:59:11;300;Олег
07.12.2012;Пятница;08:48:59;70;Тимофей
04.12.2012;Вторник;11:14:34;150;Ирина
02.12.2012;Воскресенье;11:01:30;90;Катя
01.12.2012;Суббота;10:52:10;30;Михалыч
30.11.2012;Пятница;17:07:00;70;Андрей
29.11.2012;Четверг;08:44:30;270;Татьяна
28.11.2012;Среда;08:34:14;130;галуст
26.11.2012;Понедельник;03:49:41;1;Jarno
25.11.2012;Воскресенье;11:06:30;80;дима
25.11.2012;Воскресенье;09:50:33;60;Юрий
24.11.2012;Суббота;13:32:34;55;Nab
24.11.2012;Суббота;13:18:52;;Наталья
24.11.2012;Суббота;11:01:11;;максим
24.11.2012;Суббота;10:59:22;;Наталья
24.11.2012;Суббота;10:51:51;170;Виктор
24.11.2012;Суббота;10:42:15;720;Бэмби
24.11.2012;Суббота;09:22:49;84;Alex
23.11.2012;Пятница;09:44:32;80;•••0606
22.11.2012;Четверг;08:49:39;200;Leonid
21.11.2012;Среда;12:00:37;300;freelancer
21.11.2012;Среда;08:14:08;300;Хаммер
19.11.2012;Понедельник;03:44:47;1;Jarno
18.11.2012;Воскресенье;11:39:40;30;Сергей
17.11.2012;Суббота;13:57:12;;Рыба
17.11.2012;Суббота;13:55:26;250;Алексей
17.11.2012;Суббота;13:52:55;360;ольга
17.11.2012;Суббота;13:38:52;;Елена
17.11.2012;Суббота;12:24:21;200;Алексей 022
17.11.2012;Суббота;11:52:53;;Анна
17.11.2012;Суббота;10:26:12;;ольга
17.11.2012;Суббота;09:07:12;;Kos
17.11.2012;Суббота;08:05:00;;Kos
16.11.2012;Пятница;12:23:08;20;Dead-Line
12.11.2012;Понедельник;03:50:17;0;Jarno
10.11.2012;Суббота;14:08:46;32;Е
10.11.2012;Суббота;11:33:15;180;Дмитрий
10.11.2012;Суббота;09:54:22;500;Zhan
10.11.2012;Суббота;09:40:55;;наталья
10.11.2012;Суббота;08:41:46;200;Zhan
10.11.2012;Суббота;08:01:51;;Тамара
10.11.2012;Суббота;07:07:38;120;geritch
09.11.2012;Пятница;10:20:08;250;Георгий
09.11.2012;Пятница;10:19:22;250;Георгий
09.11.2012;Пятница;10:17:59;;михаил
08.11.2012;Четверг;11:26:45;40;Сорока
08.11.2012;Четверг;09:11:32;150;Александра
07.11.2012;Среда;12:08:57;5;Олег
07.11.2012;Среда;10:41:43;60;Татьяна
04.11.2012;Воскресенье;15:55:16;6;Anna
04.11.2012;Воскресенье;11:06:50;;Алексей
04.11.2012;Воскресенье;09:53:29;90;Михаил
04.11.2012;Воскресенье;09:48:31;40;Михаил
04.11.2012;Воскресенье;09:40:05;20;Сергей
04.11.2012;Воскресенье;08:48:07;25;lorrer
03.11.2012;Суббота;14:01:27;5;Даниил
03.11.2012;Суббота;13:45:57;21;Лена
03.11.2012;Суббота;06:22:38;50;удачи
02.11.2012;Пятница;05:01:33;8;Kahvi
31.10.2012;Среда;14:22:25;35;Роман
27.10.2012;Суббота;12:03:48;100;Дима
27.10.2012;Суббота;06:45:29;25;miv
25.10.2012;Четверг;10:49:03;20;Борис
24.10.2012;Среда;09:05:03;84;Татьяна
21.10.2012;Воскресенье;13:24:06;10;Руслан
20.10.2012;Суббота;11:22:35;300;Татьяна
20.10.2012;Суббота;09:59:19;;Антон
19.10.2012;Пятница;13:51:33;50;MihelЬ
18.10.2012;Четверг;09:33:16;150;Лев
15.10.2012;Понедельник;07:29:06;30;Балбеска
14.10.2012;Воскресенье;10:43:01;15;Юлия
14.10.2012;Воскресенье;08:23:00;35;Илья
13.10.2012;Суббота;10:38:11;360;Антон
12.10.2012;Пятница;16:05:24;20;•••0606
09.10.2012;Вторник;23:25:18;0;Йцукен
