20.01.2019;Воскресенье;18:26:17;10;Кими
19.01.2019;Суббота;11:27:00;7;Павел
16.01.2019;Среда;11:38:45;45;alex z
12.01.2019;Суббота;13:23:04;25;Дмитрий
07.01.2019;Понедельник;21:05:00;12;Владимир
07.01.2019;Понедельник;21:04:13;12;Владимир
07.01.2019;Понедельник;12:18:28;95;Вельзевул
07.01.2019;Понедельник;12:05:38;3;Владимир
06.01.2019;Воскресенье;20:18:18;10;alex z
06.01.2019;Воскресенье;19:16:21;50;Андрей
06.01.2019;Воскресенье;12:33:19;60;alex z
04.01.2019;Пятница;19:31:42;2;Ромира
04.01.2019;Пятница;14:10:41;2;Максим
04.01.2019;Пятница;11:20:07;;Юлия
04.01.2019;Пятница;10:25:18;50;Игорь
04.01.2019;Пятница;07:41:25;5;Виолетта
04.01.2019;Пятница;07:28:10;15;Alex
03.01.2019;Четверг;04:57:04;15;Антон
03.01.2019;Четверг;04:55:57;15;Антон
02.01.2019;Среда;16:05:09;50;Григорий
02.01.2019;Среда;14:08:46;;Кат
02.01.2019;Среда;13:50:03;;Анна
02.01.2019;Среда;12:49:02;;Твту
02.01.2019;Среда;12:23:55;;Твту
02.01.2019;Среда;12:15:37;30;alex z
02.01.2019;Среда;08:26:59;30;Антон
01.01.2019;Вторник;15:22:11;;Леха
31.12.2018;Понедельник;12:56:54;12;Елизавета
30.12.2018;Воскресенье;13:27:34;;Анна
30.12.2018;Воскресенье;12:33:47;50;Сергей
30.12.2018;Воскресенье;12:06:56;100;Alekca
30.12.2018;Воскресенье;11:28:58;;Мария
30.12.2018;Воскресенье;11:26:40;20;Alekca
30.12.2018;Воскресенье;10:44:30;;Мария
30.12.2018;Воскресенье;10:27:25;100;Игорь
30.12.2018;Воскресенье;09:59:28;;Bob812
30.12.2018;Воскресенье;08:05:05;100;А
30.12.2018;Воскресенье;07:56:01;60;Пётр
30.12.2018;Воскресенье;07:42:36;50;Пётр
30.12.2018;Воскресенье;07:31:40;30;Пётр
30.12.2018;Воскресенье;00:55:43;50;alex z
29.12.2018;Суббота;20:26:04;10;Роман
29.12.2018;Суббота;19:34:56;;Алина
29.12.2018;Суббота;15:00:44;20;Константин
28.12.2018;Пятница;21:35:44;4;Лина
28.12.2018;Пятница;18:02:22;40;alex
28.12.2018;Пятница;09:00:09;50;Елена
25.12.2018;Вторник;10:27:26;750;Николай
25.12.2018;Вторник;10:25:25;750;Сергей
22.12.2018;Суббота;20:31:38;0;alex z
22.12.2018;Суббота;17:38:48;100;Landy
22.12.2018;Суббота;14:04:10;5;akex
22.12.2018;Суббота;13:40:51;100;Галуст
22.12.2018;Суббота;12:44:39;60;Ммм
22.12.2018;Суббота;12:43:44;60;Ммм
21.12.2018;Пятница;13:19:38;30;Tommi
20.12.2018;Четверг;11:27:01;8;Иван
19.12.2018;Среда;13:48:49;630;Ольга
18.12.2018;Вторник;18:30:44;10;alex
18.12.2018;Вторник;17:52:18;400;Дима
18.12.2018;Вторник;14:39:11;500;Леонид
18.12.2018;Вторник;12:11:46;100;alex
14.12.2018;Пятница;20:13:21;40;alex z
11.12.2018;Вторник;11:31:52;30;Владимир
07.12.2018;Пятница;12:35:43;15;Ден
04.12.2018;Вторник;14:25:48;120;Максим
30.11.2018;Пятница;16:30:08;50;alex
30.11.2018;Пятница;16:11:23;15;alex z
30.11.2018;Пятница;14:46:29;50;alex z
30.11.2018;Пятница;13:03:23;100;Василий
30.11.2018;Пятница;13:02:25;100;Василий
29.11.2018;Четверг;16:27:23;25;alex z
24.11.2018;Суббота;13:14:33;10;Василий
24.11.2018;Суббота;12:08:11;350;Р
24.11.2018;Суббота;12:06:55;350;Р
24.11.2018;Суббота;12:04:34;300;Роман
19.11.2018;Понедельник;11:38:46;100;Вася
16.11.2018;Пятница;12:38:02;20;Игорь
10.11.2018;Суббота;11:27:53;40;Alex
10.11.2018;Суббота;09:31:05;60;Андрей
10.11.2018;Суббота;09:30:55;;Лидия
10.11.2018;Суббота;09:30:53;;Лидия
10.11.2018;Суббота;09:30:30;;Лидия
10.11.2018;Суббота;09:30:22;;Лидия
09.11.2018;Пятница;16:06:26;15;nvo
05.11.2018;Понедельник;13:59:34;40;Михаил
05.11.2018;Понедельник;08:42:45;20;Natalya
05.11.2018;Понедельник;08:42:45;20;Natalya
04.11.2018;Воскресенье;21:35:52;0;Дарья
04.11.2018;Воскресенье;15:36:56;50;Вероника
04.11.2018;Воскресенье;15:36:47;50;Вероника
04.11.2018;Воскресенье;14:53:07;20;Петр
04.11.2018;Воскресенье;13:23:39;80;Эльвира
03.11.2018;Суббота;12:13:05;100;Оля
03.11.2018;Суббота;10:51:33;50;Оля
30.10.2018;Вторник;08:10:10;2;Слава
29.10.2018;Понедельник;17:50:55;50;Дина
29.10.2018;Понедельник;17:24:08;46;alex z
29.10.2018;Понедельник;14:04:00;5;Владимир
28.10.2018;Воскресенье;22:34:07;;Анита
27.10.2018;Суббота;16:41:02;40;Alexander
27.10.2018;Суббота;16:39:24;;Анна
27.10.2018;Суббота;13:57:39;100;meelka
21.10.2018;Воскресенье;15:02:51;36;Александр
19.10.2018;Пятница;17:34:44;46;alex z
12.10.2018;Пятница;14:40:11;100;Олег
12.10.2018;Пятница;14:40:04;100;Олег
12.10.2018;Пятница;13:05:25;60;Илья
11.10.2018;Четверг;14:32:20;23;alex z
05.10.2018;Пятница;21:51:31;10;Наталия
01.10.2018;Понедельник;10:04:46;40;alex z
28.09.2018;Пятница;17:23:24;5;Джетта
28.09.2018;Пятница;17:23:23;5;Джетта
21.09.2018;Пятница;14:45:08;60;Илья
14.09.2018;Пятница;18:33:40;50;Отец Сергий
14.09.2018;Пятница;13:02:54;2;Петя
12.09.2018;Среда;15:24:15;20;Юлька
12.09.2018;Среда;15:24:03;20;Юлька
11.09.2018;Вторник;14:09:18;20;Андрей
11.09.2018;Вторник;11:00:44;40;alex
11.09.2018;Вторник;10:57:44;40;alex
10.09.2018;Понедельник;15:17:15;50;alex
02.09.2018;Воскресенье;12:58:52;10;Даниэль
27.08.2018;Понедельник;14:33:04;30;Дмитрий
24.08.2018;Пятница;16:31:22;50;тим
18.08.2018;Суббота;17:21:29;7;ensi-bus
18.08.2018;Суббота;15:09:43;24;alex
18.08.2018;Суббота;02:18:46;8;ensi-bus
14.08.2018;Вторник;03:23:26;17;ensi-bus
13.08.2018;Понедельник;10:42:55;6;ensi-bus
11.08.2018;Суббота;20:05:22;30;alex
11.08.2018;Суббота;13:58:44;15;Пётр
04.08.2018;Суббота;14:31:07;50;U
02.08.2018;Четверг;17:20:45;20;alex
28.07.2018;Суббота;17:33:22;50;t
28.07.2018;Суббота;17:28:15;49;alex
25.07.2018;Среда;15:14:19;30;akex
25.07.2018;Среда;11:21:37;50;Отдыхайющий
20.07.2018;Пятница;13:33:18;50;Иван
15.07.2018;Воскресенье;18:59:47;50;alex
14.07.2018;Суббота;11:55:57;27;alex
13.07.2018;Пятница;20:26:44;19;alex
07.07.2018;Суббота;08:44:33;0;Alex
07.07.2018;Суббота;08:43:05;50;Валерий
05.07.2018;Четверг;14:16:38;34;M
27.06.2018;Среда;14:10:28;30;Вадим
26.06.2018;Вторник;11:18:49;15;ВЕ
26.06.2018;Вторник;07:49:00;2;Александр
25.06.2018;Понедельник;11:29:33;40;Александр
21.06.2018;Четверг;16:28:18;;Яна
15.06.2018;Пятница;14:39:38;30;alex
15.06.2018;Пятница;14:39:32;30;alex
11.06.2018;Понедельник;15:05:02;;Алла
10.06.2018;Воскресенье;08:52:10;50;Alex
09.06.2018;Суббота;22:00:34;50;alex
04.06.2018;Понедельник;20:42:25;100;Гена
28.05.2018;Понедельник;11:34:14;150;777
21.05.2018;Понедельник;15:14:09;10;Полина
14.05.2018;Понедельник;12:03:19;;Иван
12.05.2018;Суббота;11:27:43;10;С
06.05.2018;Воскресенье;16:31:47;10;Алексей
02.05.2018;Среда;00:18:09;1;Катя
30.04.2018;Понедельник;17:38:09;74;alex
30.04.2018;Понедельник;16:46:08;5;Дмитрий
30.04.2018;Понедельник;14:28:00;100;Дмитрий
30.04.2018;Понедельник;14:14:21;15;Дмитрий
30.04.2018;Понедельник;12:57:07;;ENSI BUS
30.04.2018;Понедельник;11:10:49;200;Копа
30.04.2018;Понедельник;11:10:49;200;Копа
29.04.2018;Воскресенье;09:30:23;95;alex
28.04.2018;Суббота;19:54:22;50;oleg
28.04.2018;Суббота;11:30:24;5;Антон
27.04.2018;Пятница;13:42:56;70;alex
27.04.2018;Пятница;13:42:50;70;alex
22.04.2018;Воскресенье;11:56:05;;Михаил
21.04.2018;Суббота;11:40:16;110;alex
16.04.2018;Понедельник;17:59:34;20;Vic
14.04.2018;Суббота;16:42:39;10;Vovcheneg
13.04.2018;Пятница;16:04:53;37;alex
07.04.2018;Суббота;16:23:59;50;Белка насвистела
04.04.2018;Среда;12:26:13;80;ensi-bus
04.04.2018;Среда;12:23:48;200;Денис
27.03.2018;Вторник;12:43:22;100;Свои
23.03.2018;Пятница;17:05:05;10;Alexander
09.03.2018;Пятница;15:31:25;35;Juli
09.03.2018;Пятница;15:10:11;17;Эдуард
09.03.2018;Пятница;14:36:13;70;Janet
09.03.2018;Пятница;14:03:27;100;Дмитрий
09.03.2018;Пятница;13:18:25;100;Свет
09.03.2018;Пятница;13:05:57;50;Елена
09.03.2018;Пятница;12:58:07;20;Ольга
08.03.2018;Четверг;19:42:22;2;Антон
08.03.2018;Четверг;19:42:11;2;Антон
08.03.2018;Четверг;13:10:09;50;v
08.03.2018;Четверг;13:08:28;;Семён
06.03.2018;Вторник;16:23:46;10;Галина
06.03.2018;Вторник;16:23:37;10;Галина
04.03.2018;Воскресенье;18:13:49;10;Галина
04.03.2018;Воскресенье;17:54:06;20;Галина
25.02.2018;Воскресенье;09:48:12;0;nvo
23.02.2018;Пятница;12:23:58;;Петр
22.02.2018;Четверг;15:12:04;25;Полина
22.02.2018;Четверг;13:21:54;70;Маша
21.02.2018;Среда;17:03:08;2;Alexander
07.02.2018;Среда;11:44:52;28;alex
04.02.2018;Воскресенье;20:08:11;40;Сергей
02.02.2018;Пятница;17:21:19;29;alex
13.01.2018;Суббота;19:52:27;5;Jerry
11.01.2018;Четверг;12:12:41;15;Fast
06.01.2018;Суббота;13:42:58;6;Павел
06.01.2018;Суббота;00:19:52;200;Иван
05.01.2018;Пятница;18:44:50;8;Лёха
05.01.2018;Пятница;18:44:45;8;Лёха
05.01.2018;Пятница;18:16:39;40;Петр
05.01.2018;Пятница;02:15:08;10;ensi-bus
04.01.2018;Четверг;18:05:17;10;Александр
04.01.2018;Четверг;16:48:34;10;Дарья
04.01.2018;Четверг;13:35:25;5;Bob812
04.01.2018;Четверг;10:17:52;12;Добрый москвич
04.01.2018;Четверг;07:34:56;5;9234
03.01.2018;Среда;11:04:09;;Юлия
01.01.2018;Понедельник;22:29:11;5;tsd
01.01.2018;Понедельник;15:14:26;50;Мария
01.01.2018;Понедельник;13:46:15;;Alex
01.01.2018;Понедельник;12:57:41;100;Alex
30.12.2017;Суббота;17:20:39;;Катя
30.12.2017;Суббота;15:08:38;120;a
30.12.2017;Суббота;13:33:04;;Катя
30.12.2017;Суббота;12:57:44;250;Никита
30.12.2017;Суббота;10:16:38;250;888spb
30.12.2017;Суббота;01:41:26;34;Александр
29.12.2017;Пятница;12:00:29;100;Стас
29.12.2017;Пятница;10:36:49;120;alex
28.12.2017;Четверг;15:55:59;6;Роман
28.12.2017;Четверг;14:13:10;;Путник
23.12.2017;Суббота;10:32:15;50;Дмитрий
23.12.2017;Суббота;08:19:07;3;ensi-bus
22.12.2017;Пятница;18:09:02;70;tim
22.12.2017;Пятница;18:02:09;50;Игорь
22.12.2017;Пятница;17:01:06;40;Игорь
22.12.2017;Пятница;11:12:37;;Наталья
20.12.2017;Среда;15:43:54;200;Нт
20.12.2017;Среда;14:32:53;200;Форд
17.12.2017;Воскресенье;12:15:38;20;alex
09.12.2017;Суббота;14:03:29;;Иван
09.12.2017;Суббота;13:46:13;200;Татьяна
06.12.2017;Среда;17:51:07;25;Оля
03.12.2017;Воскресенье;13:37:21;50;ХХХ
03.12.2017;Воскресенье;13:37:16;50;ХХХ
02.12.2017;Суббота;10:13:34;15;Оля
02.12.2017;Суббота;09:26:23;60;Landy
02.12.2017;Суббота;09:24:16;10;Вероника
18.11.2017;Суббота;19:00:32;50;Александр
18.11.2017;Суббота;12:37:05;3;nvo
13.11.2017;Понедельник;11:59:06;30;Ольга
06.11.2017;Понедельник;17:20:17;10;Миша
06.11.2017;Понедельник;13:28:23;300;Ирина
05.11.2017;Воскресенье;17:42:46;35;Jerry
05.11.2017;Воскресенье;12:20:34;10;Водитель
03.11.2017;Пятница;19:00:31;5;Илья
31.10.2017;Вторник;13:06:41;;Татьяна
31.10.2017;Вторник;12:46:08;;373
31.10.2017;Вторник;11:11:32;1;Шипы
30.10.2017;Понедельник;10:52:19;24;S
17.10.2017;Вторник;19:55:27;28;alex
14.10.2017;Суббота;12:23:26;200;А
02.10.2017;Понедельник;16:22:50;25;alex
02.10.2017;Понедельник;11:30:29;200;Влад
24.09.2017;Воскресенье;11:26:11;150;Дарья
24.09.2017;Воскресенье;11:08:37;;Андрей
15.09.2017;Пятница;17:44:39;50;Максим
14.09.2017;Четверг;17:58:34;20;Андрей
14.09.2017;Четверг;15:06:14;20;рома
12.09.2017;Вторник;11:47:19;100;Андрей
09.09.2017;Суббота;10:19:56;100;Landy
09.09.2017;Суббота;10:19:48;100;Landy
04.09.2017;Понедельник;17:53:21;10;Наталия
03.09.2017;Воскресенье;17:58:11;10;Наталия
29.08.2017;Вторник;08:10:33;0;ensi-bus
26.08.2017;Суббота;06:36:17;0;ensi-bus
26.08.2017;Суббота;01:09:53;22;ensi-bus
21.08.2017;Понедельник;16:29:21;100;Григорий
20.08.2017;Воскресенье;19:18:18;45;Сэм
20.08.2017;Воскресенье;01:40:33;;Николай
18.08.2017;Пятница;20:22:53;10;ensi-bus
16.08.2017;Среда;03:00:11;6;ensi-bus
16.08.2017;Среда;03:00:06;6;ensi-bus
15.08.2017;Вторник;12:34:12;30;Алексей
14.08.2017;Понедельник;15:47:06;15;Михаил
14.08.2017;Понедельник;08:20:33;0;ensi-bus
13.08.2017;Воскресенье;15:42:59;4;Алексей
12.08.2017;Суббота;08:27:57;160;роман
11.08.2017;Пятница;23:15:26;7;Лика
11.08.2017;Пятница;20:04:20;;ensi-bus
11.08.2017;Пятница;20:00:07;22;ensi-bus
11.08.2017;Пятница;03:22:27;50;Элина
10.08.2017;Четверг;18:17:14;52;alex
05.08.2017;Суббота;14:24:33;;Slonikk
05.08.2017;Суббота;13:59:38;;Мария
29.07.2017;Суббота;17:11:19;;Мара
28.07.2017;Пятница;17:47:28;28;Игорь
22.07.2017;Суббота;09:36:10;;Александр
22.07.2017;Суббота;09:15:37;;Александр
15.07.2017;Суббота;06:49:01;25;Я
11.07.2017;Вторник;14:28:38;32;alex
06.07.2017;Четверг;15:56:27;15;Andy
05.07.2017;Среда;11:06:46;200;44
01.07.2017;Суббота;19:56:57;0;Ensi-bus
01.07.2017;Суббота;12:11:59;100;Петрович
30.06.2017;Пятница;14:35:24;0;Ensi-bus
26.06.2017;Понедельник;17:47:03;40;Игорь
26.06.2017;Понедельник;17:08:36;25;Игорь
26.06.2017;Понедельник;11:56:32;6;Катерина
22.06.2017;Четверг;09:58:57;84;Артем
21.06.2017;Среда;18:49:47;80;alex
11.06.2017;Воскресенье;19:16:21;100;Александр
26.05.2017;Пятница;16:36:54;15;Игорь
20.05.2017;Суббота;10:16:19;80;GCat
08.05.2017;Понедельник;17:05:38;;Вольво
08.05.2017;Понедельник;10:55:51;20;Юлия
08.05.2017;Понедельник;09:02:47;10;Славамерседес
08.05.2017;Понедельник;07:43:40;250;Александр
07.05.2017;Воскресенье;13:57:45;20;Алекс
07.05.2017;Воскресенье;06:07:57;3;Оля
05.05.2017;Пятница;10:37:38;30;Путешественник
30.04.2017;Воскресенье;23:29:57;5;Мари
30.04.2017;Воскресенье;14:41:26;5;Мари
29.04.2017;Суббота;11:59:37;6;Аноним
28.04.2017;Пятница;21:03:11;5;Greencardlt.ru
27.04.2017;Четверг;09:19:40;200;Форд
27.04.2017;Четверг;08:44:52;80;Эд
27.04.2017;Четверг;08:17:42;40;Эд
20.04.2017;Четверг;18:52:48;30;Денис
15.04.2017;Суббота;11:31:51;5;Лю
15.04.2017;Суббота;11:31:50;5;Лю
08.04.2017;Суббота;11:46:38;100;Яро
08.04.2017;Суббота;11:21:35;60;Натали
25.03.2017;Суббота;12:00:11;20;Алекс
25.03.2017;Суббота;10:06:38;200;Ната Ли
17.03.2017;Пятница;16:26:18;25;Игорь
16.03.2017;Четверг;12:42:49;20;Леопольд
09.03.2017;Четверг;08:13:38;50;Роман
04.03.2017;Суббота;09:10:34;100;Александр
02.03.2017;Четверг;12:32:39;250;Марина
01.03.2017;Среда;10:18:16;70;Николай
26.02.2017;Воскресенье;08:51:53;;Ольга
24.02.2017;Пятница;14:28:36;80;Алина
24.02.2017;Пятница;14:26:31;50;Александр
23.02.2017;Четверг;17:44:42;;Ирина
23.02.2017;Четверг;17:02:52;270;Маруся
23.02.2017;Четверг;15:43:04;50;aylivex
23.02.2017;Четверг;14:12:36;;Брий
23.02.2017;Четверг;13:17:46;;Мотя
23.02.2017;Четверг;11:20:42;;Алексей
23.02.2017;Четверг;10:04:28;15;vladi
23.02.2017;Четверг;10:00:10;;Андрей
23.02.2017;Четверг;08:04:15;100;Alex
09.02.2017;Четверг;07:34:07;84;Андрей
07.01.2017;Суббота;09:15:30;150;Евгений
06.01.2017;Пятница;16:20:38;4;Людмила
06.01.2017;Пятница;16:15:03;4;Людмила
06.01.2017;Пятница;11:05:30;8;Света
06.01.2017;Пятница;11:05:24;8;Света
05.01.2017;Четверг;01:15:13;20;Влад
04.01.2017;Среда;08:45:18;60;Weedkiller
03.01.2017;Вторник;16:40:05;5;Ольга
03.01.2017;Вторник;12:16:11;;Алексей
03.01.2017;Вторник;07:17:59;150;ensi-bus.ru
02.01.2017;Понедельник;23:19:02;10;Наталья
02.01.2017;Понедельник;18:54:52;1;Федор
02.01.2017;Понедельник;16:33:24;30;Владимир
02.01.2017;Понедельник;14:48:18;;Надежда
02.01.2017;Понедельник;13:47:41;;Надежда
02.01.2017;Понедельник;12:55:09;500;Александр
02.01.2017;Понедельник;12:52:40;100;Александр
02.01.2017;Понедельник;12:49:31;100;Саня
02.01.2017;Понедельник;11:36:53;350;Галина
02.01.2017;Понедельник;10:51:54;100;Дмитрий
02.01.2017;Понедельник;09:58:38;200;Дмитрий
02.01.2017;Понедельник;09:10:21;30;Марина
02.01.2017;Понедельник;09:08:46;90;Катерина
02.01.2017;Понедельник;07:24:08;50;Матрешка
01.01.2017;Воскресенье;22:36:37;25;Андрей
30.12.2016;Пятница;22:12:49;35;ВВ
30.12.2016;Пятница;20:05:52;6;ensi-bus.ru
29.12.2016;Четверг;23:18:33;20;Сергей
25.12.2016;Воскресенье;09:33:22;17;Катерина
17.12.2016;Суббота;14:10:29;7;Умная
17.12.2016;Суббота;11:46:58;2;Макс
17.12.2016;Суббота;11:21:25;65;Пассажир Опасный
17.12.2016;Суббота;08:50:51;65;Alex
17.12.2016;Суббота;07:21:04;50;Константин
10.12.2016;Суббота;08:20:12;25;Елена
10.12.2016;Суббота;08:20:06;25;Елена
26.11.2016;Суббота;09:45:21;5;Дмитрий
23.11.2016;Среда;11:19:13;10;Joker
11.11.2016;Пятница;18:33:59;4;Алексей
06.11.2016;Воскресенье;12:43:54;6;Евгений
06.11.2016;Воскресенье;08:20:28;3;ensi-bus.ru
04.11.2016;Пятница;14:47:22;;Валентина
04.11.2016;Пятница;14:47:08;;Ольга
04.11.2016;Пятница;11:57:41;500;Ирина
04.11.2016;Пятница;11:41:12;120;Lexa
04.11.2016;Пятница;09:11:22;60;Alex
04.11.2016;Пятница;06:14:08;4;Света
04.11.2016;Пятница;02:23:50;100;Александр
04.11.2016;Пятница;02:05:03;80;Сергей
04.11.2016;Пятница;01:59:13;80;Дмитрий
04.11.2016;Пятница;01:44:29;80;Константин
28.10.2016;Пятница;19:24:37;100;Джулька
28.10.2016;Пятница;14:12:10;5;Ирина
23.10.2016;Воскресенье;19:35:51;150;Артем
08.10.2016;Суббота;10:28:26;25;Bob812
01.10.2016;Суббота;12:18:35;100;Клео
01.10.2016;Суббота;12:18:20;100;Клео
01.10.2016;Суббота;08:32:09;7;Слава
01.10.2016;Суббота;08:21:33;5;Слава
23.09.2016;Пятница;23:30:02;60;Ilia
23.09.2016;Пятница;23:29:41;60;Ilia
23.09.2016;Пятница;22:59:18;40;Федор
10.09.2016;Суббота;11:11:46;30;Дмитрий
05.09.2016;Понедельник;10:07:47;50;АНДРЕЙ
13.08.2016;Суббота;15:25:02;5;макс
13.08.2016;Суббота;10:50:24;30;Жужик
13.08.2016;Суббота;02:57:09;150;Мария
13.08.2016;Суббота;02:42:00;;соседи
13.08.2016;Суббота;01:07:49;200;Анна
13.08.2016;Суббота;01:07:49;200;Анна
12.08.2016;Пятница;21:58:49;70;Макс на Гетце
12.08.2016;Пятница;21:46:30;270;Людмила
12.08.2016;Пятница;21:45:30;;Людмила
11.08.2016;Четверг;17:57:12;30;Ууу
11.08.2016;Четверг;01:36:06;35;Алексей
08.08.2016;Понедельник;12:35:16;5;Александр
07.08.2016;Воскресенье;10:58:04;2;Максим
15.07.2016;Пятница;10:22:38;;Максим
13.07.2016;Среда;17:32:16;18;Мерседес
09.07.2016;Суббота;11:11:06;150;Юрий
01.07.2016;Пятница;17:30:22;4;Софья
01.07.2016;Пятница;16:33:21;30;Юрий
01.07.2016;Пятница;12:03:43;10;Вера
25.06.2016;Суббота;07:22:41;0;Alex
23.06.2016;Четверг;02:27:01;10;Ирина
17.06.2016;Пятница;19:19:18;70;макс
17.06.2016;Пятница;18:58:18;70;макс
17.06.2016;Пятница;18:42:58;50;Юля
11.06.2016;Суббота;15:12:39;15;макс
11.06.2016;Суббота;12:00:43;7;katik
01.05.2016;Воскресенье;08:57:45;30;Арсен
30.04.2016;Суббота;15:21:24;5;Дмитрий
30.04.2016;Суббота;13:56:57;;Yari
30.04.2016;Суббота;12:02:08;400;Патгиот Госсии
30.04.2016;Суббота;11:23:31;;Евгений
29.04.2016;Пятница;12:01:34;150;Надежда
29.04.2016;Пятница;10:30:13;50;Максим
25.03.2016;Пятница;21:48:53;5;Алексей
25.03.2016;Пятница;21:48:44;5;Алексей
07.03.2016;Понедельник;13:42:50;0;Марина
07.02.2016;Воскресенье;21:14:31;0;Митяй
04.01.2016;Понедельник;17:03:18;1;Алекса
03.01.2016;Воскресенье;12:53:45;2;Caterina
03.01.2016;Воскресенье;09:25:07;4;Марина
02.01.2016;Суббота;21:44:51;7;Tatiana
02.01.2016;Суббота;14:13:46;;Иван
02.01.2016;Суббота;11:38:21;;Полич
01.01.2016;Пятница;13:59:51;0;Alex
30.12.2015;Среда;11:19:27;65;Катерина
30.12.2015;Среда;10:33:05;60;Катерина
30.12.2015;Среда;07:58:13;30;Евгения
28.12.2015;Понедельник;14:00:10;6;Наталья
28.12.2015;Понедельник;11:55:00;1;Марлон
23.12.2015;Среда;13:44:22;;Катерина
04.11.2015;Среда;11:16:51;10;Марлон
04.11.2015;Среда;09:41:06;40;Оксана
24.10.2015;Суббота;13:01:52;2;Сергей
04.10.2015;Воскресенье;10:53:24;;Bunholio
12.09.2015;Суббота;02:15:43;67;Сеня
12.09.2015;Суббота;02:04:30;14;Сеня
22.08.2015;Суббота;06:42:35;200;Саша
02.08.2015;Воскресенье;13:04:45;50;sergeich
29.07.2015;Среда;10:10:45;12;Анастасия
24.07.2015;Пятница;09:52:38;20;Юлия
24.07.2015;Пятница;09:26:10;0;Alex
18.07.2015;Суббота;11:33:36;15;Wad
17.07.2015;Пятница;18:19:34;50;серий
07.07.2015;Вторник;11:28:59;482;Пётр
14.06.2015;Воскресенье;16:18:31;20;www.finntransfer.ucoz.ru
12.06.2015;Пятница;17:00:11;;Дастик
12.06.2015;Пятница;00:48:03;50;Дмитрий
09.06.2015;Вторник;13:16:29;0;www.finntransfer.ucoz.ru
08.06.2015;Понедельник;21:05:16;;Партизан
27.05.2015;Среда;03:50:55;0;wwww.finntransfer.ucoz.ru
23.05.2015;Суббота;13:07:13;0;Jerry
09.05.2015;Суббота;07:28:09;7;Наталья
03.05.2015;Воскресенье;10:14:17;35;Георгий
02.05.2015;Суббота;14:09:50;450;Киса
01.05.2015;Пятница;16:58:20;0;ник
01.05.2015;Пятница;13:25:40;100;Че
25.04.2015;Суббота;05:38:21;30;www.finntransfer.ucoz.ru
17.04.2015;Пятница;22:44:04;45;аам
11.04.2015;Суббота;10:52:47;100;Валентин
04.04.2015;Суббота;10:14:04;;landy
15.03.2015;Воскресенье;19:33:48;;ната
07.03.2015;Суббота;08:55:38;0;Alex
09.02.2015;Понедельник;15:43:28;10;Konstantin
18.01.2015;Воскресенье;06:45:40;0;Alex
12.01.2015;Понедельник;13:43:27;152;Георгий
09.01.2015;Пятница;05:58:12;0;Alex
06.01.2015;Вторник;14:51:02;3;Арри
02.01.2015;Пятница;20:16:22;30;Пивасик
02.01.2015;Пятница;07:11:55;;Олег
02.01.2015;Пятница;06:48:30;;Олег
30.12.2014;Вторник;07:05:05;1;алексей
27.12.2014;Суббота;09:14:53;5;Alex
16.12.2014;Вторник;09:06:56;1;Роман
29.11.2014;Суббота;08:31:39;0;владимир
29.11.2014;Суббота;06:39:35;10;306
20.11.2014;Четверг;00:08:52;0;Jerry
07.11.2014;Пятница;13:45:33;60;евгений
06.11.2014;Четверг;11:06:32;0;Дарья
05.11.2014;Среда;13:25:28;15;Макс
05.11.2014;Среда;08:52:18;5;марк
04.11.2014;Вторник;06:08:55;6;Виктория
03.11.2014;Понедельник;15:43:28;2;Дмитрий
03.11.2014;Понедельник;11:18:00;;Ирина
03.11.2014;Понедельник;11:16:05;;Ирина
03.11.2014;Понедельник;07:30:33;;Sattl
03.11.2014;Понедельник;07:11:11;;Sattl
02.11.2014;Воскресенье;22:33:59;2;Dez
01.11.2014;Суббота;10:40:42;;Анастасия
01.11.2014;Суббота;09:43:43;900;гость
26.10.2014;Воскресенье;08:20:58;;Алексей
26.10.2014;Воскресенье;08:19:38;;Алексей
25.10.2014;Суббота;10:20:27;12;Ан
21.10.2014;Вторник;13:27:54;;Я
18.10.2014;Суббота;11:35:55;;михаил
18.10.2014;Суббота;10:03:18;60;Marlon
14.10.2014;Вторник;10:20:26;4;Елизавета
14.10.2014;Вторник;10:19:52;2;Елизавета
11.10.2014;Суббота;13:39:51;10;михаил
11.10.2014;Суббота;06:44:32;6;Dru
28.09.2014;Воскресенье;12:38:31;7;ушлый
28.09.2014;Воскресенье;12:33:52;7;ушлый
20.09.2014;Суббота;09:31:09;5;Денис
15.09.2014;Понедельник;12:28:27;1;Александр
13.09.2014;Суббота;09:35:11;2;Денис
07.09.2014;Воскресенье;17:51:01;15;Анастасия
21.08.2014;Четверг;13:44:01;34;Леонид
20.08.2014;Среда;11:38:17;100;alex
17.08.2014;Воскресенье;06:47:08;5;Юлия
09.08.2014;Суббота;23:32:01;30;Jerry
06.08.2014;Среда;08:44:28;17;Елена
02.08.2014;Суббота;10:33:00;100;Кузя
02.08.2014;Суббота;10:00:28;100;Honda
02.08.2014;Суббота;08:27:52;360;Игорь
02.08.2014;Суббота;00:12:53;50;Ираида
01.08.2014;Пятница;17:05:37;15;MADDOCTOR
01.08.2014;Пятница;09:54:14;70;дарья
19.07.2014;Суббота;12:33:53;10;Оксана
19.07.2014;Суббота;06:32:03;80;Варвара
12.07.2014;Суббота;13:38:52;10;Вика
12.07.2014;Суббота;12:27:23;35;Ксения
12.07.2014;Суббота;10:58:15;60;Вера
12.07.2014;Суббота;10:25:48;;Антон
11.07.2014;Пятница;21:36:38;0;igor
03.07.2014;Четверг;14:25:09;11;Сержик
28.06.2014;Суббота;12:49:23;40;Петр
19.06.2014;Четверг;16:26:08;;Бора
14.06.2014;Суббота;12:14:57;5;Fedor
13.06.2014;Пятница;11:25:14;170;Леночка
13.06.2014;Пятница;10:56:48;30;Диана
12.06.2014;Четверг;13:40:04;15;Дмитрий
12.06.2014;Четверг;12:12:56;;Ирина
12.06.2014;Четверг;09:42:54;80;AndyLey
12.06.2014;Четверг;05:18:29;10;Alex
11.06.2014;Среда;13:49:51;;Денис
11.06.2014;Среда;12:38:43;77;Lancer
07.06.2014;Суббота;12:31:11;15;Макс
31.05.2014;Суббота;09:03:39;;Ната
31.05.2014;Суббота;01:03:12;18;ник
30.05.2014;Пятница;17:48:48;;sattl
30.05.2014;Пятница;16:42:05;22;мм
24.05.2014;Суббота;12:22:38;3;Мурка
24.05.2014;Суббота;12:13:29;15;Мурка
20.05.2014;Вторник;07:58:43;12;Марина
20.05.2014;Вторник;07:58:29;12;Марина
17.05.2014;Суббота;11:51:43;80;Ольга
17.05.2014;Суббота;10:37:12;;Дина
17.05.2014;Суббота;10:29:03;20;марлон
16.05.2014;Пятница;13:22:19;10;Ярослав
11.05.2014;Воскресенье;07:31:20;;Никита
09.05.2014;Пятница;12:32:58;8;Иван
04.05.2014;Воскресенье;16:40:33;20;a
04.05.2014;Воскресенье;16:40:24;20;a
04.05.2014;Воскресенье;14:14:03;4;Виктория
03.05.2014;Суббота;12:38:54;39;Ozzie
02.05.2014;Пятница;14:57:03;20;Alexey
02.05.2014;Пятница;11:32:35;30;А
02.05.2014;Пятница;10:40:02;200;999
02.05.2014;Пятница;09:26:01;20;Дмитрий
02.05.2014;Пятница;08:31:57;45;Zzzz
02.05.2014;Пятница;00:02:07;17;Василий
01.05.2014;Четверг;14:36:00;10;Евгений
01.05.2014;Четверг;07:37:00;10;Papulya
01.05.2014;Четверг;02:39:34;8;Sjurka
30.04.2014;Среда;12:03:02;20;Maxim
30.04.2014;Среда;06:57:57;100;Влад
24.04.2014;Четверг;09:51:05;130;Tourwheels
12.04.2014;Суббота;09:10:08;55;qwerty
11.04.2014;Пятница;18:33:56;50;Kuga
11.04.2014;Пятница;12:20:44;;Отец
11.04.2014;Пятница;06:45:41;25;Павел
05.04.2014;Суббота;09:51:07;;Олег
05.04.2014;Суббота;07:37:37;15;Olka
29.03.2014;Суббота;10:36:57;;Иван
29.03.2014;Суббота;10:28:36;36;Иван
29.03.2014;Суббота;09:38:13;50;Гоги
29.03.2014;Суббота;08:35:18;25;Андрей
28.03.2014;Пятница;16:52:16;;Антон
22.03.2014;Суббота;13:42:05;5;Михаил
22.03.2014;Суббота;11:37:20;50;Jerry
22.03.2014;Суббота;10:59:35;30;Мария
22.03.2014;Суббота;05:22:43;1;Изя
15.03.2014;Суббота;09:41:14;15;Герман
15.03.2014;Суббота;08:49:28;20;марлон
21.02.2014;Пятница;07:39:41;20;maksim
15.02.2014;Суббота;12:09:01;30;Евгений
15.02.2014;Суббота;09:45:48;10;марлон
08.02.2014;Суббота;15:34:50;20;Ozzie
08.02.2014;Суббота;11:18:56;2;Jerry
08.02.2014;Суббота;09:01:39;50;landy
07.02.2014;Пятница;16:18:38;200;Алексей
25.01.2014;Суббота;09:03:15;20;Антон
24.01.2014;Пятница;14:49:00;9;Melass
24.01.2014;Пятница;14:48:55;9;Melass
24.01.2014;Пятница;14:48:55;9;Melass
21.01.2014;Вторник;10:29:44;;Татьяна
11.01.2014;Суббота;06:42:18;5;козявка
10.01.2014;Пятница;21:39:25;5;Ольга
08.01.2014;Среда;12:21:55;10;Елена
07.01.2014;Вторник;08:57:07;17;Михаил
07.01.2014;Вторник;08:56:14;17;Михаил
07.01.2014;Вторник;08:55:56;17;Михаил
07.01.2014;Вторник;05:05:53;20;aeg
06.01.2014;Понедельник;10:50:56;20;Егор
05.01.2014;Воскресенье;06:45:37;100;Жанна
05.01.2014;Воскресенье;06:35:57;100;Жанна
05.01.2014;Воскресенье;06:32:58;270;Сергей
05.01.2014;Воскресенье;04:34:46;20;Мария
04.01.2014;Суббота;17:07:56;;Константин
04.01.2014;Суббота;11:30:58;1;Фокус
04.01.2014;Суббота;10:56:55;60;Сергей
04.01.2014;Суббота;10:38:18;;екатерина
04.01.2014;Суббота;10:23:29;0;aylivex
04.01.2014;Суббота;09:20:33;30;Юлия
04.01.2014;Суббота;09:11:59;;Люся
04.01.2014;Суббота;07:18:12;150;Прохор
04.01.2014;Суббота;06:41:14;15;Костя
04.01.2014;Суббота;05:02:36;5;Шмяков
03.01.2014;Пятница;22:15:32;20;Ринго
03.01.2014;Пятница;19:36:23;6;aes
03.01.2014;Пятница;19:27:36;;Накипело
03.01.2014;Пятница;17:21:10;1;Иван
03.01.2014;Пятница;12:21:14;14;Алексей
03.01.2014;Пятница;09:11:34;;Kat
03.01.2014;Пятница;07:23:40;;dryn
03.01.2014;Пятница;07:16:56;;dryn
03.01.2014;Пятница;07:03:19;200;dryn
03.01.2014;Пятница;03:41:49;5;Юлия
03.01.2014;Пятница;03:41:39;5;много автобусов
02.01.2014;Четверг;18:09:05;10;Юлия
02.01.2014;Четверг;13:46:21;;вольва
02.01.2014;Четверг;11:28:47;0;Александр
02.01.2014;Четверг;09:35:55;90;ksu
02.01.2014;Четверг;07:59:29;;Елена
02.01.2014;Четверг;06:50:31;10;slaypnir
02.01.2014;Четверг;05:09:28;60;Екатерина
02.01.2014;Четверг;03:43:35;6;Миша
02.01.2014;Четверг;03:42:07;50;Екатерина
02.01.2014;Четверг;02:40:42;50;Миша
01.01.2014;Среда;22:49:22;10;Алина
01.01.2014;Среда;15:09:48;30;Aleks
01.01.2014;Среда;12:35:17;4;Papulya
01.01.2014;Среда;12:35:05;20;Виктория
01.01.2014;Среда;11:31:24;50;alisa
01.01.2014;Среда;10:46:26;100;СВЕТЛАНА
01.01.2014;Среда;10:02:21;40;гарик
01.01.2014;Среда;10:01:16;40;гарик
01.01.2014;Среда;10:01:13;40;гарик
31.12.2013;Вторник;14:09:03;10;Василий
31.12.2013;Вторник;13:44:04;10;Алексей
31.12.2013;Вторник;09:08:42;10;павел
30.12.2013;Понедельник;11:48:41;10;игорь101
30.12.2013;Понедельник;09:25:43;;Саня
30.12.2013;Понедельник;08:07:08;150;Александр
30.12.2013;Понедельник;06:48:13;50;улыбчивый дед Макар
30.12.2013;Понедельник;06:21:36;20;Я
30.12.2013;Понедельник;05:15:53;10;сусанин
30.12.2013;Понедельник;03:05:08;10;татьяна
30.12.2013;Понедельник;01:28:38;3;Ask
29.12.2013;Воскресенье;21:04:56;20;pavel
29.12.2013;Воскресенье;09:37:49;18;юля
29.12.2013;Воскресенье;08:04:15;17;Александр
29.12.2013;Воскресенье;04:49:07;24;Юрий
29.12.2013;Воскресенье;04:42:41;40;Fin
28.12.2013;Суббота;13:09:52;40;Михаил
28.12.2013;Суббота;11:28:44;40;Антон
28.12.2013;Суббота;11:12:37;50;Аня
28.12.2013;Суббота;10:45:00;;Саша
28.12.2013;Суббота;10:13:32;30;Женя
28.12.2013;Суббота;09:29:42;100;Василий
28.12.2013;Суббота;09:21:26;100;аня
28.12.2013;Суббота;06:26:51;60;КОтюШКА
28.12.2013;Суббота;06:26:43;100;landy
28.12.2013;Суббота;06:03:16;30;КОтюШКА
28.12.2013;Суббота;03:05:15;15;Филипп
27.12.2013;Пятница;05:36:24;20;nutz
27.12.2013;Пятница;05:20:13;30;Хлеб
26.12.2013;Четверг;16:43:50;1;Александр
21.12.2013;Суббота;07:45:29;10;м
21.12.2013;Суббота;04:50:30;40;polyashkam
17.12.2013;Вторник;09:38:14;4;Marlon
14.12.2013;Суббота;10:01:57;200;Умка
14.12.2013;Суббота;08:44:04;50;Андрей
08.12.2013;Воскресенье;10:55:33;7;Jerry
07.12.2013;Суббота;16:14:27;20;никита
07.12.2013;Суббота;13:17:32;40;Денис
07.12.2013;Суббота;11:01:13;20;olly
07.12.2013;Суббота;08:28:56;30;Юлия
07.12.2013;Суббота;07:05:29;50;vlad
07.12.2013;Суббота;06:52:41;25;Ольга
30.11.2013;Суббота;11:58:14;300;Ольга
30.11.2013;Суббота;10:04:08;350;Ruma
23.11.2013;Суббота;10:06:06;100;Ник
23.11.2013;Суббота;10:05:51;100;Ник
23.11.2013;Суббота;07:54:01;45;Елена
17.11.2013;Воскресенье;08:58:20;5;Олька
16.11.2013;Суббота;11:52:39;40;Andrej
15.11.2013;Пятница;08:45:30;20;Владимир
15.11.2013;Пятница;08:43:30;50;Владимир
13.11.2013;Среда;14:08:13;7;Игорь
13.11.2013;Среда;14:08:12;7;Игорь
09.11.2013;Суббота;11:03:09;30;Шура
09.11.2013;Суббота;10:44:40;100;МАКС
09.11.2013;Суббота;10:36:10;50;Юрий
09.11.2013;Суббота;10:31:04;120;Иван
09.11.2013;Суббота;10:01:35;50;Ирина
09.11.2013;Суббота;08:17:38;100;Ася
09.11.2013;Суббота;06:15:53;50;Kot
08.11.2013;Пятница;09:01:07;;Маргарита
08.11.2013;Пятница;07:41:26;15;Настя
06.11.2013;Среда;09:31:37;150;Николай
04.11.2013;Понедельник;15:41:45;15;макс
04.11.2013;Понедельник;06:32:35;50;Василий
03.11.2013;Воскресенье;16:04:00;10;Flower
03.11.2013;Воскресенье;13:28:06;250;Latvala
03.11.2013;Воскресенье;11:03:37;150;Ольга
03.11.2013;Воскресенье;10:39:47;170;AndyLey
03.11.2013;Воскресенье;09:41:33;200;Денис
03.11.2013;Воскресенье;09:23:34;80;аля
03.11.2013;Воскресенье;09:19:40;150;romandc
03.11.2013;Воскресенье;07:38:41;40;нина
02.11.2013;Суббота;16:50:34;;Саша
02.11.2013;Суббота;16:38:35;6;Артемий
02.11.2013;Суббота;16:23:54;350;Юра
02.11.2013;Суббота;14:42:12;;Сергей
02.11.2013;Суббота;13:54:05;540;веняляйнен
02.11.2013;Суббота;12:46:30;;Дронт
02.11.2013;Суббота;12:17:08;;Сергей
02.11.2013;Суббота;12:15:07;300;Мося
02.11.2013;Суббота;11:56:50;500;Россияне
02.11.2013;Суббота;11:33:19;360;Анастасия
02.11.2013;Суббота;11:09:15;;дмитрий
02.11.2013;Суббота;11:02:51;;Дмитрий
02.11.2013;Суббота;10:59:47;350;Александра
02.11.2013;Суббота;10:56:38;700;язва
02.11.2013;Суббота;10:50:07;270;Иван
02.11.2013;Суббота;10:44:44;;Андрей
02.11.2013;Суббота;10:40:27;375;Тонечка
02.11.2013;Суббота;10:26:46;;Любовь
02.11.2013;Суббота;10:19:12;350;Сергей
02.11.2013;Суббота;10:11:56;;Сергей
02.11.2013;Суббота;09:55:22;350;Вазген
02.11.2013;Суббота;09:54:39;;Андрей
02.11.2013;Суббота;09:46:38;;Марина
02.11.2013;Суббота;09:36:33;;Марина
02.11.2013;Суббота;06:31:26;50;Света
02.11.2013;Суббота;06:31:16;50;Света
02.11.2013;Суббота;05:36:32;;Александр
02.11.2013;Суббота;05:22:12;;Олег
02.11.2013;Суббота;04:15:26;30;Олег
01.11.2013;Пятница;20:48:38;15;Юлия
01.11.2013;Пятница;18:57:57;;айна
01.11.2013;Пятница;14:39:08;25;я
26.10.2013;Суббота;12:33:41;;Серьга
26.10.2013;Суббота;12:26:25;270;Чепушилка
26.10.2013;Суббота;12:26:19;300;миша сх7
26.10.2013;Суббота;11:52:23;180;Михаил
26.10.2013;Суббота;11:30:41;250;Константин
26.10.2013;Суббота;11:02:52;180;Леонид
26.10.2013;Суббота;08:44:50;;Тит
25.10.2013;Пятница;17:05:03;12;Игорь
25.10.2013;Пятница;16:30:36;12;Хуррам
25.10.2013;Пятница;15:33:23;0;Ната
25.10.2013;Пятница;14:27:31;45;лепра
22.10.2013;Вторник;22:15:20;;Таня
22.10.2013;Вторник;20:57:10;;Настя
21.10.2013;Понедельник;09:10:53;;Таня
20.10.2013;Воскресенье;12:12:59;35;санек
20.10.2013;Воскресенье;11:40:40;10;Игорь
19.10.2013;Суббота;13:46:05;;Михаил
19.10.2013;Суббота;12:13:18;84;Ульяна
19.10.2013;Суббота;11:52:53;140;Екатерина
19.10.2013;Суббота;11:51:40;120;Виктория
19.10.2013;Суббота;10:26:23;110;Леонид
18.10.2013;Пятница;18:11:55;60;Василий
14.10.2013;Понедельник;08:40:08;50;dez
12.10.2013;Суббота;12:49:07;400;Ромарио
12.10.2013;Суббота;11:25:42;250;Анна
12.10.2013;Суббота;11:06:37;;Mountlake
12.10.2013;Суббота;10:51:36;;дарья
12.10.2013;Суббота;10:44:05;400;уалера
12.10.2013;Суббота;10:30:55;200;Ivan
12.10.2013;Суббота;10:28:02;250;Сергей
12.10.2013;Суббота;10:27:47;140;Иван
12.10.2013;Суббота;10:26:42;220;Деньчик
12.10.2013;Суббота;10:25:39;;Nadinka
12.10.2013;Суббота;10:22:19;250;Серно
12.10.2013;Суббота;10:07:52;;Кирилл
12.10.2013;Суббота;09:16:02;84;Алексей
11.10.2013;Пятница;11:30:22;70;Юлия
11.10.2013;Пятница;06:34:48;25;мария
09.10.2013;Среда;12:47:37;18;Alvi
05.10.2013;Суббота;12:59:18;200;Дина
05.10.2013;Суббота;11:55:49;450;Сергей
05.10.2013;Суббота;11:31:09;330;Zivan
05.10.2013;Суббота;11:30:34;500;Юля
05.10.2013;Суббота;10:08:18;300;Маркиз
04.10.2013;Пятница;16:20:32;4;Pavel
04.10.2013;Пятница;10:03:15;7;кэт
02.10.2013;Среда;09:40:29;50;Оля
29.09.2013;Воскресенье;09:31:18;150;рома
29.09.2013;Воскресенье;09:10:15;150;Сергей
29.09.2013;Воскресенье;08:56:27;80;Сергей
28.09.2013;Суббота;17:27:39;30;Олег
28.09.2013;Суббота;13:19:29;25;Кэт
28.09.2013;Суббота;12:35:41;300;Сергей
28.09.2013;Суббота;11:57:15;200;Панда
28.09.2013;Суббота;09:14:44;50;Ната
28.09.2013;Суббота;07:42:01;100;во
28.09.2013;Суббота;06:42:42;50;Сережа
24.09.2013;Вторник;09:56:45;50;dez
21.09.2013;Суббота;14:22:28;25;Роман
18.09.2013;Среда;12:33:26;40;Антон на кашкае
14.09.2013;Суббота;13:37:03;300;Димон
14.09.2013;Суббота;13:23:50;100;Ольга
14.09.2013;Суббота;13:19:28;80;drokon
14.09.2013;Суббота;12:29:44;300;елена
14.09.2013;Суббота;11:42:36;130;Алена
14.09.2013;Суббота;10:32:29;190;IG
14.09.2013;Суббота;09:41:52;500;Маркиз
14.09.2013;Суббота;07:36:28;150;igor
13.09.2013;Пятница;14:09:45;30;Елена
11.09.2013;Среда;11:35:55;20;Вит
07.09.2013;Суббота;15:02:15;10;маруся27
07.09.2013;Суббота;14:05:25;30;Максим
07.09.2013;Суббота;09:32:55;100;Настя
06.09.2013;Пятница;20:25:44;0;гоша
06.09.2013;Пятница;15:00:59;35;Гарик
04.09.2013;Среда;17:06:57;7;мм
02.09.2013;Понедельник;20:34:28;14;Паша
02.09.2013;Понедельник;10:58:42;5;Андрей
31.08.2013;Суббота;07:21:24;10;Anton
30.08.2013;Пятница;19:21:46;24;Стас
18.08.2013;Воскресенье;17:08:27;25;Майк
18.08.2013;Воскресенье;06:54:38;0;Ааа
17.08.2013;Суббота;14:06:09;25;Майк
17.08.2013;Суббота;14:06:00;25;Майк
17.08.2013;Суббота;14:02:10;8;SAB
17.08.2013;Суббота;13:22:14;;mik
17.08.2013;Суббота;12:01:28;120;турыст
17.08.2013;Суббота;10:29:01;;Наталья
17.08.2013;Суббота;10:14:22;250;капа
15.08.2013;Четверг;14:31:05;50;Татьяна
14.08.2013;Среда;11:17:15;100;Анна
13.08.2013;Вторник;11:14:00;110;Я
11.08.2013;Воскресенье;12:55:51;40;dez
10.08.2013;Суббота;12:25:02;360;Pavel
10.08.2013;Суббота;11:22:06;180;Елена
10.08.2013;Суббота;10:54:43;;Санек
10.08.2013;Суббота;10:22:52;500;Артем
10.08.2013;Суббота;09:45:49;350;алесей
10.08.2013;Суббота;09:42:54;300;rattlе на пылюке
10.08.2013;Суббота;09:41:34;180;Ольга
10.08.2013;Суббота;09:18:30;180;Санек
10.08.2013;Суббота;03:53:55;15;Ал
03.08.2013;Суббота;09:20:28;25;Елена
01.08.2013;Четверг;14:47:26;10;Никита
29.07.2013;Понедельник;10:17:11;200;Lord
28.07.2013;Воскресенье;16:31:49;20;Veselov
28.07.2013;Воскресенье;10:31:52;50;карина
28.07.2013;Воскресенье;10:25:10;50;карина
27.07.2013;Суббота;14:37:37;15;михаил
27.07.2013;Суббота;12:45:37;67;Владимир
27.07.2013;Суббота;12:41:45;600;Dron
27.07.2013;Суббота;12:14:26;460;Dron
27.07.2013;Суббота;11:55:07;60;марио
27.07.2013;Суббота;11:21:44;200;Юрий
27.07.2013;Суббота;11:16:00;245;Dron
27.07.2013;Суббота;10:09:58;;Саныч
27.07.2013;Суббота;10:09:47;100;Ленкин
27.07.2013;Суббота;10:02:18;;Людмила
27.07.2013;Суббота;04:46:16;5;Анна
26.07.2013;Пятница;15:29:34;50;Евгения
26.07.2013;Пятница;13:26:12;23;Елизавета
25.07.2013;Четверг;13:03:05;35;Алекс
25.07.2013;Четверг;06:59:11;20;Alex
21.07.2013;Воскресенье;13:38:57;25;Лилия
21.07.2013;Воскресенье;13:30:59;50;Лилия
21.07.2013;Воскресенье;10:04:18;25;Shamil
20.07.2013;Суббота;13:08:06;;Irisha
20.07.2013;Суббота;13:04:45;45;Irisha
20.07.2013;Суббота;13:02:11;80;Veselov
20.07.2013;Суббота;10:00:56;150;Виктор
20.07.2013;Суббота;08:17:05;0;Alex
19.07.2013;Пятница;21:02:17;15;Андрей
17.07.2013;Среда;10:48:45;0;Alvi
14.07.2013;Воскресенье;16:57:08;15;максим
13.07.2013;Суббота;11:26:05;350;Иван
13.07.2013;Суббота;10:50:35;;Надежда
13.07.2013;Суббота;09:58:21;70;Надежда
13.07.2013;Суббота;08:56:14;150;Дмитрий
13.07.2013;Суббота;08:11:54;300;Сергей
12.07.2013;Пятница;20:44:21;40;Djessika
12.07.2013;Пятница;19:43:31;30;Slonikk
12.07.2013;Пятница;09:03:55;65;Михаил
06.07.2013;Суббота;12:46:37;5;Сергей
06.07.2013;Суббота;11:36:41;50;Юрий
06.07.2013;Суббота;11:24:08;17;Xxx
06.07.2013;Суббота;09:18:01;;Пятница
05.07.2013;Пятница;22:23:59;30;наташа
05.07.2013;Пятница;11:43:34;50;Оля
01.07.2013;Понедельник;13:59:50;0;Иванмудак
01.07.2013;Понедельник;13:30:48;3;Ксения
29.06.2013;Суббота;10:50:39;100;Иван
29.06.2013;Суббота;10:47:59;100;Иван
29.06.2013;Суббота;07:32:34;15;skaz
29.06.2013;Суббота;04:06:12;8;Физрук
28.06.2013;Пятница;20:47:21;5;Алекс
28.06.2013;Пятница;12:22:54;30;Den
26.06.2013;Среда;10:02:31;20;ВЕ
22.06.2013;Суббота;10:02:01;30;Иван
15.06.2013;Суббота;03:37:15;15;хариссон
12.06.2013;Среда;11:04:24;150;Илья
12.06.2013;Среда;10:29:20;200;Андрей
12.06.2013;Среда;10:05:42;400;Весна
12.06.2013;Среда;08:23:20;250;Будулай на
12.06.2013;Среда;07:59:04;330;Брат Алексея
12.06.2013;Среда;06:37:11;6;Саня
12.06.2013;Среда;06:32:37;5;Саня
11.06.2013;Вторник;19:32:17;25;сергей
11.06.2013;Вторник;15:04:24;30;Мария
10.06.2013;Понедельник;08:47:10;;Forester
09.06.2013;Воскресенье;17:44:04;;Хмырь
09.06.2013;Воскресенье;10:13:11;180;Евгений
06.06.2013;Четверг;15:17:47;2;Геннадий
06.06.2013;Четверг;15:17:47;2;Геннадий
01.06.2013;Суббота;14:39:16;5;мм
25.05.2013;Суббота;16:25:44;10;леха
25.05.2013;Суббота;13:05:28;7;GL
22.05.2013;Среда;07:57:29;150;Светлана
18.05.2013;Суббота;10:35:16;40;марио
18.05.2013;Суббота;08:18:40;25;IG
17.05.2013;Пятница;08:42:50;30;лера
16.05.2013;Четверг;07:33:56;25;Михаил
15.05.2013;Среда;09:49:18;15;Kra3
12.05.2013;Воскресенье;02:46:48;4;FIN999
10.05.2013;Пятница;15:35:32;3;Яна
10.05.2013;Пятница;11:46:32;16;Сема
10.05.2013;Пятница;11:14:57;20;Денис
10.05.2013;Пятница;10:49:17;25;Надя
10.05.2013;Пятница;09:00:55;50;Alex813
10.05.2013;Пятница;06:48:49;50;лена
09.05.2013;Четверг;06:08:12;30;Антон
09.05.2013;Четверг;06:01:29;40;сергей бай
07.05.2013;Вторник;15:15:00;15;Дмитрий
07.05.2013;Вторник;09:45:59;10;ВЕ
03.05.2013;Пятница;11:17:54;20;Юра
03.05.2013;Пятница;10:44:07;35;Юра
03.05.2013;Пятница;09:58:41;30;Елена
03.05.2013;Пятница;09:50:38;50;Сережа
03.05.2013;Пятница;09:31:08;20;Kra3
03.05.2013;Пятница;09:09:11;15;Kra3
02.05.2013;Четверг;16:41:48;0;Татьяна
02.05.2013;Четверг;15:50:51;;Родители
02.05.2013;Четверг;15:33:47;;Родители
02.05.2013;Четверг;14:19:06;3;Андрей
02.05.2013;Четверг;14:14:11;10;петр
02.05.2013;Четверг;12:22:19;20;Егор
02.05.2013;Четверг;11:07:33;120;Иван
02.05.2013;Четверг;10:43:57;120;Светлана
02.05.2013;Четверг;10:43:38;120;Светлана
02.05.2013;Четверг;10:08:44;100;Лютый
02.05.2013;Четверг;09:50:25;110;alex670
02.05.2013;Четверг;09:10:45;300;Марта
02.05.2013;Четверг;09:07:08;200;Мария
02.05.2013;Четверг;08:28:41;150;nonick
02.05.2013;Четверг;07:33:05;60;Денис
02.05.2013;Четверг;04:45:29;;Екатерина
02.05.2013;Четверг;04:36:15;10;Екатерина
02.05.2013;Четверг;04:13:12;0;Alex
01.05.2013;Среда;16:48:18;;Слава
01.05.2013;Среда;15:33:42;1;Сергей
01.05.2013;Среда;14:34:29;3;олег
01.05.2013;Среда;13:38:49;60;Кося
01.05.2013;Среда;12:49:08;;ВАЗ 2112
01.05.2013;Среда;11:50:12;200;Евген
01.05.2013;Среда;09:32:18;110;александр
01.05.2013;Среда;06:49:45;;Геннадий
01.05.2013;Среда;06:33:32;30;Света
01.05.2013;Среда;03:00:33;200;DIKTUZ
30.04.2013;Вторник;16:16:37;30;Сергей
30.04.2013;Вторник;15:45:36;84;Екатерина
28.04.2013;Воскресенье;11:24:09;18;marusia27
27.04.2013;Суббота;11:31:33;100;Liliya
27.04.2013;Суббота;08:39:00;150;Алексей
24.04.2013;Среда;11:31:12;170;mariuka
22.04.2013;Понедельник;10:38:18;40;zahoder
21.04.2013;Воскресенье;11:43:23;0;Vlad
20.04.2013;Суббота;12:14:14;1;Ольга
20.04.2013;Суббота;10:57:24;40;Xena
20.04.2013;Суббота;09:36:02;84;Владимир
18.04.2013;Четверг;13:37:02;10;FIN999
18.04.2013;Четверг;08:34:53;20;Diktuz
13.04.2013;Суббота;11:18:18;200;Alex
13.04.2013;Суббота;10:57:35;;gryphon
13.04.2013;Суббота;10:54:15;;Миша
13.04.2013;Суббота;10:03:45;200;ирина
13.04.2013;Суббота;10:03:15;120;Антон
13.04.2013;Суббота;09:40:22;;Миша
13.04.2013;Суббота;08:17:03;80;Антон
12.04.2013;Пятница;15:36:22;50;North
06.04.2013;Суббота;15:15:36;5;Сергей Великий
06.04.2013;Суббота;13:52:53;20;Lehus
06.04.2013;Суббота;13:52:53;20;Lehus
06.04.2013;Суббота;10:33:18;40;Татьяна
31.03.2013;Воскресенье;07:17:41;0;Татьяна
30.03.2013;Суббота;14:16:58;40;Алексей
30.03.2013;Суббота;09:05:48;10;Татьяна
29.03.2013;Пятница;00:31:11;0;FIN999
28.03.2013;Четверг;14:41:18;10;FIN999
26.03.2013;Вторник;07:18:41;60;Алексей
24.03.2013;Воскресенье;16:07:35;0;FIN999
23.03.2013;Суббота;09:46:24;200;ярослав
23.03.2013;Суббота;09:01:27;50;ярослав
23.03.2013;Суббота;09:00:55;50;ярослав
23.03.2013;Суббота;08:57:58;50;ярослав
23.03.2013;Суббота;07:56:25;200;Dmitrii
21.03.2013;Четверг;09:05:14;3;Сергей
19.03.2013;Вторник;11:12:39;40;максим
16.03.2013;Суббота;11:46:37;;Евг
16.03.2013;Суббота;08:47:01;80;Дмитрий
16.03.2013;Суббота;06:42:06;80;Антон
16.03.2013;Суббота;06:35:51;40;Alex
16.03.2013;Суббота;06:35:21;80;Антон
16.03.2013;Суббота;06:20:13;70;Kat
15.03.2013;Пятница;10:30:11;50;Кристина
10.03.2013;Воскресенье;08:36:59;10;Николай
09.03.2013;Суббота;10:13:01;50;Koshka
09.03.2013;Суббота;07:31:00;50;Di
09.03.2013;Суббота;07:14:08;40;VW 878
09.03.2013;Суббота;06:33:53;30;•••8557
08.03.2013;Пятница;13:36:53;5;Таня
08.03.2013;Пятница;08:45:08;100;Юля
08.03.2013;Пятница;07:37:14;100;FIN999
07.03.2013;Четверг;23:50:43;30;Ольга
07.03.2013;Четверг;21:41:45;120;Александр
07.03.2013;Четверг;18:58:31;30;G
07.03.2013;Четверг;18:51:11;10;GL
06.03.2013;Среда;09:10:21;30;евгений
02.03.2013;Суббота;12:04:24;290;Ekaterina
02.03.2013;Суббота;11:46:16;;елена
02.03.2013;Суббота;10:17:35;35;марио
02.03.2013;Суббота;10:15:59;25;Руслан
23.02.2013;Суббота;09:43:06;50;Ксения
23.02.2013;Суббота;09:28:52;;Антон
22.02.2013;Пятница;17:17:35;30;Veselov
22.02.2013;Пятница;16:15:56;50;GL
16.02.2013;Суббота;11:43:30;15;наташа
16.02.2013;Суббота;09:55:25;60;света
16.02.2013;Суббота;08:36:14;50;николай
16.02.2013;Суббота;08:05:39;120;Алексей
14.02.2013;Четверг;03:49:55;2;Ваня
14.02.2013;Четверг;03:05:18;5;Уля
10.02.2013;Воскресенье;10:07:53;35;DiverSPb
09.02.2013;Суббота;11:51:10;350;Слава
09.02.2013;Суббота;10:59:05;100;Лена
09.02.2013;Суббота;10:07:08;100;Artem2k
09.02.2013;Суббота;09:57:24;100;Алекс
03.02.2013;Воскресенье;05:54:48;6;FIN999
02.02.2013;Суббота;08:24:56;60;Paul
02.02.2013;Суббота;05:26:15;10;andr
01.02.2013;Пятница;08:34:12;5;603
31.01.2013;Четверг;08:08:02;10;FIN999
28.01.2013;Понедельник;08:04:08;0;Кинг Лайн
27.01.2013;Воскресенье;13:36:40;4;Роман
26.01.2013;Суббота;11:14:05;;Ася
26.01.2013;Суббота;11:08:58;540;Мария
26.01.2013;Суббота;11:08:47;200;dim
19.01.2013;Суббота;08:20:50;220;Антон
18.01.2013;Пятница;14:43:33;2;Александра
18.01.2013;Пятница;08:51:07;50;Кинг Лайн
12.01.2013;Суббота;07:58:34;15;Саня
11.01.2013;Пятница;08:12:58;0;Кинг Лайн
10.01.2013;Четверг;07:43:00;0;Дронт
10.01.2013;Четверг;07:36:40;0;Кинг Лайн
07.01.2013;Понедельник;08:58:02;3;Nastya
07.01.2013;Понедельник;06:36:53;50;net
05.01.2013;Суббота;19:29:33;;Оля
05.01.2013;Суббота;11:34:30;300;шкода
05.01.2013;Суббота;10:07:00;40;Anton
04.01.2013;Пятница;12:12:50;;Анж
04.01.2013;Пятница;10:42:22;180;Cat
04.01.2013;Пятница;10:19:12;800;Артём
04.01.2013;Пятница;10:05:47;180;алекс
04.01.2013;Пятница;09:33:07;600;Леха на Пилоте
04.01.2013;Пятница;08:18:19;250;Константин
04.01.2013;Пятница;06:09:56;45;Артем
04.01.2013;Пятница;06:09:44;30;тиг
04.01.2013;Пятница;05:19:03;5;лилия
03.01.2013;Четверг;14:25:53;25;Федор
03.01.2013;Четверг;11:58:59;40;александр
03.01.2013;Четверг;10:08:33;;Мария
03.01.2013;Четверг;08:48:17;170;Катя
02.01.2013;Среда;19:38:52;15;AleX
02.01.2013;Среда;12:05:31;;Арам
02.01.2013;Среда;10:25:32;300;Саша
02.01.2013;Среда;09:09:58;200;димон 589
31.12.2012;Понедельник;18:27:33;0;Сергей
31.12.2012;Понедельник;08:00:20;5;v2k
31.12.2012;Понедельник;05:15:53;30;Кот и Лиса
31.12.2012;Понедельник;03:49:12;8;Eldar
30.12.2012;Воскресенье;13:20:07;;лика
30.12.2012;Воскресенье;11:02:28;50;Евгения
30.12.2012;Воскресенье;10:39:42;130;nesa
30.12.2012;Воскресенье;09:22:06;100;Дарья
29.12.2012;Суббота;10:24:13;30;perepel
29.12.2012;Суббота;08:53:52;30;Алекс
29.12.2012;Суббота;08:07:11;;Yucatan
28.12.2012;Пятница;11:43:51;0;Илья
26.12.2012;Среда;12:47:17;0;Кинг Лайн
25.12.2012;Вторник;07:58:25;0;Кинг Лайн
21.12.2012;Пятница;06:29:01;10;Александра
20.12.2012;Четверг;07:00:41;75;BusTours
20.12.2012;Четверг;06:26:22;50;Степ
20.12.2012;Четверг;04:44:14;5;Кристина
18.12.2012;Вторник;08:34:33;30;ВЕ
18.12.2012;Вторник;08:13:08;200;Кинг Лайн
15.12.2012;Суббота;11:10:20;500;Саша
15.12.2012;Суббота;10:33:13;500;Liana
15.12.2012;Суббота;10:14:09;300;Константин
15.12.2012;Суббота;09:41:32;300;Liana
15.12.2012;Суббота;08:47:52;140;geritch
15.12.2012;Суббота;07:45:59;100;Elena
15.12.2012;Суббота;07:36:20;300;Люля
15.12.2012;Суббота;07:03:33;100;Андрей
08.12.2012;Суббота;13:11:31;20;dim
08.12.2012;Суббота;10:08:56;100;Анна
08.12.2012;Суббота;09:19:31;180;Partizan
08.12.2012;Суббота;08:50:25;;RedIce
07.12.2012;Пятница;17:06:27;50;Anna
07.12.2012;Пятница;13:47:04;10;Кинг Лайн
07.12.2012;Пятница;10:33:40;30;barsuk
06.12.2012;Четверг;14:04:37;0;Кинг Лайн
06.12.2012;Четверг;14:04:37;0;Кинг Лайн
05.12.2012;Среда;09:20:51;25;•••0606
04.12.2012;Вторник;11:58:07;3;василий
04.12.2012;Вторник;09:15:26;10;Татьяна
29.11.2012;Четверг;11:37:43;11;GL
26.11.2012;Понедельник;07:57:47;15;Кинг Лайн
25.11.2012;Воскресенье;09:08:06;70;Jerry
24.11.2012;Суббота;10:48:03;;Елена
24.11.2012;Суббота;10:18:34;20;Елена
24.11.2012;Суббота;07:00:17;15;SamSPb
23.11.2012;Пятница;20:01:07;15;Jerry
23.11.2012;Пятница;11:39:17;10;Кинг Лайн
23.11.2012;Пятница;08:15:15;30;Кинг Лайн
17.11.2012;Суббота;08:47:42;35;Анна
16.11.2012;Пятница;07:30:08;200;Кинг Лайн
15.11.2012;Четверг;12:40:33;0;Кинг Лайн
14.11.2012;Среда;14:35:05;0;Кинг Лайн
13.11.2012;Вторник;08:02:03;70;Кинг Лайн
10.11.2012;Суббота;09:07:42;40;ярослав
09.11.2012;Пятница;09:00:01;67;евгений
08.11.2012;Четверг;07:10:25;0;Кинг Лайн
06.11.2012;Вторник;05:42:51;3;Photomanya
05.11.2012;Понедельник;08:48:40;50;Кинг Лайн
05.11.2012;Понедельник;08:31:01;270;мамонт
05.11.2012;Понедельник;07:27:47;0;Кинг Лайн
04.11.2012;Воскресенье;14:26:24;3;Сергей
03.11.2012;Суббота;08:45:47;50;aylivex
03.11.2012;Суббота;05:29:20;30;Сергей
02.11.2012;Пятница;07:43:57;15;Антон
01.11.2012;Четверг;09:58:33;25;а576он
28.10.2012;Воскресенье;09:56:42;70;Кинг Лайн
27.10.2012;Суббота;10:49:34;360;Роман
23.10.2012;Вторник;13:38:02;0;Кинг Лайн
23.10.2012;Вторник;08:18:26;0;Кинг Лайн
21.10.2012;Воскресенье;09:11:19;0;Кинг Лайн
21.10.2012;Воскресенье;08:20:13;30;Кинг Лайн
20.10.2012;Суббота;11:50:49;70;Виктор
18.10.2012;Четверг;09:25:12;180;FanatSPB
18.10.2012;Четверг;09:23:18;180;FanatSPB
15.10.2012;Понедельник;13:35:37;0;Кинг Лайн
06.10.2012;Суббота;11:27:56;84;Владимир
05.10.2012;Пятница;21:16:23;30;Руслан
08.11.2010;Понедельник;09:04:54;1;Kolya
06.11.2010;Суббота;17:08:27;;Nick
06.11.2010;Суббота;06:00:27;1;Nick
05.11.2010;Пятница;12:05:50;;79312248196
05.11.2010;Пятница;00:10:04;40;Pirgal52
04.11.2010;Четверг;22:48:35;76;Pirgal52
04.11.2010;Четверг;17:44:41;295;•••7747
04.11.2010;Четверг;16:58:52;;79522277747
04.11.2010;Четверг;16:16:10;;Сергей
04.11.2010;Четверг;12:35:46;;rallyphil
04.11.2010;Четверг;11:58:16;;rallyphil
04.11.2010;Четверг;09:21:28;300;comaa
04.11.2010;Четверг;07:50:02;70;Olga
04.11.2010;Четверг;03:28:23;90;Виталий
03.11.2010;Среда;15:37:18;80;•••7498
21.10.2010;Четверг;19:17:56;15;Дмитрий
15.10.2010;Пятница;16:56:07;0;andy
14.10.2010;Четверг;06:56:26;5;User47
18.09.2010;Суббота;14:04:13;30;•••4227
20.08.2010;Пятница;15:01:02;40;Tchevy
13.08.2010;Пятница;20:07:48;540;Tom
07.08.2010;Суббота;23:49:30;0;•••8909
07.08.2010;Суббота;06:49:09;10;beer
05.08.2010;Четверг;21:45:06;80;Olgerd
31.07.2010;Суббота;23:18:33;1;•••8909
31.07.2010;Суббота;03:59:34;2;•••8909
21.07.2010;Среда;16:46:28;12;Olymp
09.07.2010;Пятница;03:56:39;5;Владислав
03.07.2010;Суббота;12:25:37;10;•••4227
27.06.2010;Воскресенье;17:50:02;;79219388909
24.06.2010;Четверг;19:12:19;27;•••8909
19.06.2010;Суббота;15:35:43;22;agair
19.06.2010;Суббота;08:18:53;7;Лев
15.06.2010;Вторник;16:43:41;33;Evgeny
11.06.2010;Пятница;21:21:42;38;Марат
11.06.2010;Пятница;16:52:07;40;•••8714
07.06.2010;Понедельник;17:01:09;3;Ольга
17.05.2010;Понедельник;19:49:57;2;игорь
07.05.2010;Пятница;12:56:21;3;•••8262
05.05.2010;Среда;15:57:49;3;•••3325
01.05.2010;Суббота;11:37:51;6;•••3325
01.05.2010;Суббота;07:18:21;45;сeрж
01.05.2010;Суббота;06:42:42;50;•••5545
30.04.2010;Пятница;15:37:52;40;•••2368
30.04.2010;Пятница;05:51:39;30;Андрей
28.04.2010;Среда;22:21:11;1;•••9092
24.04.2010;Суббота;11:16:23;12;Lazy driver
20.04.2010;Вторник;11:41:20;3;Кузя
16.04.2010;Пятница;16:59:04;15;•••7024
09.04.2010;Пятница;20:11:29;30;•••9041
03.04.2010;Суббота;21:49:21;;юрий
26.02.2010;Пятница;07:13:29;12;Alexey
22.02.2010;Понедельник;22:25:43;5;Tim
20.02.2010;Суббота;20:25:29;60;TIM
20.02.2010;Суббота;01:16:26;100;•••8551
19.02.2010;Пятница;17:07:00;20;•••7325
16.02.2010;Вторник;14:38:17;;Андрей
13.02.2010;Суббота;14:25:17;3;Андрей
23.01.2010;Суббота;13:35:58;10;Таня
08.01.2010;Пятница;00:21:43;0;Алекс
05.01.2010;Вторник;10:41:59;50;VALter
04.01.2010;Понедельник;15:20:13;80;Алекс
04.01.2010;Понедельник;13:19:35;80;sisi
04.01.2010;Понедельник;08:42:28;10;Андрей
04.01.2010;Понедельник;01:44:44;20;•••7325
03.01.2010;Воскресенье;19:19:02;;kong
03.01.2010;Воскресенье;11:25:24;200;kong
02.01.2010;Суббота;10:26:41;50;КатRUSя
01.01.2010;Пятница;19:14:59;10;•••7651
31.12.2009;Четверг;03:11:35;200;www
30.12.2009;Среда;13:18:15;190;Maxim spb
30.12.2009;Среда;09:40:26;150;Дмитрий
16.12.2009;Среда;18:47:27;15;Vladimir
12.11.2009;Четверг;21:19:39;20;Kot
09.11.2009;Понедельник;15:22:18;6;алла
05.11.2009;Четверг;21:13:23;10;Ivangorodskiy
25.10.2009;Воскресенье;14:38:21;8;•••7024
16.10.2009;Пятница;13:00:00;20;СЗТУ
14.10.2009;Среда;08:00:00;20;СЗТУ
23.09.2009;Среда;09:46:48;1;Dinic
16.09.2009;Среда;08:00:00;15;СЗТУ
02.09.2009;Среда;12:43:03;0;Арт
05.08.2009;Среда;12:00:00;8;СЗТУ
04.08.2009;Вторник;08:00:00;0;СЗТУ
31.07.2009;Пятница;08:00:00;15;СЗТУ
30.07.2009;Четверг;14:00:00;0;СЗТУ
28.07.2009;Вторник;14:00:00;10;СЗТУ
17.07.2009;Пятница;14:00:00;25;СЗТУ
