18.01.2019;Пятница;16:23:53;2;Михаил
04.01.2019;Пятница;19:08:54;10;Ярослав
04.01.2019;Пятница;16:08:50;30;Катя
04.01.2019;Пятница;10:15:43;;Елена
03.01.2019;Четверг;22:46:45;;Che
03.01.2019;Четверг;19:11:37;15;Ирка
03.01.2019;Четверг;13:47:20;;Анна
02.01.2019;Среда;14:21:37;;Маша
02.01.2019;Среда;12:54:09;200;И
01.01.2019;Вторник;17:28:48;30;м1171
31.12.2018;Понедельник;13:32:20;20;Maria
31.12.2018;Понедельник;10:05:24;15;Анастасия
30.12.2018;Воскресенье;18:56:00;5;Стас
30.12.2018;Воскресенье;18:09:26;15;Ии
30.12.2018;Воскресенье;17:40:19;45;Ii
29.12.2018;Суббота;10:01:35;4;Алла
29.12.2018;Суббота;09:13:26;10;Алина
29.12.2018;Суббота;06:51:01;30;Oleg
27.12.2018;Четверг;14:14:37;17;Елизавета
27.12.2018;Четверг;13:59:08;15;Сергей
27.12.2018;Четверг;11:39:09;100;Сергей
27.12.2018;Четверг;09:36:20;12;Алексей
27.12.2018;Четверг;09:14:05;12;Алексей
23.12.2018;Воскресенье;07:31:42;4;Тот же Максим
21.12.2018;Пятница;11:52:48;20;ВЕ
20.12.2018;Четверг;09:00:05;15;Надежда
18.12.2018;Вторник;13:47:43;100;Андрей
17.12.2018;Понедельник;11:21:01;20;Наталья
16.12.2018;Воскресенье;12:21:57;50;Виталий
15.12.2018;Суббота;12:07:19;150;Иван
15.12.2018;Суббота;11:20:40;300;Vadim
11.12.2018;Вторник;12:01:25;50;Игорь
10.12.2018;Понедельник;12:12:51;30;Роман
08.12.2018;Суббота;14:17:15;40;Антон
08.12.2018;Суббота;13:48:39;20;Дмитрий
08.12.2018;Суббота;11:17:53;6;Егор
08.12.2018;Суббота;08:38:54;;AndyLey
07.12.2018;Пятница;14:14:00;42;Татьяна
07.12.2018;Пятница;13:01:32;50;Иван
02.12.2018;Воскресенье;10:21:44;10;И
01.12.2018;Суббота;09:52:51;50;Аня
01.12.2018;Суббота;09:12:00;;Вика
24.11.2018;Суббота;13:56:41;;Наталия
24.11.2018;Суббота;11:06:53;50;Иван
22.11.2018;Четверг;11:40:19;20;Олег
18.11.2018;Воскресенье;11:32:53;40;Виктор
18.11.2018;Воскресенье;11:31:59;40;Виктор
16.11.2018;Пятница;10:57:48;10;Сергей
13.11.2018;Вторник;11:14:26;10;ВЕ
12.11.2018;Понедельник;14:21:56;5;иннокентий
10.11.2018;Суббота;12:51:42;;Олимп
07.11.2018;Среда;10:17:07;15;Ольга
05.11.2018;Понедельник;11:06:23;20;Игорь
05.11.2018;Понедельник;08:40:46;15;Джэк
04.11.2018;Воскресенье;17:07:08;150;Иван
04.11.2018;Воскресенье;15:57:36;;ммм
04.11.2018;Воскресенье;14:16:46;200;Игорь
02.11.2018;Пятница;11:05:29;7;Полина
31.10.2018;Среда;16:08:27;20;Sergio
31.10.2018;Среда;14:45:06;36;Слава
28.10.2018;Воскресенье;15:57:50;30;Никита
28.10.2018;Воскресенье;14:38:31;;Николай
28.10.2018;Воскресенье;14:37:26;;Николай
27.10.2018;Суббота;19:25:23;100;Влад
27.10.2018;Суббота;18:35:58;;Слава
27.10.2018;Суббота;17:15:46;;Злой
27.10.2018;Суббота;15:23:40;80;Влад
27.10.2018;Суббота;08:38:18;30;Валерий
20.10.2018;Суббота;11:04:35;100;Слава
18.10.2018;Четверг;13:05:12;15;Юрий
18.10.2018;Четверг;11:53:36;23;Ирина
06.10.2018;Суббота;13:57:57;16;Мария
06.10.2018;Суббота;13:44:09;20;Никита
29.09.2018;Суббота;14:27:53;200;Сергей
29.09.2018;Суббота;11:52:19;20;Макс
23.09.2018;Воскресенье;11:22:29;30;Евгений
22.09.2018;Суббота;10:24:22;6;Дмитрий
22.09.2018;Суббота;09:30:03;30;bvd
22.09.2018;Суббота;09:29:57;30;bvd
21.09.2018;Пятница;15:42:52;15;Алина
21.09.2018;Пятница;12:08:24;50;Владимир
15.09.2018;Суббота;10:23:21;;Юля
08.09.2018;Суббота;16:42:52;6;Михаил
01.09.2018;Суббота;17:51:54;0;игорь
01.09.2018;Суббота;16:48:12;3;Владимир
31.08.2018;Пятница;14:35:27;6;Евгений
26.08.2018;Воскресенье;11:14:28;20;Сима
24.08.2018;Пятница;16:11:48;50;Юлия
18.08.2018;Суббота;08:59:12;5;Венера
15.08.2018;Среда;17:06:13;30;Юрий
15.08.2018;Среда;16:09:50;15;Елена
14.08.2018;Вторник;13:36:28;10;Елена
12.08.2018;Воскресенье;14:34:15;15;Jerry
11.08.2018;Суббота;18:19:45;30;Юрий
11.08.2018;Суббота;17:51:16;60;Владимир
11.08.2018;Суббота;17:49:11;60;Владимир
11.08.2018;Суббота;17:16:18;40;Михаил
11.08.2018;Суббота;12:05:28;180;Александр
10.08.2018;Пятница;12:45:29;200;Олег
10.08.2018;Пятница;10:00:23;30;наталья
09.08.2018;Четверг;12:14:25;200;Алена
09.08.2018;Четверг;11:25:40;60;ВЕ
09.08.2018;Четверг;11:05:57;30;Владимир
08.08.2018;Среда;17:52:18;40;Elena
07.08.2018;Вторник;16:12:00;45;Лена
06.08.2018;Понедельник;15:05:17;27;ensi-bus
06.08.2018;Понедельник;08:38:08;2;ensi-bus
03.08.2018;Пятница;09:30:39;4;Тимур
02.08.2018;Четверг;09:09:53;0;Юрий
31.07.2018;Вторник;15:43:01;5;Михаил
31.07.2018;Вторник;11:54:54;50;Валерий
28.07.2018;Суббота;13:25:03;100;Димон
25.07.2018;Среда;14:52:48;40;Татьяна
16.07.2018;Понедельник;14:09:39;50;Иван
15.07.2018;Воскресенье;20:26:44;3;Gregory
15.07.2018;Воскресенье;08:00:40;10;Серж
13.07.2018;Пятница;19:49:57;30;Инна
12.07.2018;Четверг;11:09:54;40;Алексей
11.07.2018;Среда;13:59:54;50;Евгений
11.07.2018;Среда;13:59:54;50;Евгений
11.07.2018;Среда;13:59:40;50;Евгений
10.07.2018;Вторник;12:36:34;40;Vasiliy
06.07.2018;Пятница;14:56:47;10;Al
04.07.2018;Среда;12:09:32;50;Андрей
30.06.2018;Суббота;14:20:32;15;Дмитрий
23.06.2018;Суббота;11:08:10;50;Павел
23.06.2018;Суббота;00:25:19;50;Стас
22.06.2018;Пятница;23:52:02;16;Евгений
21.06.2018;Четверг;12:20:25;;Александр
14.06.2018;Четверг;10:57:49;2;ВЕ
12.06.2018;Вторник;13:33:17;35;Natalia
12.06.2018;Вторник;12:14:12;40;Alex
12.06.2018;Вторник;11:25:22;10;Бабаич
11.06.2018;Понедельник;17:27:48;12;Vovk
11.06.2018;Понедельник;17:27:47;12;Vovk
11.06.2018;Понедельник;17:25:26;24;Leonid
11.06.2018;Понедельник;16:40:13;20;Tele-Mir
11.06.2018;Понедельник;14:57:33;60;Виталий
11.06.2018;Понедельник;13:57:54;25;алёша
11.06.2018;Понедельник;11:31:56;500;Аркадий
11.06.2018;Понедельник;11:04:09;100;Елена
11.06.2018;Понедельник;11:04:09;100;Елена
10.06.2018;Воскресенье;11:55:33;30;Максим
09.06.2018;Суббота;20:50:11;200;Рома x6
05.06.2018;Вторник;13:05:40;;Елена
01.06.2018;Пятница;12:08:36;12;Игорь
01.06.2018;Пятница;12:08:23;12;Игорь
30.05.2018;Среда;11:47:19;9;Валерия
26.05.2018;Суббота;13:52:07;7;Allu
01.05.2018;Вторник;09:53:33;15;Саша
30.04.2018;Понедельник;17:57:58;20;Мария
30.04.2018;Понедельник;17:15:08;;Мария
30.04.2018;Понедельник;17:14:54;;Мария
30.04.2018;Понедельник;16:48:37;;Мария
30.04.2018;Понедельник;14:49:48;30;Люся
30.04.2018;Понедельник;12:35:55;100;Ale
30.04.2018;Понедельник;12:16:02;30;Айван
14.04.2018;Суббота;15:36:22;1;Таня
12.04.2018;Четверг;11:21:03;;Васек
31.03.2018;Суббота;12:03:36;;Юлиана
31.03.2018;Суббота;10:56:53;40;Татьяна
29.03.2018;Четверг;22:03:36;50;Макс
27.03.2018;Вторник;15:28:18;20;Егор
26.03.2018;Понедельник;13:39:52;35;Свои
23.03.2018;Пятница;18:11:50;25;Alexander
08.03.2018;Четверг;12:34:01;;Станислав
08.03.2018;Четверг;12:25:17;;Алексей
08.03.2018;Четверг;12:07:55;;Анна
08.03.2018;Четверг;11:56:44;500;Ольга
08.03.2018;Четверг;10:18:04;300;Антон
05.03.2018;Понедельник;21:04:51;100;Антон
23.02.2018;Пятница;17:23:28;40;Сергей
23.02.2018;Пятница;12:36:11;60;Астра
23.02.2018;Пятница;12:16:33;60;Астра
22.02.2018;Четверг;23:16:40;40;эд
22.02.2018;Четверг;14:15:27;80;Дима
22.02.2018;Четверг;13:00:18;40;Катерина
22.02.2018;Четверг;11:19:31;30;Марта
22.02.2018;Четверг;11:19:04;30;Марта
17.02.2018;Суббота;10:50:52;10;Алекс
14.02.2018;Среда;10:59:40;30;Серж
03.02.2018;Суббота;13:20:39;40;Ольга
03.02.2018;Суббота;11:03:50;30;Сергей
01.02.2018;Четверг;08:46:32;1;Каринк
20.01.2018;Суббота;14:46:20;100;дмитрий
20.01.2018;Суббота;12:46:35;;Сергей
20.01.2018;Суббота;10:21:19;20;Лида
19.01.2018;Пятница;19:31:05;1;Снег
06.01.2018;Суббота;15:10:42;100;Егор
05.01.2018;Пятница;09:42:40;30;Фантоци
04.01.2018;Четверг;12:39:20;;Хемуль
04.01.2018;Четверг;11:40:49;40;Олег
04.01.2018;Четверг;11:00:31;20;Наталья
04.01.2018;Четверг;09:12:39;50;Диана
04.01.2018;Четверг;08:49:54;20;Витя
04.01.2018;Четверг;08:27:25;20;Вика
03.01.2018;Среда;21:11:32;10;УАЗик
03.01.2018;Среда;16:37:49;25;Алёна
03.01.2018;Среда;10:35:23;;Влад
02.01.2018;Вторник;16:50:10;35;Николай
02.01.2018;Вторник;14:39:58;1;Роман
02.01.2018;Вторник;11:06:55;35;ensi-bus
02.01.2018;Вторник;10:31:38;25;Tatiana
01.01.2018;Понедельник;15:30:42;25;Андрей
30.12.2017;Суббота;17:31:01;1;Анна
30.12.2017;Суббота;10:27:09;300;Инфи
30.12.2017;Суббота;07:58:33;30;Влад
30.12.2017;Суббота;02:40:13;30;user
29.12.2017;Пятница;12:28:25;40;Katze
28.12.2017;Четверг;11:47:45;5;Иван
24.12.2017;Воскресенье;09:59:22;9;Анна
21.12.2017;Четверг;13:00:43;;Алексей
21.12.2017;Четверг;08:47:09;10;Маша
20.12.2017;Среда;10:09:43;30;Иван
19.12.2017;Вторник;11:29:40;;Вадим
19.12.2017;Вторник;09:02:53;12;Н
18.12.2017;Понедельник;21:41:26;1;Максим
17.12.2017;Воскресенье;08:16:37;25;Павел
16.12.2017;Суббота;14:26:00;15;Андрей
09.12.2017;Суббота;10:31:21;;М
09.12.2017;Суббота;10:31:20;;М
08.12.2017;Пятница;21:38:43;5;Кристалл
24.11.2017;Пятница;10:56:09;20;ВЕ
18.11.2017;Суббота;14:22:30;;Светлана
18.11.2017;Суббота;12:49:23;50;Эдуард
16.11.2017;Четверг;12:54:38;3;Юлия
11.11.2017;Суббота;13:42:21;80;Венера
11.11.2017;Суббота;10:44:13;15;Екатерина
06.11.2017;Понедельник;10:51:19;20;Максим
06.11.2017;Понедельник;10:30:02;40;Варвара
04.11.2017;Суббота;15:52:27;15;Татьяна
04.11.2017;Суббота;11:53:25;20;Александр
04.11.2017;Суббота;11:18:03;120;Александр
04.11.2017;Суббота;10:45:59;;Алекс
03.11.2017;Пятница;19:30:57;;Михаил
03.11.2017;Пятница;16:37:48;30;Светлана
03.11.2017;Пятница;14:05:04;10;олег
03.11.2017;Пятница;12:30:22;30;Влада
03.11.2017;Пятница;09:49:09;20;Максим
23.10.2017;Понедельник;10:16:26;7;Darya
21.10.2017;Суббота;17:57:09;2;N
21.10.2017;Суббота;17:56:59;2;N
20.10.2017;Пятница;10:29:49;2;ВЕ
19.10.2017;Четверг;08:15:59;22;Н
18.10.2017;Среда;21:44:02;22;Н
18.10.2017;Среда;15:06:54;10;Vlad
14.10.2017;Суббота;11:38:14;;Вик
14.10.2017;Суббота;11:20:11;;As
30.09.2017;Суббота;14:13:29;20;Александр
30.09.2017;Суббота;14:02:38;;Костя
30.09.2017;Суббота;13:16:42;20;Иван
30.09.2017;Суббота;11:03:18;150;Сергей
29.09.2017;Пятница;18:26:12;40;Алексей
29.09.2017;Пятница;14:17:27;22;Н
29.09.2017;Пятница;13:44:21;30;Дмитрий
23.09.2017;Суббота;13:58:18;;Iris
22.09.2017;Пятница;22:26:52;30;Андрей
22.09.2017;Пятница;18:28:31;40;Гб
21.09.2017;Четверг;16:58:35;20;Оля
16.09.2017;Суббота;12:22:26;50;Виктор
16.09.2017;Суббота;08:24:32;3;Венера
15.09.2017;Пятница;10:48:41;0;О
14.09.2017;Четверг;17:11:32;10;Александр
14.09.2017;Четверг;12:29:17;35;Юрий
14.09.2017;Четверг;12:10:07;50;Алекс
14.09.2017;Четверг;11:52:00;45;К
10.09.2017;Воскресенье;14:48:04;35;Вв
09.09.2017;Суббота;13:10:51;20;Кия
02.09.2017;Суббота;16:28:37;40;Алина
02.09.2017;Суббота;10:11:35;100;Сергей
01.09.2017;Пятница;21:41:16;80;Анастас
01.09.2017;Пятница;20:49:27;100;глеб
01.09.2017;Пятница;14:46:21;7;Виктория
01.09.2017;Пятница;14:46:01;7;Виктория
01.09.2017;Пятница;14:44:02;7;Виктория
01.09.2017;Пятница;14:01:42;70;И
29.08.2017;Вторник;14:15:12;50;Эрик
28.08.2017;Понедельник;15:47:17;2;Алина
28.08.2017;Понедельник;13:20:25;20;Игорь
26.08.2017;Суббота;14:43:05;100;Тина
26.08.2017;Суббота;14:18:48;;Игорь
26.08.2017;Суббота;11:47:32;200;Макс
26.08.2017;Суббота;11:17:21;50;Кия
26.08.2017;Суббота;09:06:00;35;Юрий
23.08.2017;Среда;14:58:32;25;Вика
23.08.2017;Среда;13:31:48;10;ensi-bus
23.08.2017;Среда;09:33:40;30;ensi-bus
20.08.2017;Воскресенье;15:18:58;30;Олег
19.08.2017;Суббота;17:54:18;3;Дмитрий
19.08.2017;Суббота;13:23:26;35;Катя
19.08.2017;Суббота;10:22:00;35;Катя
18.08.2017;Пятница;14:46:00;;Влад
18.08.2017;Пятница;12:37:45;100;Кия
18.08.2017;Пятница;11:03:37;25;Линч
18.08.2017;Пятница;09:47:24;5;Ирина
18.08.2017;Пятница;09:47:13;5;Ирина
17.08.2017;Четверг;12:37:46;50;Наталья
12.08.2017;Суббота;15:10:13;8;Максим
12.08.2017;Суббота;10:58:13;;Наталия
11.08.2017;Пятница;17:48:44;60;Наталья
11.08.2017;Пятница;17:42:39;50;Редиска
11.08.2017;Пятница;09:38:03;15;Вика
10.08.2017;Четверг;18:53:10;15;mox
09.08.2017;Среда;19:09:00;;Олег
09.08.2017;Среда;13:41:11;;Олег
08.08.2017;Вторник;11:39:40;30;Николай
05.08.2017;Суббота;14:44:33;5;Анна
05.08.2017;Суббота;13:09:01;30;Олег
05.08.2017;Суббота;00:54:11;20;Алексей
04.08.2017;Пятница;17:00:35;20;ensi-bus
04.08.2017;Пятница;07:40:57;0;ensi-bus
01.08.2017;Вторник;12:24:05;50;Oksana
22.07.2017;Суббота;06:52:01;150;ЛесНик
14.07.2017;Пятница;22:30:44;50;Виктори
14.07.2017;Пятница;22:01:35;40;Кирилл
09.07.2017;Воскресенье;19:32:04;100;Эд
07.07.2017;Пятница;20:20:31;5;Даша
06.07.2017;Четверг;13:17:09;100;Алина
06.07.2017;Четверг;13:02:36;100;Ольга
06.07.2017;Четверг;12:05:14;100;Игорь Хонда
06.07.2017;Четверг;11:21:08;100;Алекс
01.07.2017;Суббота;00:04:51;;Андрей
01.07.2017;Суббота;00:03:53;40;Анд
30.06.2017;Пятница;23:46:41;30;Алекс
29.06.2017;Четверг;13:02:25;23;Иван
26.06.2017;Понедельник;09:31:57;14;ВЕ
24.06.2017;Суббота;11:04:30;30;Александр
17.06.2017;Суббота;12:39:29;6;Александра
17.06.2017;Суббота;11:52:20;25;Светлана
17.06.2017;Суббота;11:00:05;4;Ната
17.06.2017;Суббота;09:13:46;2;Николай
15.06.2017;Четверг;13:46:16;15;Олег
10.06.2017;Суббота;13:36:49;25;Ilya
10.06.2017;Суббота;10:47:33;45;Алекс
10.06.2017;Суббота;08:23:31;42;Катерина
10.06.2017;Суббота;07:03:08;100;Катерина
08.06.2017;Четверг;11:23:08;20;Алекс
07.06.2017;Среда;12:33:49;;Ирина
03.06.2017;Суббота;09:27:03;;Олег
02.06.2017;Пятница;11:56:02;6;Николай
22.05.2017;Понедельник;15:51:29;2;Наталья
20.05.2017;Суббота;09:48:53;;Олег
18.05.2017;Четверг;11:13:50;;ууук
17.05.2017;Среда;11:05:16;30;Екатерина
17.05.2017;Среда;10:24:35;25;Я
14.05.2017;Воскресенье;09:14:32;2;Светлана
08.05.2017;Понедельник;15:59:14;100;День Победы
08.05.2017;Понедельник;13:43:02;50;Алекс
08.05.2017;Понедельник;13:11:37;300;Олег
08.05.2017;Понедельник;13:01:39;100;Wtf
08.05.2017;Понедельник;12:50:12;100;Wtf
08.05.2017;Понедельник;12:48:13;200;Олег
08.05.2017;Понедельник;12:42:39;;Игорь
08.05.2017;Понедельник;10:56:56;70;и
06.05.2017;Суббота;19:19:02;5;даниил
06.05.2017;Суббота;07:07:21;;Свет
05.05.2017;Пятница;13:12:03;20;Михаил
30.04.2017;Воскресенье;14:30:14;20;Алекс
29.04.2017;Суббота;13:30:35;42;avs
28.04.2017;Пятница;10:25:00;20;Лидия
28.04.2017;Пятница;10:24:42;20;Лидия
22.04.2017;Суббота;15:37:44;20;Настя
22.04.2017;Суббота;09:08:45;75;Виктор
15.04.2017;Суббота;03:07:25;;Дмитрий
09.04.2017;Воскресенье;14:32:06;5;Андрей
08.04.2017;Суббота;13:14:05;50;Дмитрий
06.04.2017;Четверг;09:36:21;3;ВЕ
01.04.2017;Суббота;13:43:39;10;Вова
01.04.2017;Суббота;12:05:36;40;Юлия
30.03.2017;Четверг;12:58:48;26;Juli
30.03.2017;Четверг;11:39:48;;Игорь
27.03.2017;Понедельник;09:24:45;6;Маргарита
25.03.2017;Суббота;16:04:20;15;Вадим
25.03.2017;Суббота;10:29:58;30;Кэт
25.03.2017;Суббота;08:18:32;25;Андрей
24.03.2017;Пятница;12:24:10;35;Николай
18.03.2017;Суббота;06:31:35;5;Сергей
18.03.2017;Суббота;06:31:09;5;Сергей
11.03.2017;Суббота;11:07:05;50;Людмила
11.03.2017;Суббота;10:16:27;50;Я
11.03.2017;Суббота;10:11:40;8;Елена
11.03.2017;Суббота;09:07:30;50;Кира
11.03.2017;Суббота;08:53:41;60;Кия
04.03.2017;Суббота;12:12:41;;дед лайн
04.03.2017;Суббота;11:48:08;6;Светлана
04.03.2017;Суббота;07:36:37;;Olga
26.02.2017;Воскресенье;12:52:14;10;Андрей
24.02.2017;Пятница;16:14:03;2;Павел
24.02.2017;Пятница;11:34:01;;Ольга
24.02.2017;Пятница;11:10:28;200;Алексей
24.02.2017;Пятница;07:58:38;15;Варвара
23.02.2017;Четверг;12:02:53;;Алексей
23.02.2017;Четверг;05:44:10;0;Наталья
22.02.2017;Среда;22:33:13;50;Елена
03.02.2017;Пятница;10:15:39;25;Петр
21.01.2017;Суббота;10:15:38;50;Сержи
21.01.2017;Суббота;10:14:51;70;Вова
21.01.2017;Суббота;09:50:15;50;Алексей
21.01.2017;Суббота;09:34:45;40;РАВ
21.01.2017;Суббота;09:29:13;;РАВ
14.01.2017;Суббота;10:28:07;50;Василий
07.01.2017;Суббота;08:35:23;2;Сергей
06.01.2017;Пятница;10:47:14;5;Inna
05.01.2017;Четверг;14:06:39;100;Антон
04.01.2017;Среда;09:19:19;;Николай
04.01.2017;Среда;07:01:46;10;Антон
03.01.2017;Вторник;16:31:22;10;Стрклок
03.01.2017;Вторник;14:36:32;;Владимир
03.01.2017;Вторник;14:26:58;;ирна
03.01.2017;Вторник;14:09:26;;Михаил
03.01.2017;Вторник;08:36:06;;Юлия
03.01.2017;Вторник;07:59:50;50;Андрей
02.01.2017;Понедельник;08:17:06;5;антон
31.12.2016;Суббота;05:22:39;25;иван
31.12.2016;Суббота;00:03:02;8;Ольга
30.12.2016;Пятница;17:34:55;9;slaypnir
30.12.2016;Пятница;16:02:45;;А
29.12.2016;Четверг;16:55:40;30;Алексей
21.12.2016;Среда;11:33:44;25;Дмитрий
21.12.2016;Среда;11:20:44;25;Максим
18.12.2016;Воскресенье;11:36:02;40;467
18.12.2016;Воскресенье;11:07:38;70;виталик
18.12.2016;Воскресенье;11:07:37;70;виталик
17.12.2016;Суббота;14:36:05;60;Сергей
17.12.2016;Суббота;14:17:48;;Кэт
17.12.2016;Суббота;14:03:31;;Макс
17.12.2016;Суббота;14:02:56;150;Макс
17.12.2016;Суббота;13:57:21;;Денис
17.12.2016;Суббота;13:55:32;;Петя
17.12.2016;Суббота;13:28:49;150;Кэт
17.12.2016;Суббота;13:22:47;110;Евгения
17.12.2016;Суббота;12:53:58;100;Виктор
17.12.2016;Суббота;12:52:32;120;Мария
17.12.2016;Суббота;12:28:28;;Павел
17.12.2016;Суббота;12:09:55;200;МАЗ
17.12.2016;Суббота;11:52:43;150;Кэт
17.12.2016;Суббота;11:51:14;220;Жорик
17.12.2016;Суббота;11:51:13;220;Жорик
17.12.2016;Суббота;11:49:16;;Энджи
17.12.2016;Суббота;11:28:36;;Pashtetus
17.12.2016;Суббота;11:17:07;67;Pashtetus
17.12.2016;Суббота;10:40:16;;Крис
17.12.2016;Суббота;10:34:27;;Кристина
17.12.2016;Суббота;09:55:59;;Крис
17.12.2016;Суббота;09:55:59;;Крис
17.12.2016;Суббота;09:37:26;;Александр
17.12.2016;Суббота;09:14:53;;Кристина
17.12.2016;Суббота;09:06:50;50;Ярослава
17.12.2016;Суббота;08:55:13;;Алексей
17.12.2016;Суббота;08:30:34;;Александр
17.12.2016;Суббота;08:28:21;75;Ярослава
17.12.2016;Суббота;08:08:15;80;Ярослава
17.12.2016;Суббота;07:27:39;60;Сергей
17.12.2016;Суббота;06:58:50;20;Сергей
15.12.2016;Четверг;08:55:03;;ВЕ
14.12.2016;Среда;10:30:35;10;Иван
10.12.2016;Суббота;08:29:43;28;Алиса
10.12.2016;Суббота;07:31:59;0;Я
10.12.2016;Суббота;07:31:29;0;Я
03.12.2016;Суббота;11:54:58;40;Денис
02.12.2016;Пятница;09:27:31;0;Таня
01.12.2016;Четверг;08:24:58;3;ВЕ
26.11.2016;Суббота;12:41:11;30;Регина
26.11.2016;Суббота;12:12:39;;Пас
25.11.2016;Пятница;10:59:56;8;467
19.11.2016;Суббота;09:24:14;67;Елена
19.11.2016;Суббота;08:49:27;30;Андрей
13.11.2016;Воскресенье;12:23:40;;сергей
12.11.2016;Суббота;13:27:40;6;сергей
12.11.2016;Суббота;11:29:39;20;Наталья
12.11.2016;Суббота;10:49:25;;Ирина
04.11.2016;Пятница;14:56:13;;Игорь
04.11.2016;Пятница;13:43:15;100;Татьянв
04.11.2016;Пятница;13:30:33;;Оля
04.11.2016;Пятница;13:27:02;35;aylivex
04.11.2016;Пятница;13:20:01;;Отто
04.11.2016;Пятница;11:22:58;10;Дмитрий
04.11.2016;Пятница;11:06:14;;Наталия
04.11.2016;Пятница;10:59:12;;Наталия
04.11.2016;Пятница;10:32:04;;Дмитрий
04.11.2016;Пятница;10:02:47;290;Дмитрий
04.11.2016;Пятница;08:13:24;250;Никита
03.11.2016;Четверг;16:32:47;40;Татьяна
03.11.2016;Четверг;13:07:21;100;АНДРЕЙ
03.11.2016;Четверг;11:53:23;;Александр
03.11.2016;Четверг;10:32:28;10;Виктор
31.10.2016;Понедельник;14:20:41;;ё
22.10.2016;Суббота;12:11:30;250;Анб
22.10.2016;Суббота;10:01:22;84;сергей
16.10.2016;Воскресенье;16:01:38;2;Дмиитрий
17.09.2016;Суббота;08:57:15;40;Сергей
10.09.2016;Суббота;06:47:30;3;Ksenia
31.08.2016;Среда;18:13:24;16;Александр
31.08.2016;Среда;14:05:10;3;Александр
27.08.2016;Суббота;15:23:14;20;Алена
27.08.2016;Суббота;12:51:38;28;Гарик
27.08.2016;Суббота;12:45:52;30;Киа
26.08.2016;Пятница;23:50:49;80;Игорь
26.08.2016;Пятница;23:21:52;20;Сергей
14.08.2016;Воскресенье;15:32:33;12;Геннадий
14.08.2016;Воскресенье;12:48:43;18;Sbg
14.08.2016;Воскресенье;11:52:34;20;Deno
04.08.2016;Четверг;14:39:43;17;Алексей
09.07.2016;Суббота;15:56:06;3;Лори
26.06.2016;Воскресенье;10:47:40;20;Олеся
25.06.2016;Суббота;10:19:20;30;alex
24.06.2016;Пятница;22:41:14;12;Галина
22.06.2016;Среда;12:05:21;25;Александр
11.06.2016;Суббота;08:26:55;20;Даниил
10.06.2016;Пятница;22:43:55;35;Ва
10.06.2016;Пятница;09:14:48;6;Юлия
10.06.2016;Пятница;09:14:17;6;Юлия
02.05.2016;Понедельник;18:16:13;10;Юрий
16.04.2016;Суббота;14:06:14;1;олеся
03.04.2016;Воскресенье;10:22:25;;петр
02.04.2016;Суббота;07:12:50;;Олег
02.04.2016;Суббота;06:42:49;;Василий
31.03.2016;Четверг;14:18:13;;Таня
18.03.2016;Пятница;09:17:03;5;oku
22.02.2016;Понедельник;12:10:39;5;Jerry
07.01.2016;Четверг;09:29:58;4;света
02.01.2016;Суббота;16:43:19;500;Катерина
02.01.2016;Суббота;15:23:42;;Катерина
01.01.2016;Пятница;13:10:24;15;Сергей
30.12.2015;Среда;23:53:14;12;Елена
01.12.2015;Вторник;08:04:04;15;Наталья
26.11.2015;Четверг;20:19:14;15;oku
26.11.2015;Четверг;18:41:20;2;oku
28.10.2015;Среда;09:21:21;5;Алиса
24.10.2015;Суббота;11:03:48;50;Кирилл
03.10.2015;Суббота;08:43:56;15;Михаил
26.09.2015;Суббота;14:11:36;4;Наталья
19.09.2015;Суббота;10:16:17;5;Елена
04.09.2015;Пятница;23:45:46;2;Катя
29.08.2015;Суббота;14:26:28;20;Vlad
23.08.2015;Воскресенье;12:47:20;20;Натали
16.08.2015;Воскресенье;11:50:50;5;Jerry
15.08.2015;Суббота;16:25:56;10;Юлия
12.08.2015;Среда;09:40:18;15;Яна
08.08.2015;Суббота;11:18:08;40;Алексей
25.07.2015;Суббота;14:59:51;20;Ilya VLDRi
24.07.2015;Пятница;23:42:51;15;Влад
24.07.2015;Пятница;21:25:29;30;Иван
21.07.2015;Вторник;12:16:20;;Татьяна
19.07.2015;Воскресенье;12:30:35;0;oku
18.07.2015;Суббота;09:27:26;3;Юрий
17.07.2015;Пятница;21:19:08;25;Андрей
11.07.2015;Суббота;09:28:54;;Александр
10.07.2015;Пятница;13:42:53;10;Николай
27.06.2015;Суббота;10:57:46;50;турист
27.06.2015;Суббота;10:37:18;30;турист
17.06.2015;Среда;10:26:38;40;Elpis
14.06.2015;Воскресенье;16:12:02;25;www.LL78.ru
14.06.2015;Воскресенье;13:44:42;0;Vladb
14.06.2015;Воскресенье;10:34:17;30;А
13.06.2015;Суббота;13:37:58;30;Дарья
27.05.2015;Среда;03:59:23;3;www.LL78.ru
25.05.2015;Понедельник;22:22:22;27;Александр Л
16.05.2015;Суббота;08:35:47;50;Екатерина
15.05.2015;Пятница;10:26:38;;Dmitry
10.05.2015;Воскресенье;14:11:45;2;Андрей
10.05.2015;Воскресенье;11:10:47;20;Ольга
08.05.2015;Пятница;23:39:38;;Елена
08.05.2015;Пятница;22:19:06;20;Екатерина
04.05.2015;Понедельник;12:42:25;20;gammi
04.05.2015;Понедельник;12:38:58;25;Vladimir
04.05.2015;Понедельник;12:01:10;30;archie
02.05.2015;Суббота;17:27:06;1;oku
01.05.2015;Пятница;00:08:05;16;Jerry
25.04.2015;Суббота;05:36:32;20;www.ll78.ru
18.04.2015;Суббота;19:20:21;0;www.ll78.ru
18.04.2015;Суббота;13:03:11;350;Светик
18.04.2015;Суббота;13:03:05;350;Светик
18.04.2015;Суббота;12:41:32;20;Стрелок
18.04.2015;Суббота;12:29:52;350;Сруль
18.04.2015;Суббота;08:54:36;0;Димитриус
15.04.2015;Среда;09:53:43;;Оксана
11.04.2015;Суббота;12:54:47;1;Наталья
04.04.2015;Суббота;18:08:41;15;oku
04.04.2015;Суббота;17:45:00;0;oku
31.03.2015;Вторник;21:35:44;5;oku
08.03.2015;Воскресенье;12:23:09;15;Дмитрий
04.03.2015;Среда;15:59:19;;Екатерина
25.02.2015;Среда;11:47:48;5;Оксана
14.02.2015;Суббота;10:07:50;30;avs
14.02.2015;Суббота;08:56:11;15;АН
04.01.2015;Воскресенье;17:00:13;;Георгий
04.01.2015;Воскресенье;14:52:52;75;яя
03.01.2015;Суббота;11:59:07;200;Шарик
02.01.2015;Пятница;11:36:20;5;Маруся27
02.01.2015;Пятница;09:43:56;240;Лена
02.01.2015;Пятница;08:29:35;180;Китти
01.01.2015;Четверг;13:29:38;0;kst
29.12.2014;Понедельник;07:52:01;20;Александр
15.12.2014;Понедельник;15:03:09;0;Михаил
19.11.2014;Среда;10:53:10;0;Боб
03.11.2014;Понедельник;16:19:06;;Юлия
03.11.2014;Понедельник;06:47:22;;Анна
02.11.2014;Воскресенье;14:38:29;;Настя
02.11.2014;Воскресенье;14:29:54;;мишаня
02.11.2014;Воскресенье;07:57:49;50;александр
02.11.2014;Воскресенье;07:57:40;300;Инна
02.11.2014;Воскресенье;07:37:29;200;Леха бмв
02.11.2014;Воскресенье;07:32:22;35;александр
02.11.2014;Воскресенье;07:08:58;300;John
01.11.2014;Суббота;04:13:51;5;Anna
25.10.2014;Суббота;10:42:22;20;Вася
23.10.2014;Четверг;11:48:29;0;вова
23.10.2014;Четверг;09:54:10;0;марина
18.10.2014;Суббота;14:32:48;15;Кирилл
10.10.2014;Пятница;10:09:35;0;Татьяна
10.10.2014;Пятница;10:09:34;0;Татьяна
08.10.2014;Среда;12:39:03;;спим
04.10.2014;Суббота;06:48:33;70;Алекс
03.10.2014;Пятница;23:26:30;50;ира
03.10.2014;Пятница;23:07:49;41;Миха
03.10.2014;Пятница;22:34:36;;Сергей
25.09.2014;Четверг;11:37:10;25;Макс
21.09.2014;Воскресенье;10:28:49;20;Александр
20.09.2014;Суббота;08:36:21;30;Миха
14.09.2014;Воскресенье;17:34:44;100;кк
14.09.2014;Воскресенье;12:35:55;10;Alex
12.09.2014;Пятница;23:58:27;32;Студибекер
06.09.2014;Суббота;15:49:13;1;Максим
05.09.2014;Пятница;23:29:58;25;Я
05.09.2014;Пятница;22:35:24;40;Алексей
31.08.2014;Воскресенье;23:46:35;1;Валерий
30.08.2014;Суббота;18:13:29;;Алёна
30.08.2014;Суббота;08:15:01;;nagranitse.ru
30.08.2014;Суббота;05:10:31;;Елена
29.08.2014;Пятница;23:08:20;10;Александр
29.08.2014;Пятница;21:35:16;50;А
29.08.2014;Пятница;10:50:44;;Олег
28.08.2014;Четверг;06:39:42;20;Виктория
26.08.2014;Вторник;17:16:25;10;Игорь
23.08.2014;Суббота;14:58:57;;Виктория
21.08.2014;Четверг;08:41:10;180;Евгений
09.08.2014;Суббота;14:14:18;30;Анастасия
09.08.2014;Суббота;13:53:16;50;Евгений
09.08.2014;Суббота;07:16:38;;Ника
03.08.2014;Воскресенье;09:33:03;60;Игорь
03.08.2014;Воскресенье;09:01:45;30;Настя
02.08.2014;Суббота;09:48:26;10;Киттткэттна
01.08.2014;Пятница;23:40:23;50;Д
01.08.2014;Пятница;22:59:35;40;Aleksandr
01.08.2014;Пятница;22:22:42;50;Мария
01.08.2014;Пятница;22:21:08;40;Игорь
01.08.2014;Пятница;22:05:02;5;Шухер
01.08.2014;Пятница;14:11:01;5;Максим
01.08.2014;Пятница;14:09:04;5;Максим
01.08.2014;Пятница;14:08:45;5;Максим
26.07.2014;Суббота;08:24:57;150;Валерон
26.07.2014;Суббота;07:13:51;50;Сергей
25.07.2014;Пятница;19:12:01;30;дядя вова
25.07.2014;Пятница;12:05:40;10;КоМоН
25.07.2014;Пятница;08:41:35;0;Дмитрий
23.07.2014;Среда;17:27:42;12;юлия
23.07.2014;Среда;06:44:06;1;Юлия
22.07.2014;Вторник;11:09:15;3;Аннет
19.07.2014;Суббота;00:04:31;6;Alexander
17.07.2014;Четверг;15:41:14;50;Игорь
09.07.2014;Среда;09:30:14;30;Олег
04.07.2014;Пятница;23:10:10;13;Татьяна
04.07.2014;Пятница;21:36:31;20;настя
28.06.2014;Суббота;08:37:08;;Екатерина
28.06.2014;Суббота;08:22:24;;Екатерина
27.06.2014;Пятница;22:14:46;;куга
18.06.2014;Среда;08:33:19;100;Mike
14.06.2014;Суббота;15:21:57;;Гера
14.06.2014;Суббота;08:27:39;5;DimDim
13.06.2014;Пятница;16:06:42;8;GT
13.06.2014;Пятница;08:30:46;200;георгий
12.06.2014;Четверг;10:25:04;;Федор
11.06.2014;Среда;20:21:54;50;маруся27
11.06.2014;Среда;18:03:16;;Татьяна
11.06.2014;Среда;17:48:04;;Татьяна
11.06.2014;Среда;16:42:41;50;Глеб
31.05.2014;Суббота;10:45:03;10;Аня
31.05.2014;Суббота;08:04:34;;Евгений
24.05.2014;Суббота;12:50:57;0;Инна
24.05.2014;Суббота;12:50:08;0;Инна
24.05.2014;Суббота;11:26:50;270;Андрюшка
23.05.2014;Пятница;20:17:29;10;Юхха
22.05.2014;Четверг;09:24:30;7;Алиса
17.05.2014;Суббота;12:02:29;0;Алексей
17.05.2014;Суббота;11:48:01;450;Андрей
17.05.2014;Суббота;11:45:46;;ольга
17.05.2014;Суббота;11:45:45;;ольга
10.05.2014;Суббота;09:35:17;10;Kwagga
10.05.2014;Суббота;09:24:38;6;Василий
08.05.2014;Четверг;14:26:20;5;Ярослав
03.05.2014;Суббота;09:44:11;100;юрий
02.05.2014;Пятница;14:59:37;17;ааа
01.05.2014;Четверг;14:41:28;80;Нт
01.05.2014;Четверг;11:05:31;0;aylivex
30.04.2014;Среда;23:12:42;300;МолчиГрусть
30.04.2014;Среда;21:50:13;100;Василь
29.04.2014;Вторник;10:22:22;12;Тимур
28.04.2014;Понедельник;11:14:51;34;sergul
22.04.2014;Вторник;08:54:26;2;маша
19.04.2014;Суббота;09:09:50;200;Иван
14.04.2014;Понедельник;09:04:16;2;Алиса
12.04.2014;Суббота;15:15:38;42;ольга
05.04.2014;Суббота;09:52:18;;Олег
05.04.2014;Суббота;09:17:41;270;Jack
05.04.2014;Суббота;06:46:17;5;Елена
03.04.2014;Четверг;08:31:55;;Олег
29.03.2014;Суббота;10:17:16;50;Аня
29.03.2014;Суббота;08:20:45;30;EO
29.03.2014;Суббота;06:16:46;15;Марго
24.03.2014;Понедельник;08:11:11;80;Ольга
22.03.2014;Суббота;14:42:10;10;Павел
22.03.2014;Суббота;07:49:03;25;Борис
22.03.2014;Суббота;06:15:27;18;Сергей
22.03.2014;Суббота;05:20:40;;Николай
22.03.2014;Суббота;05:20:40;;Николай
08.03.2014;Суббота;04:43:47;10;Alex
01.03.2014;Суббота;08:54:20;100;Светлана
13.02.2014;Четверг;09:43:53;25;Che
01.02.2014;Суббота;12:12:14;11;Татьяна
01.02.2014;Суббота;11:05:14;50;Кристина
01.02.2014;Суббота;06:46:30;;дмитрий
26.01.2014;Воскресенье;23:50:46;35;John
25.01.2014;Суббота;05:35:56;;Екатерина
19.01.2014;Воскресенье;14:29:57;0;Елена
18.01.2014;Суббота;06:54:01;0;Елена
18.01.2014;Суббота;06:53:24;0;Елена
17.01.2014;Пятница;11:07:30;12;Екатерина
15.01.2014;Среда;14:36:20;15;Матвей
15.01.2014;Среда;12:21:31;4;Боб
12.01.2014;Воскресенье;08:57:09;2;Алексей
11.01.2014;Суббота;09:12:41;3;гость
11.01.2014;Суббота;08:17:13;;Оксана
11.01.2014;Суббота;08:01:56;25;Оксана
10.01.2014;Пятница;16:22:14;;Ирина
07.01.2014;Вторник;15:24:54;1;Ая
07.01.2014;Вторник;07:57:34;30;169-й
06.01.2014;Понедельник;19:24:07;10;Дина
06.01.2014;Понедельник;14:46:23;80;Денис
05.01.2014;Воскресенье;10:55:38;20;Nadin
05.01.2014;Воскресенье;10:30:19;0;ВЕ
05.01.2014;Воскресенье;09:02:49;34;Ирина
05.01.2014;Воскресенье;06:37:08;4;Мария
05.01.2014;Воскресенье;05:30:24;;свет
04.01.2014;Суббота;06:40:15;;Настя
04.01.2014;Суббота;05:51:48;;Лилиана
04.01.2014;Суббота;05:40:50;;Robin
03.01.2014;Пятница;21:01:02;30;Вадим
03.01.2014;Пятница;16:39:27;30;Вадим
03.01.2014;Пятница;10:39:02;;Пежо
03.01.2014;Пятница;10:27:19;;добрый дядя
03.01.2014;Пятница;10:14:27;;Alex
03.01.2014;Пятница;10:06:56;200;169-й
03.01.2014;Пятница;09:47:22;270;169-й
03.01.2014;Пятница;09:41:47;;Финэкспресс
03.01.2014;Пятница;09:34:47;;Пежо
03.01.2014;Пятница;08:57:59;;Енотаевский
03.01.2014;Пятница;07:58:12;8;Аня
03.01.2014;Пятница;05:45:46;100;Света
02.01.2014;Четверг;12:48:20;;Iris
02.01.2014;Четверг;11:21:41;17;Таня
02.01.2014;Четверг;07:20:26;;Андрей
02.01.2014;Четверг;06:30:43;35;Александра
02.01.2014;Четверг;06:26:33;15;ксения
02.01.2014;Четверг;06:24:47;50;серега
01.01.2014;Среда;15:41:15;3;100пудов
01.01.2014;Среда;14:31:51;;Михаил
01.01.2014;Среда;13:20:06;40;user
01.01.2014;Среда;10:54:38;20;Олег
31.12.2013;Вторник;12:52:51;30;Алик
31.12.2013;Вторник;07:12:03;30;Svetaso
31.12.2013;Вторник;05:59:42;20;Виктор
30.12.2013;Понедельник;08:50:19;5;Наталья
30.12.2013;Понедельник;07:26:46;35;алекса
29.12.2013;Воскресенье;12:07:39;20;Настя
29.12.2013;Воскресенье;04:58:21;;Валя
29.12.2013;Воскресенье;01:11:21;15;Влад
28.12.2013;Суббота;17:46:37;18;Юрец
28.12.2013;Суббота;12:08:39;;Татьяна
28.12.2013;Суббота;11:22:59;21;Jane
28.12.2013;Суббота;11:22:23;21;Jane
28.12.2013;Суббота;10:27:33;16;Юрий
28.12.2013;Суббота;10:22:28;;Катерина
28.12.2013;Суббота;09:55:25;60;Катерина
28.12.2013;Суббота;05:35:02;17;Kaakli
28.12.2013;Суббота;05:20:45;90;Alex
27.12.2013;Пятница;09:54:36;10;Эдуард
27.12.2013;Пятница;08:15:58;100;Жанна
27.12.2013;Пятница;08:05:27;;наталья
27.12.2013;Пятница;08:03:13;100;Дмитрий
23.12.2013;Понедельник;16:00:42;25;К
22.12.2013;Воскресенье;13:18:47;30;Вовчег
21.12.2013;Суббота;14:20:24;22;Дм
21.12.2013;Суббота;14:05:47;40;Максим
21.12.2013;Суббота;08:49:59;15;сергей
21.12.2013;Суббота;08:22:35;80;Анна
18.12.2013;Среда;06:51:25;20;Татьяна
17.12.2013;Вторник;10:11:48;34;Сергей
17.12.2013;Вторник;07:35:33;20;Nik
14.12.2013;Суббота;19:18:09;;Юля
14.12.2013;Суббота;12:38:57;;Елена Столбовая
14.12.2013;Суббота;12:09:58;;Тамара
14.12.2013;Суббота;11:43:04;;Елена Столбовая
14.12.2013;Суббота;11:41:46;;Таня
14.12.2013;Суббота;11:38:24;;Тамара
14.12.2013;Суббота;11:36:37;;Елена Столбовая
14.12.2013;Суббота;11:35:04;;татьяна
14.12.2013;Суббота;11:33:47;;Тамара
14.12.2013;Суббота;11:32:07;;татьяна
14.12.2013;Суббота;11:31:59;;Елена Столбовая
14.12.2013;Суббота;11:30:04;;Punker
14.12.2013;Суббота;11:28:20;;Сергей
14.12.2013;Суббота;11:24:43;;сергей
14.12.2013;Суббота;11:21:30;;Елена Столбовая
14.12.2013;Суббота;11:19:12;;Тамара
14.12.2013;Суббота;11:18:53;;Елена Столбовая
14.12.2013;Суббота;11:14:37;;Сергей
14.12.2013;Суббота;11:13:27;;Елена Столбовая
14.12.2013;Суббота;11:01:08;;татьяна
14.12.2013;Суббота;11:00:03;;Тамара
14.12.2013;Суббота;10:56:36;;татьяна
14.12.2013;Суббота;10:54:14;;Елена Столбовая
14.12.2013;Суббота;10:49:59;;татьяна
14.12.2013;Суббота;10:49:01;100;Ксюшка
14.12.2013;Суббота;10:45:20;100;Тамара
14.12.2013;Суббота;10:16:36;;Алекс 563
14.12.2013;Суббота;10:07:10;;Ольга080
14.12.2013;Суббота;09:36:15;;Chery M11
13.12.2013;Пятница;06:59:49;25;Романчик
12.12.2013;Четверг;11:19:51;20;ника
10.12.2013;Вторник;11:44:06;20;наталья
08.12.2013;Воскресенье;12:22:53;30;Vls
07.12.2013;Суббота;12:42:48;;мари
07.12.2013;Суббота;12:42:10;200;авто
07.12.2013;Суббота;11:27:52;130;Юлия
07.12.2013;Суббота;09:48:13;100;Эмиль
07.12.2013;Суббота;08:51:36;67;Deno
07.12.2013;Суббота;07:46:00;;Никита
07.12.2013;Суббота;06:50:53;;юрий
04.12.2013;Среда;08:11:48;10;СОЕ
30.11.2013;Суббота;10:07:29;20;Антон
30.11.2013;Суббота;10:06:27;20;Антон
27.11.2013;Среда;10:44:09;30;Олег
24.11.2013;Воскресенье;13:26:06;20;Ирина
24.11.2013;Воскресенье;09:06:42;6;олеся
23.11.2013;Суббота;11:13:18;50;Василий
23.11.2013;Суббота;10:31:40;270;Ольга
23.11.2013;Суббота;09:26:01;540;Я
23.11.2013;Суббота;08:32:52;250;Екатерина
23.11.2013;Суббота;07:43:12;250;KaBoT
23.11.2013;Суббота;07:21:57;;Наталья
23.11.2013;Суббота;05:18:34;20;Алексей
23.11.2013;Суббота;05:11:24;15;aleksey
23.11.2013;Суббота;03:53:29;150;Ivan3
22.11.2013;Пятница;15:38:42;15;Ксения
22.11.2013;Пятница;15:22:44;25;Николай
16.11.2013;Суббота;12:26:45;110;Алексей
16.11.2013;Суббота;12:14:34;50;василий
16.11.2013;Суббота;10:08:28;100;Anton
16.11.2013;Суббота;10:00:26;;Виктория
16.11.2013;Суббота;08:07:52;;Нина
16.11.2013;Суббота;07:51:10;120;еаа
16.11.2013;Суббота;05:50:16;50;aleksey
16.11.2013;Суббота;05:12:29;50;aleksey
16.11.2013;Суббота;04:40:05;20;ксю
14.11.2013;Четверг;13:57:24;6;Абрамыч
14.11.2013;Четверг;12:03:40;10;Ку
13.11.2013;Среда;10:24:38;5;Валерий
09.11.2013;Суббота;11:27:14;18;Татьяна
09.11.2013;Суббота;09:42:19;180;ктото
09.11.2013;Суббота;08:53:26;50;Андрей
09.11.2013;Суббота;08:08:38;100;Андрей
08.11.2013;Пятница;11:17:27;15;4567
08.11.2013;Пятница;08:44:30;;Алекс
08.11.2013;Пятница;07:57:25;25;Елена
07.11.2013;Четверг;09:47:24;10;Марина
07.11.2013;Четверг;09:46:37;25;Андрей
06.11.2013;Среда;12:06:48;270;Валентина
06.11.2013;Среда;10:56:03;40;Евгений
06.11.2013;Среда;08:46:52;60;nikita
06.11.2013;Среда;08:12:56;50;Сергей
05.11.2013;Вторник;09:17:11;10;Сергей
05.11.2013;Вторник;08:04:11;67;Юрий
04.11.2013;Понедельник;10:21:49;80;Игорь
04.11.2013;Понедельник;06:27:25;170;арни
03.11.2013;Воскресенье;17:21:16;;егор
03.11.2013;Воскресенье;14:30:35;;Елена
03.11.2013;Воскресенье;13:12:33;;укушу2
03.11.2013;Воскресенье;12:59:08;;Юлия
03.11.2013;Воскресенье;12:52:25;;у
03.11.2013;Воскресенье;12:42:10;;Ольга
03.11.2013;Воскресенье;12:12:28;;Александр
03.11.2013;Воскресенье;11:01:33;;Vik 073
03.11.2013;Воскресенье;10:10:37;;Дима
03.11.2013;Воскресенье;09:50:10;;Екатерина
03.11.2013;Воскресенье;09:13:15;;Ольга
03.11.2013;Воскресенье;06:49:29;15;vic
03.11.2013;Воскресенье;04:56:56;5;Sam
02.11.2013;Суббота;18:04:32;20;олег
02.11.2013;Суббота;14:37:54;30;Ingvarr
02.11.2013;Суббота;14:01:14;10;Анна
02.11.2013;Суббота;13:23:34;;макс
02.11.2013;Суббота;11:57:31;45;андрей
02.11.2013;Суббота;11:50:38;10;Андрей
02.11.2013;Суббота;09:00:21;100;Егерь
02.11.2013;Суббота;08:59:09;84;Елена
02.11.2013;Суббота;08:38:13;;егор
02.11.2013;Суббота;07:03:01;150;Пётр
02.11.2013;Суббота;06:38:26;100;Александра
02.11.2013;Суббота;05:43:47;120;эрик
02.11.2013;Суббота;04:22:52;;Олег
31.10.2013;Четверг;12:32:15;17;Вики
30.10.2013;Среда;08:39:48;7;ВЕ
26.10.2013;Суббота;21:04:04;2;Алекса
26.10.2013;Суббота;17:35:03;5;Сергей
26.10.2013;Суббота;12:07:44;;Ирина
26.10.2013;Суббота;11:40:05;;катя
26.10.2013;Суббота;09:24:58;100;владимир
20.10.2013;Воскресенье;19:44:59;;Ольга
20.10.2013;Воскресенье;19:40:55;;Костян
20.10.2013;Воскресенье;11:55:46;20;Ольга
19.10.2013;Суббота;16:15:58;;Артем
19.10.2013;Суббота;12:28:43;15;Elena
19.10.2013;Суббота;11:50:51;40;Алексей
19.10.2013;Суббота;10:21:08;150;Артем
19.10.2013;Суббота;04:41:53;;Оксана
16.10.2013;Среда;06:39:15;5;Сергей
13.10.2013;Воскресенье;22:51:53;0;Крис
12.10.2013;Суббота;15:02:58;10;Егор
12.10.2013;Суббота;13:32:12;15;Алекс
12.10.2013;Суббота;13:29:35;20;Марина
12.10.2013;Суббота;13:08:47;80;Тимофей
12.10.2013;Суббота;12:29:29;10;alex
12.10.2013;Суббота;12:09:56;;Екатерина
12.10.2013;Суббота;11:33:09;250;витя
12.10.2013;Суббота;11:15:56;30;александр
12.10.2013;Суббота;11:01:59;500;лёха
12.10.2013;Суббота;10:44:15;250;Vaskyn
11.10.2013;Пятница;10:22:01;20;Екатерина
10.10.2013;Четверг;09:32:36;15;Алексей
09.10.2013;Среда;12:45:43;10;Александр
09.10.2013;Среда;10:09:30;100;Федор
09.10.2013;Среда;09:56:02;50;Евгений
08.10.2013;Вторник;14:03:56;20;Андрей
06.10.2013;Воскресенье;09:24:02;35;Alexander
05.10.2013;Суббота;13:25:40;;Наташа
05.10.2013;Суббота;11:03:21;;Арсений
05.10.2013;Суббота;10:18:08;;alex
05.10.2013;Суббота;08:46:48;110;Сэм
04.10.2013;Пятница;08:49:56;20;Александр
28.09.2013;Суббота;15:20:36;20;Антон
28.09.2013;Суббота;13:47:04;5;Сергей
28.09.2013;Суббота;11:32:29;200;Павел
28.09.2013;Суббота;11:02:32;;лиза
28.09.2013;Суббота;10:32:44;;Елена
28.09.2013;Суббота;10:24:23;110;Юлия
28.09.2013;Суббота;09:45:40;100;Елена
27.09.2013;Пятница;23:26:29;60;Илья
27.09.2013;Пятница;22:17:02;105;Илья864
27.09.2013;Пятница;17:14:49;;Наталья
27.09.2013;Пятница;17:08:34;150;Esa
27.09.2013;Пятница;16:43:35;100;Eduard
22.09.2013;Воскресенье;09:54:11;35;Люба
21.09.2013;Суббота;15:03:00;9;888
21.09.2013;Суббота;12:26:10;50;Алексей
21.09.2013;Суббота;11:45:03;;Димон
21.09.2013;Суббота;11:25:09;180;Анастасия
21.09.2013;Суббота;10:37:01;300;Sergey
20.09.2013;Пятница;20:18:48;150;Алексей
20.09.2013;Пятница;20:13:26;100;Сергей
20.09.2013;Пятница;11:44:48;100;Леонид
19.09.2013;Четверг;11:01:00;;Михо
15.09.2013;Воскресенье;08:19:42;50;анка
14.09.2013;Суббота;15:06:58;35;Андрей
14.09.2013;Суббота;13:01:24;250;Яна
14.09.2013;Суббота;12:40:58;;Алексец
14.09.2013;Суббота;11:42:54;180;Люда
14.09.2013;Суббота;11:24:21;;лена
14.09.2013;Суббота;08:25:20;200;Сергей
14.09.2013;Суббота;05:47:50;25;Tiida
14.09.2013;Суббота;05:46:05;50;Тиида
13.09.2013;Пятница;13:28:11;5;Светлана
13.09.2013;Пятница;08:45:42;100;606
12.09.2013;Четверг;14:15:49;40;Кирилл
07.09.2013;Суббота;18:54:56;0;Evgenia
07.09.2013;Суббота;10:59:36;120;Polkovnikmp
07.09.2013;Суббота;10:58:57;100;Victoria
07.09.2013;Суббота;10:09:46;60;Саша
06.09.2013;Пятница;18:49:54;40;Николай
06.09.2013;Пятница;16:00:45;40;Юля
06.09.2013;Пятница;15:59:47;50;эд
04.09.2013;Среда;11:10:43;120;света
04.09.2013;Среда;10:51:48;120;Инна
04.09.2013;Среда;10:47:54;70;Джук
04.09.2013;Среда;10:39:29;;Артем
04.09.2013;Среда;09:47:41;60;Алекс
04.09.2013;Среда;08:54:14;50;Алла
28.08.2013;Среда;11:06:38;20;eleneldil
28.08.2013;Среда;08:39:57;30;Ирина
28.08.2013;Среда;07:20:02;12;Олег
25.08.2013;Воскресенье;09:31:21;192;ffedor
25.08.2013;Воскресенье;08:22:33;230;aslan
25.08.2013;Воскресенье;07:47:53;105;3tro
25.08.2013;Воскресенье;07:47:15;190;leo
25.08.2013;Воскресенье;06:48:54;115;anna
24.08.2013;Суббота;14:32:18;2;Xizer
24.08.2013;Суббота;11:49:29;200;м1171
24.08.2013;Суббота;05:54:59;60;Алексей
24.08.2013;Суббота;05:40:32;30;Кося
23.08.2013;Пятница;19:43:04;14;Олег
23.08.2013;Пятница;19:42:09;60;Ленусик
18.08.2013;Воскресенье;15:04:51;10;flyeye
18.08.2013;Воскресенье;12:15:03;30;Евгений
17.08.2013;Суббота;11:30:59;120;Андрей
17.08.2013;Суббота;11:28:45;;Андрей
17.08.2013;Суббота;10:36:38;50;Марго
17.08.2013;Суббота;05:51:16;20;А
16.08.2013;Пятница;20:20:31;40;Павел
16.08.2013;Пятница;18:04:05;1;Павел
16.08.2013;Пятница;16:40:19;20;Ольга
16.08.2013;Пятница;06:54:49;8;Помидорка
11.08.2013;Воскресенье;18:21:01;2;Имя
11.08.2013;Воскресенье;09:12:20;25;geritch
11.08.2013;Воскресенье;08:22:28;10;Антон
10.08.2013;Суббота;16:52:19;20;J
10.08.2013;Суббота;15:30:49;20;антон
10.08.2013;Суббота;12:42:23;50;Beard SPb
10.08.2013;Суббота;08:43:42;;Татьяна
10.08.2013;Суббота;04:43:01;;Павел
07.08.2013;Среда;17:03:34;5;yks
07.08.2013;Среда;15:07:30;50;Светлана
04.08.2013;Воскресенье;13:47:44;40;Tort 1968
03.08.2013;Суббота;12:37:39;40;aylivex
03.08.2013;Суббота;12:06:59;25;Владон
03.08.2013;Суббота;11:56:38;100;Alex
03.08.2013;Суббота;11:49:02;10;Владон
03.08.2013;Суббота;09:23:13;;Юлия
03.08.2013;Суббота;07:37:00;60;Павел
02.08.2013;Пятница;12:42:02;30;Настя
27.07.2013;Суббота;14:44:54;84;Илья
27.07.2013;Суббота;13:33:54;;Дима
27.07.2013;Суббота;12:47:23;270;Сергей
27.07.2013;Суббота;12:00:39;;Юлия
27.07.2013;Суббота;11:52:16;;Elena
27.07.2013;Суббота;11:25:59;250;Александр
27.07.2013;Суббота;11:22:25;250;Яна
27.07.2013;Суббота;11:16:04;;Серго
27.07.2013;Суббота;10:45:20;120;Серго
27.07.2013;Суббота;09:20:09;200;Papelats cc
27.07.2013;Суббота;00:06:22;20;Светлана
26.07.2013;Пятница;19:37:14;30;киа
26.07.2013;Пятница;19:27:21;30;киа
26.07.2013;Пятница;19:25:18;20;Мария
26.07.2013;Пятница;17:00:23;17;Туриг
26.07.2013;Пятница;12:15:42;7;Simai
25.07.2013;Четверг;21:45:21;25;Марина
25.07.2013;Четверг;12:58:24;;Егорка
24.07.2013;Среда;12:36:40;20;Наталья
24.07.2013;Среда;11:40:00;60;Любовь
22.07.2013;Понедельник;12:36:28;6;aylivex
21.07.2013;Воскресенье;14:44:46;10;Алекс
20.07.2013;Суббота;17:39:54;;Александр
20.07.2013;Суббота;09:44:52;;TimeAll
19.07.2013;Пятница;22:45:31;50;Dmitry
19.07.2013;Пятница;17:54:24;15;Владимир
19.07.2013;Пятница;17:53:37;20;spherax
19.07.2013;Пятница;17:38:30;3;денис
19.07.2013;Пятница;17:30:16;3;денис
19.07.2013;Пятница;16:50:45;90;Ed
19.07.2013;Пятница;13:35:28;20;Альбина
18.07.2013;Четверг;22:44:04;25;Павел
14.07.2013;Воскресенье;07:31:56;20;Мария
13.07.2013;Суббота;12:11:54;150;Мари
13.07.2013;Суббота;11:51:52;50;Аа
13.07.2013;Суббота;09:40:32;;Вадим
12.07.2013;Пятница;19:53:17;9;денис
11.07.2013;Четверг;10:07:38;15;kn-sonera
08.07.2013;Понедельник;07:54:03;15;Вера
07.07.2013;Воскресенье;11:40:13;30;Александр
06.07.2013;Суббота;10:04:32;130;zzz
06.07.2013;Суббота;09:56:50;200;Марина
06.07.2013;Суббота;08:59:54;110;Александр
06.07.2013;Суббота;08:45:48;110;z72
06.07.2013;Суббота;08:35:23;200;Sam
05.07.2013;Пятница;23:35:03;60;алексей
05.07.2013;Пятница;20:28:02;33;денис
04.07.2013;Четверг;09:57:31;10;ВЕ
30.06.2013;Воскресенье;16:04:03;;Елена
29.06.2013;Суббота;16:58:10;22;Кирюша
29.06.2013;Суббота;16:42:51;15;R888
29.06.2013;Суббота;13:47:39;5;Hms
29.06.2013;Суббота;12:03:00;35;Юленька
29.06.2013;Суббота;09:50:26;50;Ирина
25.06.2013;Вторник;12:17:53;15;Евгения
25.06.2013;Вторник;09:13:30;35;Михаил
22.06.2013;Суббота;09:25:16;35;Стас
22.06.2013;Суббота;01:27:00;0;петр
18.06.2013;Вторник;08:10:50;40;сеггей
15.06.2013;Суббота;11:34:24;;М410
15.06.2013;Суббота;08:49:48;35;Юстас
15.06.2013;Суббота;07:29:26;50;Галина
15.06.2013;Суббота;07:15:39;35;Павел
14.06.2013;Пятница;16:36:16;30;Алексей
14.06.2013;Пятница;14:58:28;15;Константин
14.06.2013;Пятница;14:56:51;40;Константин
12.06.2013;Среда;12:55:24;;Алексей
12.06.2013;Среда;12:37:21;450;Валерий
12.06.2013;Среда;12:08:34;65;Тоша
12.06.2013;Среда;09:00:25;80;Cveta
12.06.2013;Среда;08:07:30;50;Julia
12.06.2013;Среда;05:12:46;2;Evgenia
11.06.2013;Вторник;08:22:17;40;Сергей
03.06.2013;Понедельник;07:40:31;8;Любовь
31.05.2013;Пятница;14:20:32;20;Сергей
24.05.2013;Пятница;22:00:27;50;Ed
21.05.2013;Вторник;10:29:02;2;Наташа
18.05.2013;Суббота;10:21:11;100;Николай
18.05.2013;Суббота;07:43:00;40;Ната
18.05.2013;Суббота;07:35:33;50;Ya
17.05.2013;Пятница;22:02:28;30;Сергей
17.05.2013;Пятница;12:36:48;1;Vlad
12.05.2013;Воскресенье;09:10:36;4;Макс
11.05.2013;Суббота;15:52:00;5;alex
11.05.2013;Суббота;15:37:34;360;Саша
11.05.2013;Суббота;05:53:04;2;сергей
10.05.2013;Пятница;15:44:01;20;Aleftina
10.05.2013;Пятница;13:22:03;30;Сергей
10.05.2013;Пятница;13:21:30;15;сергей
10.05.2013;Пятница;11:29:49;125;Рома
10.05.2013;Пятница;10:36:02;50;alex
10.05.2013;Пятница;09:36:04;150;Даша
10.05.2013;Пятница;07:48:19;25;Катерина
10.05.2013;Пятница;07:48:12;25;Катерина
04.05.2013;Суббота;14:26:03;15;Миха
02.05.2013;Четверг;16:22:19;15;Nusha
02.05.2013;Четверг;10:36:43;300;Ольга
02.05.2013;Четверг;09:56:52;50;Андрей
02.05.2013;Четверг;09:55:00;50;РуфикджанПитерский
02.05.2013;Четверг;09:50:10;1;Ян21
02.05.2013;Четверг;09:36:50;120;Степа
02.05.2013;Четверг;09:28:58;25;Иван
02.05.2013;Четверг;09:23:32;150;юрий боб
02.05.2013;Четверг;08:37:35;60;игорь
01.05.2013;Среда;23:11:06;29;Анна
01.05.2013;Среда;17:07:13;20;tomahawk
01.05.2013;Среда;16:12:34;20;Макс
01.05.2013;Среда;14:11:57;;Юлия
01.05.2013;Среда;13:54:24;70;владимир
01.05.2013;Среда;13:40:46;30;Юлия
01.05.2013;Среда;12:59:29;30;ArSoron
01.05.2013;Среда;12:21:23;7;светлана
01.05.2013;Среда;10:21:51;30;Иришка
01.05.2013;Среда;10:16:27;35;Елена
30.04.2013;Вторник;08:59:02;3;Leo
29.04.2013;Понедельник;12:53:26;20;Антон
29.04.2013;Понедельник;12:19:28;20;Антон
29.04.2013;Понедельник;12:19:03;25;Антон
27.04.2013;Суббота;09:55:42;50;Леонид
27.04.2013;Суббота;08:44:17;100;анастасия
20.04.2013;Суббота;10:51:35;100;юрий боб
20.04.2013;Суббота;10:49:32;100;юрий боб
20.04.2013;Суббота;10:42:38;100;Артемий
20.04.2013;Суббота;10:42:30;100;Артемий
13.04.2013;Суббота;11:17:52;70;Владислав
11.04.2013;Четверг;12:38:21;10;iR0N
09.04.2013;Вторник;08:48:55;20;Алексей
09.04.2013;Вторник;08:20:08;5;Алексей
06.04.2013;Суббота;14:40:33;7;Анна
06.04.2013;Суббота;12:40:34;250;Денис
06.04.2013;Суббота;11:16:15;180;Стас
06.04.2013;Суббота;08:52:27;;Антон
06.04.2013;Суббота;08:42:45;;Дед Мороз
30.03.2013;Суббота;09:24:47;20;Антон
28.03.2013;Четверг;09:17:05;50;Кирилл
24.03.2013;Воскресенье;16:41:30;2;вад
24.03.2013;Воскресенье;14:13:20;20;555Ярослав
23.03.2013;Суббота;12:12:37;;Лена
23.03.2013;Суббота;09:06:58;40;Андрей
22.03.2013;Пятница;15:21:26;10;александр
22.03.2013;Пятница;14:12:55;15;Алексей
22.03.2013;Пятница;13:10:30;80;Зафирыч
22.03.2013;Пятница;10:22:19;10;Дмитрий
21.03.2013;Четверг;11:52:08;10;Роман
21.03.2013;Четверг;09:19:14;18;Евгений
16.03.2013;Суббота;12:01:02;50;ЕК
16.03.2013;Суббота;10:29:35;100;Ольга
16.03.2013;Суббота;10:27:26;80;евгений
16.03.2013;Суббота;09:52:58;100;Павел
16.03.2013;Суббота;09:51:31;;Ирина
16.03.2013;Суббота;07:19:22;90;Свет
09.03.2013;Суббота;07:54:25;45;Рома
08.03.2013;Пятница;11:17:20;80;Лев
08.03.2013;Пятница;09:44:43;84;cergey
08.03.2013;Пятница;09:08:57;60;Роман
06.03.2013;Среда;13:11:45;15;Зфирыч
06.03.2013;Среда;05:48:12;2;Зфиркин
03.03.2013;Воскресенье;10:51:56;15;ВЕ
02.03.2013;Суббота;14:59:18;3;Alex
02.03.2013;Суббота;12:47:44;10;Натали
02.03.2013;Суббота;10:51:48;34;Ольга Olelykoe
02.03.2013;Суббота;10:51:28;34;Ольга Olelykoe
02.03.2013;Суббота;09:37:34;300;Дарья
27.02.2013;Среда;15:07:06;10;Старый Хрыч
26.02.2013;Вторник;08:52:08;20;ВЕ
23.02.2013;Суббота;10:46:16;;Вик
23.02.2013;Суббота;08:46:51;50;Олег
16.02.2013;Суббота;08:43:56;150;Прима
16.02.2013;Суббота;08:43:19;150;Прима
15.02.2013;Пятница;14:00:21;20;Alena
15.02.2013;Пятница;14:00:09;20;Alena
15.02.2013;Пятница;11:18:09;15;Сема
14.02.2013;Четверг;05:51:51;25;Кеша
14.02.2013;Четверг;04:44:58;20;Иришка
14.02.2013;Четверг;03:51:13;16;Вовик
14.02.2013;Четверг;03:03:46;7;Аня
10.02.2013;Воскресенье;07:51:14;;Саня
09.02.2013;Суббота;12:36:39;;Олег
08.02.2013;Пятница;18:24:15;20;Сергей
02.02.2013;Суббота;13:44:36;15;прищ
02.02.2013;Суббота;13:19:15;20;•••0606
02.02.2013;Суббота;10:32:18;150;Павел
02.02.2013;Суббота;09:30:10;100;svetaso
02.02.2013;Суббота;09:28:49;70;Татьяна
02.02.2013;Суббота;08:39:49;100;Петруха
02.02.2013;Суббота;06:55:34;30;Улыбчивый дед Макар
26.01.2013;Суббота;10:31:38;70;Татьяна
25.01.2013;Пятница;15:16:50;40;Sergey
24.01.2013;Четверг;08:53:58;;Валерий
22.01.2013;Вторник;12:01:56;0;Лёлие
19.01.2013;Суббота;10:04:59;20;денис
13.01.2013;Воскресенье;10:03:10;25;Tarasius
12.01.2013;Суббота;13:32:38;14;Chuch
12.01.2013;Суббота;08:14:41;40;Анна
08.01.2013;Вторник;07:35:40;0;vpacifist
07.01.2013;Понедельник;09:35:39;20;Костя
06.01.2013;Воскресенье;11:58:39;30;Костя
06.01.2013;Воскресенье;09:22:41;12;Роман
06.01.2013;Воскресенье;08:51:38;5;Вова
05.01.2013;Суббота;12:17:18;25;Андрей
05.01.2013;Суббота;10:07:17;200;макс
05.01.2013;Суббота;10:00:41;100;Leo
05.01.2013;Суббота;09:25:29;50;ездок
05.01.2013;Суббота;07:39:16;15;Катя
05.01.2013;Суббота;01:24:54;12;Ослик
04.01.2013;Пятница;13:30:10;110;dshulgin
04.01.2013;Пятница;12:20:54;;Ку
04.01.2013;Пятница;12:01:02;;Михо и Виноградина
04.01.2013;Пятница;11:11:45;200;Дмитрий
04.01.2013;Пятница;10:42:17;;Меган
04.01.2013;Пятница;09:44:07;;Меган
04.01.2013;Пятница;09:22:55;500;Andrew
04.01.2013;Пятница;08:40:22;100;алекс
04.01.2013;Пятница;06:36:31;100;Аноним
04.01.2013;Пятница;06:30:17;200;Серега
04.01.2013;Пятница;06:25:34;20;Алексей
04.01.2013;Пятница;06:14:12;80;Дмитрий
03.01.2013;Четверг;15:43:32;5;ЛешаВо
03.01.2013;Четверг;13:12:53;100;Катерина
03.01.2013;Четверг;12:44:45;100;•••8717
03.01.2013;Четверг;11:21:54;;Ник
03.01.2013;Четверг;10:19:11;70;Эндрю
03.01.2013;Четверг;10:15:42;70;Эндрю
03.01.2013;Четверг;10:03:51;200;Dimon
03.01.2013;Четверг;08:07:39;20;Степа
03.01.2013;Четверг;08:06:10;12;Вера
03.01.2013;Четверг;08:00:30;100;Шумахер
03.01.2013;Четверг;06:55:35;150;line
03.01.2013;Четверг;06:25:50;100;online
03.01.2013;Четверг;06:19:44;20;вит
03.01.2013;Четверг;06:09:18;20;Георгий
03.01.2013;Четверг;06:03:23;20;Михаил
03.01.2013;Четверг;05:40:46;30;Евгений
02.01.2013;Среда;21:10:47;6;Ярослав555
02.01.2013;Среда;13:14:11;20;Андрей
02.01.2013;Среда;10:23:35;;аишня
02.01.2013;Среда;09:45:33;60;Лёлик
02.01.2013;Среда;09:07:20;45;Юлия
02.01.2013;Среда;08:52:17;20;Рита
02.01.2013;Среда;07:08:58;10;Аутлендер
01.01.2013;Вторник;16:34:01;3;Холод
01.01.2013;Вторник;12:53:55;10;георгий
31.12.2012;Понедельник;07:41:18;5;Татьяна
30.12.2012;Воскресенье;12:13:49;;Алена
30.12.2012;Воскресенье;10:28:15;200;Рома
30.12.2012;Воскресенье;09:26:01;180;DimDim
30.12.2012;Воскресенье;08:39:05;150;серж
30.12.2012;Воскресенье;07:54:24;150;bova
29.12.2012;Суббота;18:58:36;;Лера
29.12.2012;Суббота;18:47:35;30;АК
29.12.2012;Суббота;09:41:35;60;Алексей
29.12.2012;Суббота;09:24:26;;Владимир
29.12.2012;Суббота;08:05:06;50;Любовь
29.12.2012;Суббота;08:04:55;;Анатолий
29.12.2012;Суббота;07:24:43;55;большой бу
28.12.2012;Пятница;16:45:24;30;игорь
28.12.2012;Пятница;12:01:00;50;Надежда Неволайнен
28.12.2012;Пятница;10:37:17;;Софья
28.12.2012;Пятница;09:26:06;60;Kai
28.12.2012;Пятница;06:00:10;60;Цвилих
27.12.2012;Четверг;12:18:53;7;Анна
27.12.2012;Четверг;09:34:35;100;Данил
27.12.2012;Четверг;07:48:13;50;александр
27.12.2012;Четверг;06:40:45;100;Чип
22.12.2012;Суббота;08:35:55;10;Илья
22.12.2012;Суббота;06:17:01;100;Сергей
22.12.2012;Суббота;05:31:37;9;Елена
20.12.2012;Четверг;10:30:21;20;Кирилл
20.12.2012;Четверг;09:19:18;22;Владимир
20.12.2012;Четверг;04:42:34;18;Влад
19.12.2012;Среда;11:31:16;10;Дима
19.12.2012;Среда;09:27:53;50;fedorztt
15.12.2012;Суббота;13:04:04;17;Stan
15.12.2012;Суббота;12:40:38;20;пежо3008
15.12.2012;Суббота;12:39:47;15;маха
15.12.2012;Суббота;08:30:21;25;Сергей
12.12.2012;Среда;11:01:28;15;walrusmat
10.12.2012;Понедельник;11:14:11;25;Анджей
08.12.2012;Суббота;11:38:36;120;костян
08.12.2012;Суббота;10:23:59;30;Koleo
07.12.2012;Пятница;16:09:38;40;К
06.12.2012;Четверг;09:58:45;20;александр
01.12.2012;Суббота;10:51:47;60;даниил
01.12.2012;Суббота;10:07:09;60;андрей
25.11.2012;Воскресенье;13:25:49;20;Минашка
24.11.2012;Суббота;10:03:01;70;Анастасия
24.11.2012;Суббота;08:57:15;;en0t
24.11.2012;Суббота;07:18:56;30;Макс
24.11.2012;Суббота;06:53:36;30;Алекс
17.11.2012;Суббота;12:55:22;7;Мария
17.11.2012;Суббота;09:50:38;;Татьяна
17.11.2012;Суббота;09:24:44;;vlad
17.11.2012;Суббота;07:54:55;84;ВеселыйСкороход
16.11.2012;Пятница;13:49:20;10;Грибник
11.11.2012;Воскресенье;10:02:07;10;bugmen
10.11.2012;Суббота;13:06:33;3;Дмитрий
10.11.2012;Суббота;11:59:39;15;bugmen
10.11.2012;Суббота;10:01:28;100;Леночек
10.11.2012;Суббота;09:16:44;42;Чуваки
10.11.2012;Суббота;08:25:24;60;Светлана
10.11.2012;Суббота;07:49:54;;Олч
10.11.2012;Суббота;05:48:12;50;x-trail
08.11.2012;Четверг;15:00:45;5;Carabiner
05.11.2012;Понедельник;13:28:15;30;анчи
05.11.2012;Понедельник;12:15:46;0;•••1019
05.11.2012;Понедельник;11:23:04;6;Гарик
05.11.2012;Понедельник;08:19:55;14;enot
05.11.2012;Понедельник;07:57:54;50;Анна
05.11.2012;Понедельник;05:40:31;20;Юля
04.11.2012;Воскресенье;12:05:33;6;петр
04.11.2012;Воскресенье;09:41:53;18;Овен
03.11.2012;Суббота;11:41:00;200;Mit
03.11.2012;Суббота;09:57:04;200;Света
03.11.2012;Суббота;06:52:28;80;Катерина
20.10.2012;Суббота;15:18:33;5;7th
20.10.2012;Суббота;14:15:16;35;Павел
13.10.2012;Суббота;13:36:14;60;Станислав
13.10.2012;Суббота;12:32:38;;Дима
13.10.2012;Суббота;10:44:18;;петр
13.10.2012;Суббота;10:30:58;180;archie
13.10.2012;Суббота;10:28:43;50;avto-rent.rimbi.ru
