25.01.2019;Пятница;21:06:28;0;Наталья
13.01.2019;Воскресенье;18:23:09;0;Ирина
13.01.2019;Воскресенье;18:01:52;0;Ирина
13.01.2019;Воскресенье;15:18:33;25;Валерий
13.01.2019;Воскресенье;10:18:46;0;Антон
12.01.2019;Суббота;20:23:10;4;Елена
12.01.2019;Суббота;20:13:44;;Евгений
12.01.2019;Суббота;18:14:06;1;Роман
12.01.2019;Суббота;17:36:38;100;Михаил
12.01.2019;Суббота;16:54:36;2;Петя
11.01.2019;Пятница;17:49:04;;Ирина
11.01.2019;Пятница;03:58:10;4;Pavel
10.01.2019;Четверг;15:22:00;70;alez
09.01.2019;Среда;19:30:19;25;Михаил
09.01.2019;Среда;18:27:00;80;Александр
09.01.2019;Среда;16:17:36;;А
09.01.2019;Среда;15:17:25;;Й
09.01.2019;Среда;15:06:39;;Артём
09.01.2019;Среда;15:02:19;50;А
09.01.2019;Среда;14:55:19;150;Ник
09.01.2019;Среда;13:11:04;12;Оксана
09.01.2019;Среда;12:54:37;40;Андрейка
08.01.2019;Вторник;21:31:15;50;Санёк
08.01.2019;Вторник;20:56:20;50;Санёк
08.01.2019;Вторник;16:09:55;50;Антон
08.01.2019;Вторник;15:14:10;2;Ольга
08.01.2019;Вторник;15:00:56;50;Антон
07.01.2019;Понедельник;21:16:30;20;Сергей
07.01.2019;Понедельник;19:11:31;20;Антон
07.01.2019;Понедельник;17:14:29;50;Роман
07.01.2019;Понедельник;15:16:17;;Алексей
07.01.2019;Понедельник;15:09:04;;Татьяна
07.01.2019;Понедельник;11:48:25;50;Василий
06.01.2019;Воскресенье;23:06:39;3;Антон
06.01.2019;Воскресенье;21:21:41;6;Алексей
06.01.2019;Воскресенье;20:43:14;150;Alex
06.01.2019;Воскресенье;18:59:56;200;Налогоплательщик
06.01.2019;Воскресенье;17:56:15;30;Андрей
06.01.2019;Воскресенье;17:15:12;100;Роман
06.01.2019;Воскресенье;16:52:46;100;Алексей
06.01.2019;Воскресенье;15:55:54;100;Net
06.01.2019;Воскресенье;14:08:02;;Tanya
06.01.2019;Воскресенье;13:20:01;40;Михаил
06.01.2019;Воскресенье;13:18:41;;Tanya
06.01.2019;Воскресенье;12:23:49;50;Евгений
05.01.2019;Суббота;21:21:22;;Екатерина
05.01.2019;Суббота;19:47:13;150;Юрий
05.01.2019;Суббота;18:46:33;150;Dmitrii
04.01.2019;Пятница;22:14:42;15;Eclair
04.01.2019;Пятница;21:55:51;15;Роман
04.01.2019;Пятница;18:04:28;3;Света
04.01.2019;Пятница;17:52:48;15;Никита
04.01.2019;Пятница;16:49:30;5;Боцман
04.01.2019;Пятница;16:39:03;34;О
04.01.2019;Пятница;16:38:04;4;Константин
04.01.2019;Пятница;15:46:39;150;Валерия
03.01.2019;Четверг;20:18:03;5;хотим домой
03.01.2019;Четверг;19:51:05;15;хотим домой
03.01.2019;Четверг;19:34:19;;Владимир
03.01.2019;Четверг;17:26:43;2;Руслан
03.01.2019;Четверг;16:54:44;2;Артем
03.01.2019;Четверг;16:08:36;30;АРТУР
03.01.2019;Четверг;15:00:44;60;Novus
02.01.2019;Среда;13:09:54;0;Глеб
31.12.2018;Понедельник;04:26:28;2;Кими
30.12.2018;Воскресенье;22:34:28;3;ВЛАДИМИР
30.12.2018;Воскресенье;18:54:20;15;Bob812
29.12.2018;Суббота;17:23:23;10;Юлия
27.12.2018;Четверг;17:11:13;2;As
23.12.2018;Воскресенье;21:25:56;5;Мария
23.12.2018;Воскресенье;21:17:26;15;Маргарита
23.12.2018;Воскресенье;20:27:25;150;Иван
23.12.2018;Воскресенье;20:00:02;;Максим
23.12.2018;Воскресенье;19:19:36;2;ольга
23.12.2018;Воскресенье;18:33:49;67;Елизавета
23.12.2018;Воскресенье;16:56:43;67;Саня
23.12.2018;Воскресенье;16:56:38;67;Саня
23.12.2018;Воскресенье;16:56:28;67;Саня
23.12.2018;Воскресенье;16:07:07;70;alex
23.12.2018;Воскресенье;12:35:17;3;Pilot
23.12.2018;Воскресенье;06:51:24;1;Анна
22.12.2018;Суббота;17:19:39;500;Landy
22.12.2018;Суббота;10:12:07;100;Катя
17.12.2018;Понедельник;18:33:37;200;Станислав
17.12.2018;Понедельник;18:24:42;50;alex
16.12.2018;Воскресенье;15:14:33;30;Сергей
07.12.2018;Пятница;18:07:09;10;Ден
06.12.2018;Четверг;00:08:25;1;Дина
06.12.2018;Четверг;00:06:00;0;Дина
02.12.2018;Воскресенье;20:53:31;40;R2D2
02.12.2018;Воскресенье;19:01:36;40;Мария
30.11.2018;Пятница;18:47:28;59;Алексей
30.11.2018;Пятница;15:45:10;70;alex z
24.11.2018;Суббота;15:55:13;2;Василий
16.11.2018;Пятница;20:01:05;50;alex z
10.11.2018;Суббота;13:58:55;15;Ксения
06.11.2018;Вторник;12:40:40;;Андрей
06.11.2018;Вторник;00:10:54;;Ирина
05.11.2018;Понедельник;23:57:28;20;Alex
05.11.2018;Понедельник;20:32:19;0;Дарья
05.11.2018;Понедельник;20:11:07;;Екатерина
05.11.2018;Понедельник;19:37:36;10;Мария
05.11.2018;Понедельник;19:05:44;20;Наталья
05.11.2018;Понедельник;19:03:48;200;Наталья
05.11.2018;Понедельник;17:08:31;250;Василий
05.11.2018;Понедельник;15:51:00;30;Аноним
05.11.2018;Понедельник;14:52:14;200;Алекс
05.11.2018;Понедельник;13:26:43;50;Alexander
05.11.2018;Понедельник;12:18:45;40;Сергей
04.11.2018;Воскресенье;21:16:28;5;Олег
04.11.2018;Воскресенье;19:59:23;35;Jerry
02.11.2018;Пятница;17:23:07;20;Ксения
30.10.2018;Вторник;20:13:51;;Маруся27
30.10.2018;Вторник;19:03:43;84;Маруся27
30.10.2018;Вторник;18:26:40;170;Ekaterina
30.10.2018;Вторник;16:42:45;40;Федор
29.10.2018;Понедельник;12:48:10;0;Мария
29.10.2018;Понедельник;12:48:04;0;Мария
20.10.2018;Суббота;20:27:49;20;Женя
20.10.2018;Суббота;13:19:50;84;Михалыч
17.10.2018;Среда;18:53:44;59;ake z
14.10.2018;Воскресенье;20:46:51;15;Марина
14.10.2018;Воскресенье;19:05:51;20;Сергей
08.10.2018;Понедельник;21:23:05;30;Боширов
06.10.2018;Суббота;20:14:30;200;Петр
06.10.2018;Суббота;19:33:51;100;Денис
06.10.2018;Суббота;18:45:29;70;alex z
27.09.2018;Четверг;14:11:07;15;А
27.09.2018;Четверг;13:48:35;;алекей
26.09.2018;Среда;21:08:42;30;Елена
23.09.2018;Воскресенье;13:22:33;30;Valery
22.09.2018;Суббота;20:42:23;2;Владимир
20.09.2018;Четверг;21:38:02;6;Игорь В
16.09.2018;Воскресенье;18:58:46;60;пони
13.09.2018;Четверг;17:43:00;45;алекс
11.09.2018;Вторник;18:36:56;100;Дима
11.09.2018;Вторник;17:58:36;30;Дима
10.09.2018;Понедельник;14:22:37;30;Сергей
10.09.2018;Понедельник;14:20:06;30;Сергей
08.09.2018;Суббота;09:49:25;;Я
02.09.2018;Воскресенье;12:59:33;10;Даниэль
29.08.2018;Среда;21:20:16;60;alex
25.08.2018;Суббота;21:26:43;;Кат
25.08.2018;Суббота;16:21:59;20;тим
25.08.2018;Суббота;13:33:24;20;Alexander
25.08.2018;Суббота;01:52:53;0;Влади
22.08.2018;Среда;18:07:00;10;Николай
19.08.2018;Воскресенье;15:15:04;250;Денис
19.08.2018;Воскресенье;14:57:40;200;Дмитрий
19.08.2018;Воскресенье;14:50:46;120;Сергей
19.08.2018;Воскресенье;12:33:57;20;Константин
18.08.2018;Суббота;20:54:15;180;Анонимус
18.08.2018;Суббота;17:20:31;20;ensi-bus
14.08.2018;Вторник;03:22:56;0;ensi-bus
12.08.2018;Воскресенье;18:06:38;50;Жека
12.08.2018;Воскресенье;17:16:37;1;Вита
12.08.2018;Воскресенье;15:50:33;130;Дмитрий
12.08.2018;Воскресенье;13:18:14;30;Антон
11.08.2018;Суббота;20:06:54;200;Натали
11.08.2018;Суббота;18:24:01;17;Александр
10.08.2018;Пятница;22:17:54;;Яна
10.08.2018;Пятница;17:20:58;50;Владимир
06.08.2018;Понедельник;21:17:29;0;Макс
05.08.2018;Воскресенье;15:53:36;150;Женин пихарь
04.08.2018;Суббота;13:45:32;50;Сергей
03.08.2018;Пятница;09:11:32;0;ensi-bus
28.07.2018;Суббота;19:26:51;15;Ананас
23.07.2018;Понедельник;17:39:13;10;Димон
23.07.2018;Понедельник;13:48:53;3;Alexander
21.07.2018;Суббота;20:11:04;20;alex
21.07.2018;Суббота;12:29:19;30;не финн
20.07.2018;Пятница;14:10:59;40;Серж
16.07.2018;Понедельник;22:23:42;3;Ольга
16.07.2018;Понедельник;18:27:31;0;Alex
16.07.2018;Понедельник;14:27:31;;Павел
16.07.2018;Понедельник;13:20:59;50;Антонио
10.07.2018;Вторник;18:04:32;;Инга
10.07.2018;Вторник;11:58:34;25;Галина
08.07.2018;Воскресенье;17:13:23;30;nvo
08.07.2018;Воскресенье;13:43:28;40;alex
07.07.2018;Суббота;17:32:41;5;Дарья
06.07.2018;Пятница;08:58:11;500;Алексей
04.07.2018;Среда;20:29:12;24;alex
03.07.2018;Вторник;13:41:09;75;Сергей
27.06.2018;Среда;17:28:27;50;ВЕ
22.06.2018;Пятница;12:11:58;23;alex
17.06.2018;Воскресенье;13:58:09;40;VADILEN
17.06.2018;Воскресенье;13:06:26;29;Alexander
13.06.2018;Среда;18:19:02;0;Alex
13.06.2018;Среда;13:34:33;42;Леонид
12.06.2018;Вторник;15:11:52;25;Илья
11.06.2018;Понедельник;19:08:38;220;Антон
07.06.2018;Четверг;17:41:53;200;Сеппо
07.06.2018;Четверг;14:14:37;45;alex
03.06.2018;Воскресенье;20:55:35;5;Jerry
03.06.2018;Воскресенье;20:52:24;15;123
13.05.2018;Воскресенье;16:34:50;15;Ирина
05.05.2018;Суббота;20:28:38;30;Елена
04.05.2018;Пятница;18:25:40;35;Ауди
03.05.2018;Четверг;13:47:19;20;Евгений
02.05.2018;Среда;21:04:35;60;Дмитрий
02.05.2018;Среда;20:30:44;40;Дмитрий
02.05.2018;Среда;16:31:26;34;Lx
02.05.2018;Среда;16:28:38;200;Серж
02.05.2018;Среда;14:27:23;200;Дарья
02.05.2018;Среда;13:41:20;50;А
02.05.2018;Среда;13:40:14;200;Летучий немец
02.05.2018;Среда;11:42:36;50;Alex
01.05.2018;Вторник;13:48:35;42;Тим
01.05.2018;Вторник;12:35:46;7;Санечек
01.05.2018;Вторник;02:39:51;5;ensi-bus
01.05.2018;Вторник;00:58:55;1;Елена
28.04.2018;Суббота;16:19:39;0;ensi-bus
27.04.2018;Пятница;15:07:57;70;Микка
22.04.2018;Воскресенье;14:31:40;;Михаил
20.04.2018;Пятница;18:14:57;43;alex
07.04.2018;Суббота;18:22:15;20;Полина
07.04.2018;Суббота;09:28:01;50;Николай
04.04.2018;Среда;12:29:07;0;ensi-bus
04.04.2018;Среда;12:29:06;0;ensi-bus
31.03.2018;Суббота;20:22:56;5;Костя
31.03.2018;Суббота;20:22:33;;Костя
30.03.2018;Пятница;13:33:00;;Яна
30.03.2018;Пятница;12:18:25;;Яна
30.03.2018;Пятница;12:18:15;;Яна
29.03.2018;Четверг;21:39:03;67;Светлана
27.03.2018;Вторник;20:05:26;30;Свои
27.03.2018;Вторник;18:12:29;35;alex
27.03.2018;Вторник;14:50:38;50;Сеппо
26.03.2018;Понедельник;19:47:21;25;Гошан
25.03.2018;Воскресенье;14:15:33;10;Владимир
22.03.2018;Четверг;14:22:38;10;ensi-bus
13.03.2018;Вторник;19:15:00;42;Алекскй
11.03.2018;Воскресенье;18:09:49;0;Alex
10.03.2018;Суббота;18:15:50;58;alex
10.03.2018;Суббота;16:20:29;15;Надежда
09.03.2018;Пятница;21:40:35;100;Рлман
09.03.2018;Пятница;21:32:19;84;Бабусик
09.03.2018;Пятница;19:19:24;15;Наталья
09.03.2018;Пятница;16:47:55;;Blabla
09.03.2018;Пятница;16:30:21;50;Великоросс
25.02.2018;Воскресенье;15:04:50;75;ноаов
25.02.2018;Воскресенье;13:33:13;0;Alexander
25.02.2018;Воскресенье;11:28:17;2;nvo
04.02.2018;Воскресенье;15:20:15;40;Андрей
03.02.2018;Суббота;20:06:34;34;Олег
27.01.2018;Суббота;20:41:50;5;Jerry
27.01.2018;Суббота;18:48:47;84;Не известно
16.01.2018;Вторник;15:18:54;50;С
16.01.2018;Вторник;14:52:56;50;С
14.01.2018;Воскресенье;19:31:10;2;Jerry
14.01.2018;Воскресенье;15:57:13;200;д
14.01.2018;Воскресенье;14:15:35;45;jetta
13.01.2018;Суббота;18:04:30;;Daniel
11.01.2018;Четверг;18:36:35;0;Alex
09.01.2018;Вторник;17:05:28;;Артем
09.01.2018;Вторник;14:06:16;30;Пекка
09.01.2018;Вторник;00:05:05;15;Финны пыдоры
08.01.2018;Понедельник;20:34:06;50;Лика
08.01.2018;Понедельник;17:00:43;100;Я
08.01.2018;Понедельник;16:44:27;1;Галина
08.01.2018;Понедельник;16:15:38;3;Александр
08.01.2018;Понедельник;16:15:31;3;Александр
08.01.2018;Понедельник;15:10:21;50;Антон
08.01.2018;Понедельник;13:34:25;30;Alexander
08.01.2018;Понедельник;13:18:57;60;Инна
08.01.2018;Понедельник;12:34:20;40;Игорь
07.01.2018;Воскресенье;22:08:16;5;Елена
07.01.2018;Воскресенье;21:30:04;84;Игорь
07.01.2018;Воскресенье;21:01:28;70;116 регион
07.01.2018;Воскресенье;20:58:57;;Павел
07.01.2018;Воскресенье;20:53:43;70;Андрей
07.01.2018;Воскресенье;19:54:09;;Мария
07.01.2018;Воскресенье;17:53:43;50;Александр
07.01.2018;Воскресенье;15:58:50;;Сергей
07.01.2018;Воскресенье;15:22:00;25;Владимир
07.01.2018;Воскресенье;15:15:47;;Татьяна
07.01.2018;Воскресенье;15:01:41;58;alex
07.01.2018;Воскресенье;13:10:33;15;Марат
07.01.2018;Воскресенье;13:07:07;15;Марат
07.01.2018;Воскресенье;11:56:06;10;Игорь
07.01.2018;Воскресенье;05:29:19;0;Дарина
07.01.2018;Воскресенье;02:58:33;5;Йа
07.01.2018;Воскресенье;00:39:47;300;Грамотей
06.01.2018;Суббота;22:36:21;;Лика
06.01.2018;Суббота;22:06:48;300;Галуст
06.01.2018;Суббота;21:41:14;500;Дмитрий
06.01.2018;Суббота;19:09:31;750;пограничник Гагашидзе
06.01.2018;Суббота;17:00:10;;Наталья
06.01.2018;Суббота;14:51:01;100;Анна
06.01.2018;Суббота;14:18:06;40;Дениска
06.01.2018;Суббота;13:58:12;130;alex
06.01.2018;Суббота;13:30:24;80;Дима
06.01.2018;Суббота;12:52:57;;Мария
06.01.2018;Суббота;11:46:38;20;Саша
06.01.2018;Суббота;09:42:45;2;Лёха
06.01.2018;Суббота;01:00:53;200;Иван
06.01.2018;Суббота;00:52:24;500;Юлия
05.01.2018;Пятница;23:01:54;350;Маруся
05.01.2018;Пятница;22:34:04;40;Юлия
05.01.2018;Пятница;21:57:56;500;Александр
05.01.2018;Пятница;19:01:54;;Brabus
05.01.2018;Пятница;18:33:43;500;Алексей
05.01.2018;Пятница;18:33:22;170;Александр
05.01.2018;Пятница;18:27:25;34;Oleg
05.01.2018;Пятница;17:33:28;;Виталий
05.01.2018;Пятница;16:10:24;150;Пафнутий
05.01.2018;Пятница;15:29:08;5;9234
05.01.2018;Пятница;01:15:23;2;Настя
05.01.2018;Пятница;00:21:12;15;Олег
04.01.2018;Четверг;19:56:20;;Василий
04.01.2018;Четверг;19:55:56;46;alex
04.01.2018;Четверг;18:05:23;;Наталья
04.01.2018;Четверг;17:02:34;70;Ксюн
04.01.2018;Четверг;16:46:39;60;Mikhail
04.01.2018;Четверг;13:49:42;;Александр
03.01.2018;Среда;18:20:42;90;alex
26.12.2017;Вторник;16:47:32;1;Владимир
25.12.2017;Понедельник;11:56:53;3;tsf
24.12.2017;Воскресенье;16:53:36;200;Олег
23.12.2017;Суббота;16:25:35;5;vw jetta
23.12.2017;Суббота;02:12:59;;Путешественник
21.12.2017;Четверг;23:00:23;7;Юля
20.12.2017;Среда;17:23:04;40;Алексей
17.12.2017;Воскресенье;17:30:41;21;alex
17.12.2017;Воскресенье;15:05:43;110;Водитель
10.12.2017;Воскресенье;17:22:38;;Landy
02.12.2017;Суббота;18:59:01;200;Ирина
30.11.2017;Четверг;18:53:56;50;Алена
11.11.2017;Суббота;16:49:10;;Ната
06.11.2017;Понедельник;21:14:31;14;Ник
06.11.2017;Понедельник;20:56:14;;Канистра с бензином
06.11.2017;Понедельник;20:41:32;270;Евгения
06.11.2017;Понедельник;20:37:20;;Бмв088
06.11.2017;Понедельник;20:31:03;360;Евгения
06.11.2017;Понедельник;20:06:48;30;Jerry
06.11.2017;Понедельник;16:41:12;500;Сергей
06.11.2017;Понедельник;16:04:14;230;alex
06.11.2017;Понедельник;16:01:23;34;Bob
06.11.2017;Понедельник;15:06:14;;Егор
06.11.2017;Понедельник;14:04:29;34;Светлана
05.11.2017;Воскресенье;17:43:34;100;Наталья
04.11.2017;Суббота;14:55:18;80;Landy
24.10.2017;Вторник;20:13:21;39;alex
24.10.2017;Вторник;16:52:19;20;Андрей
24.10.2017;Вторник;16:32:49;30;Я
24.10.2017;Вторник;16:32:42;30;Я
12.10.2017;Четверг;20:11:14;32;alex
08.10.2017;Воскресенье;20:21:20;1;Егор
01.10.2017;Воскресенье;13:55:00;60;Женя
20.09.2017;Среда;16:19:24;;Игорь
19.09.2017;Вторник;15:19:59;5;ensi-bus
17.09.2017;Воскресенье;14:14:14;100;Кат
12.09.2017;Вторник;13:47:51;20;Рой
10.09.2017;Воскресенье;16:08:36;1;Боцман
03.09.2017;Воскресенье;17:21:39;;Саша
29.08.2017;Вторник;13:17:29;40;Steleon
29.08.2017;Вторник;12:31:54;15;Леонид
28.08.2017;Понедельник;12:30:10;40;Кирилл
27.08.2017;Воскресенье;17:42:21;40;лина
26.08.2017;Суббота;06:34:18;3;ensi-bus
26.08.2017;Суббота;01:23:34;0;ensi-bus
25.08.2017;Пятница;21:00:51;15;Ирина
24.08.2017;Четверг;18:53:18;30;alex
22.08.2017;Вторник;15:49:24;0;ensi-bus
22.08.2017;Вторник;15:49:00;0;ensi-bus
20.08.2017;Воскресенье;19:00:21;120;Алексей
19.08.2017;Суббота;19:21:51;50;Сергей
19.08.2017;Суббота;19:21:34;50;Сергей
19.08.2017;Суббота;13:05:21;50;Кат
18.08.2017;Пятница;20:23:10;0;ensi-bus
16.08.2017;Среда;14:56:38;0;ensi-bus
14.08.2017;Понедельник;16:36:25;25;ensi-bus
14.08.2017;Понедельник;13:54:56;180;Мария
14.08.2017;Понедельник;08:20:49;0;ensi-bus
11.08.2017;Пятница;18:39:48;35;ensi-bus
10.08.2017;Четверг;18:34:42;35;Наташа
10.08.2017;Четверг;18:03:31;30;Денис
09.08.2017;Среда;13:49:48;50;Андрей
08.08.2017;Вторник;15:24:37;5;ensi-bus
07.08.2017;Понедельник;16:26:33;10;ensi-bus
04.08.2017;Пятница;15:48:23;2;Таня
31.07.2017;Понедельник;21:09:42;0;Alex
29.07.2017;Суббота;18:43:32;10;Ирина
22.07.2017;Суббота;22:21:39;4;Петя
22.07.2017;Суббота;20:02:39;;Александр
22.07.2017;Суббота;13:15:41;20;Светлана
21.07.2017;Пятница;19:22:16;95;Саша с
21.07.2017;Пятница;12:43:43;50;Олег
16.07.2017;Воскресенье;15:31:37;0;маруся27
16.07.2017;Воскресенье;12:33:17;10;ensi-bus
13.07.2017;Четверг;16:35:05;45;Алексей
13.07.2017;Четверг;10:27:37;8;Орех
12.07.2017;Среда;13:43:38;30;Катерина
07.07.2017;Пятница;21:47:33;0;ensi-bus
07.07.2017;Пятница;12:12:04;;ИЗЯ
06.07.2017;Четверг;15:05:54;1;котик
05.07.2017;Среда;20:59:50;42;alex
04.07.2017;Вторник;20:06:09;23;alex
02.07.2017;Воскресенье;16:46:03;25;Павел
01.07.2017;Суббота;19:56:13;12;Ensi-bus
30.06.2017;Пятница;13:08:57;70;Ensi-bus
29.06.2017;Четверг;13:39:44;6;Елена
26.06.2017;Понедельник;12:08:06;10;Alex
17.06.2017;Суббота;16:57:03;10;Юлия
17.06.2017;Суббота;00:55:41;1;Саша
16.06.2017;Пятница;16:31:02;30;Витя
13.06.2017;Вторник;11:59:11;30;Алексей
12.06.2017;Понедельник;12:17:09;10;тим
10.06.2017;Суббота;17:08:35;100;Дмитрий
04.06.2017;Воскресенье;14:30:09;10;Инна
28.05.2017;Воскресенье;13:11:07;20;Игорь
21.05.2017;Воскресенье;16:29:45;46;alex
20.05.2017;Суббота;14:38:21;0;9234
14.05.2017;Воскресенье;16:32:11;180;Alex
14.05.2017;Воскресенье;16:31:54;180;Alex
14.05.2017;Воскресенье;16:09:19;110;Никита
10.05.2017;Среда;16:14:11;0;Иванна
10.05.2017;Среда;12:59:18;52;alex
09.05.2017;Вторник;18:08:00;10;Владимир
09.05.2017;Вторник;16:10:42;;Мика
09.05.2017;Вторник;15:54:48;;Кирилл
09.05.2017;Вторник;15:20:32;300;ЕВГЕНИЙ
09.05.2017;Вторник;14:41:58;;Ирина
09.05.2017;Вторник;11:10:44;67;Alexander
09.05.2017;Вторник;09:31:36;10;Сергей
08.05.2017;Понедельник;16:29:01;10;Дмитрий
08.05.2017;Понедельник;14:28:39;;Василий
08.05.2017;Понедельник;13:11:45;120;Аlex
08.05.2017;Понедельник;13:04:09;;Игорь
08.05.2017;Понедельник;12:50:04;;Мария
07.05.2017;Воскресенье;12:46:40;50;Влад
06.05.2017;Суббота;17:23:25;20;Гарик
01.05.2017;Понедельник;14:55:19;6;Людмила
01.05.2017;Понедельник;12:48:38;100;Светлана
27.04.2017;Четверг;19:20:27;0;Постоянник
23.04.2017;Воскресенье;20:07:42;0;Андрей
20.04.2017;Четверг;20:49:10;50;Александр
20.04.2017;Четверг;18:54:04;30;Денис
20.04.2017;Четверг;18:21:55;60;Greencardlt.ru
20.04.2017;Четверг;17:13:43;45;Greencardlt.ru
15.04.2017;Суббота;16:46:47;5;Лю
13.04.2017;Четверг;21:28:39;180;юлия
13.04.2017;Четверг;21:18:04;180;юлия
01.04.2017;Суббота;18:30:13;;Ольга
31.03.2017;Пятница;17:53:03;50;Иван
30.03.2017;Четверг;16:56:57;120;Андрей
23.03.2017;Четверг;17:05:28;0;ВЕ
18.03.2017;Суббота;18:31:18;40;Ка
18.03.2017;Суббота;16:31:02;2;Мару
16.03.2017;Четверг;20:40:54;100;Любовь
12.03.2017;Воскресенье;15:02:18;6;Андрей
26.02.2017;Воскресенье;21:27:57;0;Игорь В
26.02.2017;Воскресенье;13:18:23;60;Кат
26.02.2017;Воскресенье;12:30:06;0;Alex
25.02.2017;Суббота;16:42:50;300;дмитрий
25.02.2017;Суббота;16:22:18;90;aylivex
25.02.2017;Суббота;16:21:25;;игорь
25.02.2017;Суббота;16:15:07;20;Александр
25.02.2017;Суббота;15:41:25;50;Макс
24.02.2017;Пятница;19:59:22;;Коля
24.02.2017;Пятница;19:41:19;400;киса
18.02.2017;Суббота;17:25:05;10;Константин
17.02.2017;Пятница;22:35:22;7;Алексей
17.02.2017;Пятница;16:24:28;293;АЕЛЕКСЕЙ
05.02.2017;Воскресенье;19:11:13;20;Екатерина
05.02.2017;Воскресенье;13:32:38;0;Инга
15.01.2017;Воскресенье;16:44:12;0;светлана
10.01.2017;Вторник;15:00:58;15;Антон
10.01.2017;Вторник;13:30:52;100;Alek
10.01.2017;Вторник;00:11:01;70;Саня
10.01.2017;Вторник;00:10:52;70;Саня
09.01.2017;Понедельник;23:41:43;50;Саня
08.01.2017;Воскресенье;14:18:14;12;Людмила
08.01.2017;Воскресенье;06:56:49;1;Мария
07.01.2017;Суббота;20:22:14;500;Сергей
07.01.2017;Суббота;18:41:15;0;Роман
07.01.2017;Суббота;16:50:08;45;Надежда
07.01.2017;Суббота;15:28:16;45;Максим
07.01.2017;Суббота;15:23:30;40;aylivex
07.01.2017;Суббота;14:30:14;70;Игорь
07.01.2017;Суббота;09:32:30;6;Юлия
06.01.2017;Пятница;15:37:28;2;Марина
06.01.2017;Пятница;13:03:15;130;Евген
06.01.2017;Пятница;12:32:13;12;Василий
06.01.2017;Пятница;03:55:52;0;Елена
05.01.2017;Четверг;20:16:48;180;Татьяна
05.01.2017;Четверг;19:51:02;2;Марина
05.01.2017;Четверг;18:51:24;1;Юнат
05.01.2017;Четверг;18:10:15;2;Аня
05.01.2017;Четверг;17:02:49;200;Антон
05.01.2017;Четверг;16:51:28;100;Андрей
05.01.2017;Четверг;16:18:01;100;Денис
05.01.2017;Четверг;15:19:08;;Василий
04.01.2017;Среда;14:22:34;5;Виктор
03.01.2017;Вторник;17:04:44;100;Cr001
03.01.2017;Вторник;17:00:57;100;Юрий
25.12.2016;Воскресенье;09:49:06;0;Alex
18.12.2016;Воскресенье;16:15:01;0;Alex
18.12.2016;Воскресенье;00:15:58;2;Irina
01.12.2016;Четверг;17:32:19;3;ВЕ
01.12.2016;Четверг;17:27:09;3;ВЕ
26.11.2016;Суббота;17:16:07;7;Илья
26.11.2016;Суббота;11:19:41;3;Алексей
20.11.2016;Воскресенье;14:51:48;10;2
20.11.2016;Воскресенье;13:22:58;5;Алексей
12.11.2016;Суббота;17:10:52;10;Mexin
07.11.2016;Понедельник;12:21:02;50;Иван
06.11.2016;Воскресенье;16:24:04;5;Аня
06.11.2016;Воскресенье;16:23:08;;Аня
06.11.2016;Воскресенье;08:20:57;5;Ensi bus
03.11.2016;Четверг;17:14:15;50;денис
29.10.2016;Суббота;13:10:51;10;Ирина
23.10.2016;Воскресенье;22:23:49;1;Антон
08.10.2016;Суббота;14:19:59;0;Bob812
07.10.2016;Пятница;22:08:53;30;Алексей
02.10.2016;Воскресенье;15:21:50;0;Слава
26.09.2016;Понедельник;17:26:40;;Андрей
05.09.2016;Понедельник;18:26:25;150;Дарья
05.09.2016;Понедельник;17:39:48;80;Артурка
28.08.2016;Воскресенье;19:41:00;4;Kwagga
28.08.2016;Воскресенье;16:30:34;0;Slava
27.08.2016;Суббота;18:21:50;350;ПатГиот Госсии
22.08.2016;Понедельник;16:25:46;4;HM
21.08.2016;Воскресенье;22:08:44;50;С
21.08.2016;Воскресенье;21:54:20;50;Славамерседес
20.08.2016;Суббота;17:31:16;50;Саша
16.08.2016;Вторник;10:20:53;;Алекс
13.08.2016;Суббота;19:28:32;;Вова
07.08.2016;Воскресенье;18:24:31;0;макс
06.08.2016;Суббота;12:23:17;6;Антон
05.08.2016;Пятница;22:06:44;60;Боб812
23.07.2016;Суббота;16:42:40;;Вика
19.07.2016;Вторник;22:05:19;8;Галина
19.07.2016;Вторник;14:13:41;50;Влад
17.07.2016;Воскресенье;16:05:16;80;Ваня
17.07.2016;Воскресенье;01:58:41;10;Евгений
16.07.2016;Суббота;17:30:50;25;АМ
01.07.2016;Пятница;18:19:11;4;Елена
01.07.2016;Пятница;13:29:35;2;Соня
25.06.2016;Суббота;17:04:21;0;Александра
21.06.2016;Вторник;12:48:19;0;aylivex
19.06.2016;Воскресенье;16:27:43;0;макс
18.06.2016;Суббота;16:26:19;;Наталья
18.06.2016;Суббота;15:42:44;4;Вероника
18.06.2016;Суббота;12:13:14;10;Венера
14.06.2016;Вторник;03:59:59;1;Saarelainen
14.06.2016;Вторник;03:57:16;1;Saarelainen
13.06.2016;Понедельник;18:56:30;35;Людмила
13.06.2016;Понедельник;18:54:24;35;Людмила
13.06.2016;Понедельник;17:16:13;20;макс
13.06.2016;Понедельник;17:14:05;20;макс
13.06.2016;Понедельник;15:15:01;30;Сергей
13.06.2016;Понедельник;14:41:35;50;Алексей
13.06.2016;Понедельник;13:25:42;3;katik
12.06.2016;Воскресенье;19:18:33;110;Белый бим
20.05.2016;Пятница;17:07:10;;Михаил
20.05.2016;Пятница;16:06:23;;Никита
08.05.2016;Воскресенье;15:26:03;5;Мила
07.05.2016;Суббота;08:05:54;0;Филипп
03.05.2016;Вторник;22:14:59;5;Татьяна
03.05.2016;Вторник;22:12:01;450;Сами
03.05.2016;Вторник;21:03:04;20;Нафаня
03.05.2016;Вторник;18:53:45;;Софья
03.05.2016;Вторник;18:13:16;4;Софья
03.05.2016;Вторник;13:40:51;50;Алексей
03.05.2016;Вторник;12:45:29;5;Дмитрий
03.05.2016;Вторник;02:25:53;3;Андрей
30.04.2016;Суббота;13:11:42;50;Мур
14.04.2016;Четверг;15:09:11;30;Алексей
24.03.2016;Четверг;15:27:52;60;Александр
07.03.2016;Понедельник;15:44:06;67;Роман
07.03.2016;Понедельник;09:56:44;150;Max
23.02.2016;Вторник;15:53:36;15;Olga
11.01.2016;Понедельник;17:01:55;0;Антон
11.01.2016;Понедельник;14:47:01;5;Лёха на Джипе
11.01.2016;Понедельник;14:46:07;5;Лёха на Джипе
10.01.2016;Воскресенье;18:03:44;2;Александр
10.01.2016;Воскресенье;11:59:53;30;Тимофей
10.01.2016;Воскресенье;11:59:01;1;Федор
10.01.2016;Воскресенье;11:29:37;1;Марина
09.01.2016;Суббота;22:39:51;30;Михаил
09.01.2016;Суббота;16:55:02;5;Кирилл
09.01.2016;Суббота;14:12:50;0;aylivex
09.01.2016;Суббота;13:45:01;100;Aerosena
09.01.2016;Суббота;13:06:53;20;Alex
09.01.2016;Суббота;11:22:45;50;Марина
09.01.2016;Суббота;11:22:35;50;Марина
08.01.2016;Пятница;20:58:23;20;Лафи
08.01.2016;Пятница;16:05:02;50;и
07.01.2016;Четверг;17:03:07;35;Фёдор
07.01.2016;Четверг;16:03:47;20;Фёдор
07.01.2016;Четверг;13:26:27;30;Артемий
07.01.2016;Четверг;12:20:44;9;наталья
07.01.2016;Четверг;12:09:22;10;Наталья
06.01.2016;Среда;16:07:53;50;Марина
05.01.2016;Вторник;13:54:03;;Виктория
04.01.2016;Понедельник;17:14:18;4;Дмитрий
04.01.2016;Понедельник;14:58:00;2;Goodk
03.01.2016;Воскресенье;13:42:52;0;Маруся27
23.12.2015;Среда;16:33:24;140;Владимир
19.12.2015;Суббота;18:30:55;2;Емельян
07.11.2015;Суббота;19:03:17;3;Екатерина
07.11.2015;Суббота;16:07:27;3;таня
07.11.2015;Суббота;12:50:53;14;Гала
07.11.2015;Суббота;12:50:52;14;Гала
06.11.2015;Пятница;16:41:50;;Александр
06.11.2015;Пятница;15:03:03;20;elena
05.11.2015;Четверг;19:58:19;0;мик
04.11.2015;Среда;19:10:08;70;Татьяна
04.11.2015;Среда;18:39:24;99;ВА
04.11.2015;Среда;18:30:45;25;Катя
04.11.2015;Среда;18:30:11;25;Катя
04.11.2015;Среда;17:10:32;60;дмитрий
04.11.2015;Среда;16:14:27;60;Егор
04.11.2015;Среда;15:41:33;20;Ольга
04.11.2015;Среда;14:09:19;8;Гризвольд
25.10.2015;Воскресенье;13:09:23;15;Сергей
24.10.2015;Суббота;17:22:40;30;Landy
19.10.2015;Понедельник;18:05:58;;Наталья
09.10.2015;Пятница;15:48:53;100;алекс
27.09.2015;Воскресенье;21:15:58;10;Максим
19.09.2015;Суббота;10:46:46;270;Алексей
23.08.2015;Воскресенье;14:12:46;180;Елена
23.08.2015;Воскресенье;13:59:12;10;Алексей
18.08.2015;Вторник;18:10:54;1;макс
18.08.2015;Вторник;18:09:31;0;макс
17.08.2015;Понедельник;19:02:53;1;Vadim
09.08.2015;Воскресенье;19:32:30;15;Deep
08.08.2015;Суббота;20:01:32;0;Сергей
07.08.2015;Пятница;23:22:04;3;dez
07.08.2015;Пятница;16:16:57;0;Yana
04.08.2015;Вторник;19:49:16;6;Коля
02.08.2015;Воскресенье;20:58:33;8;ильч
02.08.2015;Воскресенье;16:29:38;0;aylivex
02.08.2015;Воскресенье;15:58:48;40;Сергей
02.08.2015;Воскресенье;14:10:55;30;Александр
01.08.2015;Суббота;19:10:59;60;АкакаяВамРазница
01.08.2015;Суббота;06:20:14;0;123
27.07.2015;Понедельник;23:02:44;30;Андрей
27.07.2015;Понедельник;15:21:19;200;Семен
26.07.2015;Воскресенье;20:11:24;50;Антон
26.07.2015;Воскресенье;19:03:08;2;товарищ
26.07.2015;Воскресенье;16:15:12;10;Евген
26.07.2015;Воскресенье;12:28:48;0;Alex
26.07.2015;Воскресенье;09:46:52;0;костя
22.07.2015;Среда;21:34:52;84;Я
22.07.2015;Среда;11:15:04;3;Wad
22.07.2015;Среда;11:13:19;;Саня
17.07.2015;Пятница;18:55:28;200;Александр
13.07.2015;Понедельник;17:54:28;150;ира
11.07.2015;Суббота;16:52:57;0;илья
11.07.2015;Суббота;06:14:56;70;Игорь
27.06.2015;Суббота;12:02:47;;Алексей
25.06.2015;Четверг;21:48:42;42;гена
21.06.2015;Воскресенье;16:38:34;0;Алексей
15.06.2015;Понедельник;18:12:17;2;Юлия
15.06.2015;Понедельник;14:09:26;5;Se
14.06.2015;Воскресенье;16:16:18;150;www.finntransfer.ucoz.ru
14.06.2015;Воскресенье;15:44:16;200;Кузик
14.06.2015;Воскресенье;14:22:32;5;макс
14.06.2015;Воскресенье;11:53:36;5;Алексей
13.06.2015;Суббота;22:38:22;50;дедушка Хо
12.06.2015;Пятница;21:43:03;;Турист
09.06.2015;Вторник;13:16:03;0;www.finntransfer.ucoz.ru
30.05.2015;Суббота;20:36:55;30;Kiki
29.05.2015;Пятница;13:30:53;15;Алексей
29.05.2015;Пятница;13:30:23;15;Алексей
27.05.2015;Среда;03:47:05;0;wwww.finntransfer.ucoz.ru
23.05.2015;Суббота;20:03:20;0;Jerry
20.05.2015;Среда;00:12:52;70;nk
20.05.2015;Среда;00:12:19;30;nk
17.05.2015;Воскресенье;22:25:11;;Дмитрий
17.05.2015;Воскресенье;22:24:45;;Дмитрий
14.05.2015;Четверг;07:56:46;2;Михаил
11.05.2015;Понедельник;11:51:23;200;антон
10.05.2015;Воскресенье;18:24:19;3;Александр
10.05.2015;Воскресенье;18:24:01;3;Александр
10.05.2015;Воскресенье;18:00:56;2;Александр
08.05.2015;Пятница;18:02:16;3;Den
07.05.2015;Четверг;15:28:23;80;682
07.05.2015;Четверг;14:19:04;50;682
05.05.2015;Вторник;16:33:20;6;Филипп
04.05.2015;Понедельник;16:43:40;300;Сергей
04.05.2015;Понедельник;15:41:38;;Мурыся
04.05.2015;Понедельник;15:34:11;34;Татьяна
03.05.2015;Воскресенье;16:53:09;450;Андрей
01.05.2015;Пятница;09:21:30;5;www.Finntransfer.ucoz.ru
30.04.2015;Четверг;00:25:03;25;Максим
26.04.2015;Воскресенье;13:01:26;0;Игорь
25.04.2015;Суббота;05:39:57;0;www.finntransfer.ucoz.ru
18.04.2015;Суббота;19:18:05;30;www.finntransfer.ucoz.ru
12.04.2015;Воскресенье;10:16:26;10;Наталья
10.04.2015;Пятница;05:24:38;0;Finntransfer
28.03.2015;Суббота;17:25:36;0;михаил
28.03.2015;Суббота;16:04:38;200;Роман
28.03.2015;Суббота;16:04:29;200;Роман
24.03.2015;Вторник;14:40:55;2;Алексей
09.03.2015;Понедельник;13:45:36;2;Мария
07.03.2015;Суббота;00:20:25;;MagstreeT
23.02.2015;Понедельник;17:24:52;3;Елена
23.02.2015;Понедельник;15:14:21;50;landy
15.02.2015;Воскресенье;04:15:28;0;Вадим
07.02.2015;Суббота;13:39:31;45;Надежда
12.01.2015;Понедельник;12:02:42;50;Слава
12.01.2015;Понедельник;10:49:08;3;Саша
11.01.2015;Воскресенье;14:10:37;70;Гарик
11.01.2015;Воскресенье;11:58:26;120;Никита
10.01.2015;Суббота;14:48:25;250;Алексей
10.01.2015;Суббота;09:05:22;5;Андрей
09.01.2015;Пятница;21:28:20;;primus
09.01.2015;Пятница;19:55:45;;Lo
09.01.2015;Пятница;15:23:39;200;landy
09.01.2015;Пятница;14:03:33;30;алекс
09.01.2015;Пятница;11:52:58;;rower
09.01.2015;Пятница;10:33:03;50;Дмитрий
07.01.2015;Среда;23:12:55;250;Евгений
06.01.2015;Вторник;14:46:08;35;Турист
06.01.2015;Вторник;12:25:52;60;Михаил
06.01.2015;Вторник;12:00:45;27;Андрей
06.01.2015;Вторник;11:59:59;;Андрей
05.01.2015;Понедельник;11:46:04;7;MADDOCTOR
04.01.2015;Воскресенье;17:04:42;5;константин
03.01.2015;Суббота;16:37:40;0;Павел
03.01.2015;Суббота;16:34:58;5;Полина
03.01.2015;Суббота;16:34:53;5;Полина
03.01.2015;Суббота;13:25:01;20;888
03.01.2015;Суббота;13:13:55;0;aylivex
03.12.2014;Среда;12:40:31;4;Владимир
29.11.2014;Суббота;12:51:43;0;306
09.11.2014;Воскресенье;12:09:27;100;Игорь
07.11.2014;Пятница;18:36:45;;местный
07.11.2014;Пятница;18:01:33;;местный
07.11.2014;Пятница;15:12:01;293;м545мм777
07.11.2014;Пятница;14:25:37;220;рулез
07.11.2014;Пятница;11:00:05;4;Алексей
06.11.2014;Четверг;19:44:45;80;Галина
05.11.2014;Среда;14:12:36;25;Анатолий
05.11.2014;Среда;11:58:14;15;Александра
04.11.2014;Вторник;20:31:52;0;Яна
04.11.2014;Вторник;16:48:41;40;Алекс
04.11.2014;Вторник;14:49:40;20;И снова Владимир
04.11.2014;Вторник;14:43:15;50;Владимир
04.11.2014;Вторник;11:33:30;;Тез
04.11.2014;Вторник;10:37:56;84;Макс
04.11.2014;Вторник;10:28:57;100;Юля
04.11.2014;Вторник;09:30:41;120;Lenline
04.11.2014;Вторник;08:16:30;;Павел
04.11.2014;Вторник;06:53:32;4;Ирина
03.11.2014;Понедельник;22:24:59;720;ю
03.11.2014;Понедельник;21:38:42;540;Анастасия
03.11.2014;Понедельник;21:19:58;;Александр
03.11.2014;Понедельник;20:56:52;500;Алексей
03.11.2014;Понедельник;20:50:40;;Я
03.11.2014;Понедельник;20:45:28;;Саша
03.11.2014;Понедельник;20:26:25;180;Илья
03.11.2014;Понедельник;20:07:34;;aista
03.11.2014;Понедельник;19:50:17;740;А В
03.11.2014;Понедельник;19:38:03;;Вован
03.11.2014;Понедельник;19:20:17;;Елена
03.11.2014;Понедельник;19:15:45;400;Илья
03.11.2014;Понедельник;19:12:40;450;Холмс
03.11.2014;Понедельник;19:06:58;830;Aleksei
03.11.2014;Понедельник;18:48:33;;анатолий
03.11.2014;Понедельник;18:44:31;360;Дмитрий
03.11.2014;Понедельник;18:41:56;;Артем
03.11.2014;Понедельник;18:40:24;720;Кэтрин
03.11.2014;Понедельник;18:37:47;;Илья
03.11.2014;Понедельник;18:33:19;;Солярис
03.11.2014;Понедельник;16:51:41;;натс
03.11.2014;Понедельник;16:26:05;;Анастасия
03.11.2014;Понедельник;16:22:13;;Елена
03.11.2014;Понедельник;15:50:20;360;Анатолий
03.11.2014;Понедельник;15:32:16;360;Елена
03.11.2014;Понедельник;15:23:02;;владимир
03.11.2014;Понедельник;15:22:08;;гольф5
03.11.2014;Понедельник;15:11:27;;Денис
03.11.2014;Понедельник;14:59:56;;гольф5
03.11.2014;Понедельник;14:44:56;;Анастасия
03.11.2014;Понедельник;14:40:22;540;Анатолий
03.11.2014;Понедельник;14:33:40;180;Катюша
03.11.2014;Понедельник;14:10:42;;гольф5
03.11.2014;Понедельник;13:37:57;;гольф5
03.11.2014;Понедельник;13:10:27;130;Даша
03.11.2014;Понедельник;12:46:44;;Денис
02.11.2014;Воскресенье;16:33:05;30;Олег
02.11.2014;Воскресенье;13:03:24;0;макс
31.10.2014;Пятница;19:23:22;30;Alex
25.10.2014;Суббота;18:41:43;;Yuri
25.10.2014;Суббота;18:41:41;;Денис
25.10.2014;Суббота;18:41:10;21;Yuri
24.10.2014;Пятница;16:46:10;270;виктор 234
23.10.2014;Четверг;14:26:52;7;Натали
19.10.2014;Воскресенье;23:23:49;;наталья
19.10.2014;Воскресенье;15:59:04;60;Алексей
16.10.2014;Четверг;15:39:04;143;иван
12.10.2014;Воскресенье;18:22:50;40;ушлый
12.10.2014;Воскресенье;13:01:27;20;Александр
11.10.2014;Суббота;21:41:24;15;Денис
11.10.2014;Суббота;18:33:23;30;Кай
11.10.2014;Суббота;14:07:57;;я
08.10.2014;Среда;16:55:06;84;Денис
08.10.2014;Среда;16:27:03;60;landy
05.10.2014;Воскресенье;18:01:34;;Анна
04.10.2014;Суббота;17:06:22;50;G
02.10.2014;Четверг;19:13:00;3;K
27.09.2014;Суббота;18:51:12;40;Леха
27.09.2014;Суббота;18:51:07;40;Леха
27.09.2014;Суббота;13:11:35;13;натали
27.09.2014;Суббота;12:56:58;30;Alex
26.09.2014;Пятница;17:01:34;81;Daemon
21.09.2014;Воскресенье;15:47:50;30;Deno
21.09.2014;Воскресенье;15:39:41;30;C-rv 555
21.09.2014;Воскресенье;15:14:32;;Андрей
21.09.2014;Воскресенье;12:53:45;50;Дима
21.09.2014;Воскресенье;10:13:15;20;Иришка
20.09.2014;Суббота;16:14:58;75;иван
17.09.2014;Среда;16:49:15;40;Petr
15.09.2014;Понедельник;18:03:31;;Александр
14.09.2014;Воскресенье;12:58:30;6;Катерина
01.09.2014;Понедельник;00:00:17;0;Дмитрий
31.08.2014;Воскресенье;14:22:04;135;валентин
31.08.2014;Воскресенье;13:59:34;30;Кай
30.08.2014;Суббота;22:58:39;;Василий
30.08.2014;Суббота;20:07:29;;Алексей
30.08.2014;Суббота;19:44:48;400;тим
30.08.2014;Суббота;17:23:16;100;Студент
30.08.2014;Суббота;15:13:39;50;samogid
29.08.2014;Пятница;19:42:36;1000;Миша
29.08.2014;Пятница;19:39:19;;КапитанОргазмоид
29.08.2014;Пятница;19:00:34;340;КапитанОргазмоид
28.08.2014;Четверг;22:00:47;8;гарик
28.08.2014;Четверг;11:55:38;50;Евгений
28.08.2014;Четверг;09:29:42;9;Василий
27.08.2014;Среда;18:08:51;400;Гена
27.08.2014;Среда;18:07:33;400;Гена
27.08.2014;Среда;13:10:56;1;Влад
25.08.2014;Понедельник;19:17:56;30;Слава
25.08.2014;Понедельник;14:56:41;45;Михаил
25.08.2014;Понедельник;14:53:07;30;некуда спешить
24.08.2014;Воскресенье;14:01:22;12;Kirill
23.08.2014;Суббота;23:44:25;0;Вадим
23.08.2014;Суббота;23:41:18;0;Вадим
23.08.2014;Суббота;17:22:41;200;Вован
23.08.2014;Суббота;14:32:22;40;Жора
22.08.2014;Пятница;20:29:19;30;Федор
22.08.2014;Пятница;15:58:48;;Иван
19.08.2014;Вторник;16:35:09;;Ирина
18.08.2014;Понедельник;17:35:21;35;Михаил
17.08.2014;Воскресенье;13:46:55;50;Илья
17.08.2014;Воскресенье;13:04:53;110;Станислав
17.08.2014;Воскресенье;11:45:58;25;Сергей
16.08.2014;Суббота;17:46:57;180;Дмитрий
16.08.2014;Суббота;12:18:50;50;Хонда
16.08.2014;Суббота;12:18:11;50;Хонда
14.08.2014;Четверг;17:52:30;10;Bossy
13.08.2014;Среда;19:54:30;;Bquadro.ru
11.08.2014;Понедельник;13:44:22;;Антон
11.08.2014;Понедельник;13:09:12;30;Владислав
10.08.2014;Воскресенье;19:44:38;;Эмин
10.08.2014;Воскресенье;19:02:47;130;Эмин
10.08.2014;Воскресенье;19:00:02;;Эмин
10.08.2014;Воскресенье;18:44:06;;Alex
10.08.2014;Воскресенье;18:08:52;60;Анастасия
10.08.2014;Воскресенье;17:36:40;;Яна
10.08.2014;Воскресенье;17:35:56;;Яна
09.08.2014;Суббота;23:31:39;0;Jerry
09.08.2014;Суббота;20:27:43;;Маша
09.08.2014;Суббота;13:35:37;60;кат
08.08.2014;Пятница;10:36:14;;Alepentunparp
06.08.2014;Среда;19:42:14;100;Леха
03.08.2014;Воскресенье;11:31:06;8;lipka
02.08.2014;Суббота;13:46:27;25;aylivex
28.07.2014;Понедельник;16:27:07;40;васил
28.07.2014;Понедельник;12:17:26;5;Наталья
26.07.2014;Суббота;19:52:26;180;елена
26.07.2014;Суббота;17:49:43;4;Sergey
26.07.2014;Суббота;17:18:19;120;Саня
26.07.2014;Суббота;15:36:26;75;Алексей
23.07.2014;Среда;21:26:25;50;Алекс
20.07.2014;Воскресенье;21:09:19;2;IG
20.07.2014;Воскресенье;19:02:29;20;senna
20.07.2014;Воскресенье;17:45:34;10;Kirill
20.07.2014;Воскресенье;14:35:13;;Никита
20.07.2014;Воскресенье;13:50:12;90;Мари
19.07.2014;Суббота;15:25:06;16;Alex
19.07.2014;Суббота;13:14:58;10;Дэн
14.07.2014;Понедельник;16:09:35;30;landy
13.07.2014;Воскресенье;20:53:22;0;Ксения
13.07.2014;Воскресенье;17:59:51;10;алексей
13.07.2014;Воскресенье;14:38:12;20;nik77783
13.07.2014;Воскресенье;14:36:05;120;Ира
13.07.2014;Воскресенье;13:21:27;20;slaypnir
13.07.2014;Воскресенье;10:43:56;75;Алексей
06.07.2014;Воскресенье;19:22:35;180;Иван
06.07.2014;Воскресенье;17:17:59;85;Юля
05.07.2014;Суббота;18:26:19;25;5Coins
05.07.2014;Суббота;17:01:39;120;Алексей
05.07.2014;Суббота;11:59:26;110;Саня
05.07.2014;Суббота;11:27:49;75;Ира
05.07.2014;Суббота;11:15:42;60;Василий
04.07.2014;Пятница;21:39:24;170;Qop
04.07.2014;Пятница;18:53:14;5;Евгения
04.07.2014;Пятница;18:17:36;8;Алексей
04.07.2014;Пятница;16:06:24;84;ВЕ
19.06.2014;Четверг;18:12:04;80;френк
19.06.2014;Четверг;16:45:56;150;Саня
17.06.2014;Вторник;13:14:49;50;Denis
15.06.2014;Воскресенье;16:14:14;;Иван
15.06.2014;Воскресенье;16:12:17;150;Иван
15.06.2014;Воскресенье;15:08:42;;Игорь
15.06.2014;Воскресенье;14:55:06;;Bafut
15.06.2014;Воскресенье;14:44:43;40;надя
15.06.2014;Воскресенье;14:08:20;;Kate
14.06.2014;Суббота;23:56:27;6;надя
14.06.2014;Суббота;22:06:21;2;Антон
14.06.2014;Суббота;18:34:46;;Антон
14.06.2014;Суббота;18:21:20;150;Марина
14.06.2014;Суббота;18:00:05;;алексей
14.06.2014;Суббота;17:33:47;300;Виктория
14.06.2014;Суббота;16:39:34;300;Виктория
14.06.2014;Суббота;16:28:24;200;Пукки
14.06.2014;Суббота;15:22:38;200;пукки
13.06.2014;Пятница;15:26:17;70;леха
13.06.2014;Пятница;15:20:00;30;Клёпа
19.05.2014;Понедельник;14:28:17;5;Евгений
17.05.2014;Суббота;14:50:55;15;марлон
10.05.2014;Суббота;15:45:53;10;Iv
10.05.2014;Суббота;15:42:37;150;Iv
09.05.2014;Пятница;19:28:50;;алексей
05.05.2014;Понедельник;20:04:06;50;3dex
05.05.2014;Понедельник;16:33:28;;mamaha99
05.05.2014;Понедельник;12:20:31;9;Papulya
05.05.2014;Понедельник;12:20:13;9;Papulya
04.05.2014;Воскресенье;17:43:33;3;Дарья
04.05.2014;Воскресенье;14:16:36;3;Виктория
04.05.2014;Воскресенье;07:35:40;3;Анна
03.05.2014;Суббота;20:41:17;10;Александра
03.05.2014;Суббота;19:28:51;;Дима
03.05.2014;Суббота;15:55:48;;И
25.04.2014;Пятница;15:55:24;;sasha
25.04.2014;Пятница;15:54:37;;sasha
17.04.2014;Четверг;16:12:49;60;vasya fin
08.04.2014;Вторник;15:20:27;25;ВЕ
06.04.2014;Воскресенье;15:38:47;25;роман
04.04.2014;Пятница;20:26:35;50;Жека
31.03.2014;Понедельник;12:55:43;15;Андрей
29.03.2014;Суббота;16:58:44;10;Гоги
29.03.2014;Суббота;13:58:02;20;Андрей
27.03.2014;Четверг;16:48:13;;Надежда
27.03.2014;Четверг;16:28:23;;надежда
23.03.2014;Воскресенье;15:22:18;30;Jerry
15.03.2014;Суббота;13:57:28;15;Алиса
14.03.2014;Пятница;15:01:45;;sasha
14.03.2014;Пятница;15:00:26;;sasha
14.03.2014;Пятница;14:59:37;;sasha
10.03.2014;Понедельник;19:27:25;180;Светик
10.03.2014;Понедельник;17:20:42;40;Alex
10.03.2014;Понедельник;16:19:21;60;Alex
10.03.2014;Понедельник;15:01:30;15;Яков
01.03.2014;Суббота;19:57:26;10;Елена
01.03.2014;Суббота;16:57:06;1;Ольга
23.02.2014;Воскресенье;15:50:07;15;Яна
23.02.2014;Воскресенье;14:35:10;4;Алексей
22.02.2014;Суббота;16:20:09;120;мирон
22.02.2014;Суббота;14:47:12;40;Натили
22.02.2014;Суббота;14:07:55;;sattl
21.02.2014;Пятница;13:06:18;;Сергей
16.02.2014;Воскресенье;13:37:10;40;Я
15.02.2014;Суббота;19:57:44;;наталья
15.02.2014;Суббота;19:33:53;;Гогого
15.02.2014;Суббота;18:50:34;300;Гогого
15.02.2014;Суббота;18:45:52;300;Дмитрий
15.02.2014;Суббота;18:40:44;400;Олег
15.02.2014;Суббота;18:40:40;400;Олег
15.02.2014;Суббота;18:40:34;400;Олег
15.02.2014;Суббота;18:38:24;300;Дмитрий
15.02.2014;Суббота;18:32:53;400;Олег
15.02.2014;Суббота;18:22:00;200;Наталья
15.02.2014;Суббота;17:09:54;50;dead-line
15.02.2014;Суббота;16:01:05;;Виталий
15.02.2014;Суббота;14:42:07;50;landy
15.02.2014;Суббота;13:23:20;30;марлон
15.02.2014;Суббота;10:02:12;3;Jarno
08.02.2014;Суббота;14:14:55;20;лепра
02.02.2014;Воскресенье;13:37:25;50;Валентин
02.02.2014;Воскресенье;11:20:09;20;Макс
19.01.2014;Воскресенье;13:12:09;15;Пупс
18.01.2014;Суббота;14:56:35;;юлия
13.01.2014;Понедельник;13:35:14;45;Serge
13.01.2014;Понедельник;13:02:18;150;майкл
12.01.2014;Воскресенье;20:48:37;2;Алена
12.01.2014;Воскресенье;13:33:15;30;Андрей Б
12.01.2014;Воскресенье;13:02:05;25;Андрей
12.01.2014;Воскресенье;00:43:57;4;иван
11.01.2014;Суббота;17:30:04;;Елена
11.01.2014;Суббота;17:09:51;;Ласточка
11.01.2014;Суббота;16:58:20;10;Киря
11.01.2014;Суббота;15:54:48;60;Ольга
11.01.2014;Суббота;14:11:39;29;Константин
11.01.2014;Суббота;14:08:52;;Константин
11.01.2014;Суббота;13:56:01;;Сергей
11.01.2014;Суббота;12:53:56;50;Алекс
11.01.2014;Суббота;12:13:36;30;Хохохо
11.01.2014;Суббота;08:49:07;2;Козявка
10.01.2014;Пятница;18:13:11;;Маня
10.01.2014;Пятница;13:18:35;270;Игорь
10.01.2014;Пятница;13:07:01;540;сергей
10.01.2014;Пятница;12:54:29;270;Игорь
10.01.2014;Пятница;12:39:02;60;Игорь
10.01.2014;Пятница;12:11:51;60;Mila
08.01.2014;Среда;19:46:53;5;ensi-bus
08.01.2014;Среда;18:07:27;40;Юрий
08.01.2014;Среда;17:41:54;12;Лизик
08.01.2014;Среда;16:45:31;50;Олег
08.01.2014;Среда;14:54:18;40;Т
08.01.2014;Среда;13:48:08;150;George
08.01.2014;Среда;13:44:24;;Екатерина
08.01.2014;Среда;11:29:10;;Юлия
08.01.2014;Среда;10:23:45;20;Алекс
07.01.2014;Вторник;18:35:43;;Андрей
07.01.2014;Вторник;17:55:49;360;Елена
07.01.2014;Вторник;16:58:17;400;Рома
07.01.2014;Вторник;16:16:56;540;Злой
07.01.2014;Вторник;15:37:04;;Александр
07.01.2014;Вторник;14:32:09;250;x
07.01.2014;Вторник;14:19:41;;злой
07.01.2014;Вторник;14:03:21;180;aylivex
07.01.2014;Вторник;14:02:10;;злой
07.01.2014;Вторник;13:58:07;;aylivex
07.01.2014;Вторник;13:39:40;270;николай
07.01.2014;Вторник;13:22:56;;Дима
07.01.2014;Вторник;13:15:07;;Сергей
07.01.2014;Вторник;12:57:39;84;Владимир
07.01.2014;Вторник;12:46:55;250;Дима
07.01.2014;Вторник;12:29:32;120;ВенгаКлуб
07.01.2014;Вторник;12:20:03;100;Гость
07.01.2014;Вторник;11:35:20;100;Veselov
07.01.2014;Вторник;10:53:42;40;Юрий
07.01.2014;Вторник;10:31:43;30;Тоха
06.01.2014;Понедельник;19:38:07;540;Мария
06.01.2014;Понедельник;17:57:00;360;pavel
06.01.2014;Понедельник;17:47:12;220;Борис
06.01.2014;Понедельник;16:32:52;470;Юлия
06.01.2014;Понедельник;16:28:44;;Юлия
06.01.2014;Понедельник;14:10:28;180;Денис
06.01.2014;Понедельник;13:54:00;250;Андрей
06.01.2014;Понедельник;13:17:13;250;Даниил
06.01.2014;Понедельник;12:44:21;150;Юра
06.01.2014;Понедельник;12:32:46;60;К
06.01.2014;Понедельник;11:00:58;50;Antti
05.01.2014;Воскресенье;19:44:49;70;Vik073
05.01.2014;Воскресенье;14:34:28;100;Тамерлан
05.01.2014;Воскресенье;14:29:25;100;Тамерлан
05.01.2014;Воскресенье;12:56:31;100;Юрий
05.01.2014;Воскресенье;12:21:36;10;Алексей
04.01.2014;Суббота;21:58:28;15;Алексей
04.01.2014;Суббота;19:51:19;20;Алексей
04.01.2014;Суббота;18:39:47;;olehhh
04.01.2014;Суббота;18:38:12;;olehhh
04.01.2014;Суббота;18:18:03;80;Ari
04.01.2014;Суббота;18:17:39;180;миша
04.01.2014;Суббота;17:38:00;100;Филипп
04.01.2014;Суббота;17:26:38;;Андрей
04.01.2014;Суббота;16:07:13;;Виталий
04.01.2014;Суббота;15:00:53;84;Игорь
04.01.2014;Суббота;14:53:02;50;Анна
04.01.2014;Суббота;14:11:41;150;belka
04.01.2014;Суббота;13:58:42;60;Света
04.01.2014;Суббота;13:23:15;42;Александр
04.01.2014;Суббота;12:19:26;15;Ирина
04.01.2014;Суббота;10:28:38;22;Майк
04.01.2014;Суббота;08:54:54;150;squirell
04.01.2014;Суббота;02:01:39;3;Aleks
03.01.2014;Пятница;23:57:36;;Ольга
03.01.2014;Пятница;21:32:15;14;А
03.01.2014;Пятница;20:44:09;6;Sharan
03.01.2014;Пятница;19:01:50;170;ren
03.01.2014;Пятница;18:34:02;50;Sun
03.01.2014;Пятница;18:11:29;180;Вячеслав
03.01.2014;Пятница;18:01:29;180;dim
03.01.2014;Пятница;17:21:40;180;Александр
03.01.2014;Пятница;17:01:39;67;Константин
03.01.2014;Пятница;16:37:31;450;Вася
03.01.2014;Пятница;15:56:35;150;Герой
03.01.2014;Пятница;15:21:56;;Mixermisha
03.01.2014;Пятница;14:59:03;150;Latvala
03.01.2014;Пятница;14:57:03;450;Лиза
03.01.2014;Пятница;13:43:31;;papulya
03.01.2014;Пятница;13:29:08;;papulya
03.01.2014;Пятница;11:12:37;5;Станислав
03.01.2014;Пятница;04:08:22;2;Samotsvetik
30.12.2013;Понедельник;14:41:23;5;Я
29.12.2013;Воскресенье;16:20:51;0;Кэт
28.12.2013;Суббота;13:49:08;2;ольга
27.12.2013;Пятница;11:08:17;10;Света
25.12.2013;Среда;05:52:51;0;Антон
23.12.2013;Понедельник;17:40:00;15;Полина
22.12.2013;Воскресенье;20:03:07;0;вяч
21.12.2013;Суббота;20:52:21;50;Иван
21.12.2013;Суббота;18:44:41;0;Маша
20.12.2013;Пятница;17:28:04;20;Оля
18.12.2013;Среда;16:33:01;;Олег
18.12.2013;Среда;14:11:24;65;Сергей
15.12.2013;Воскресенье;09:34:20;125;Инга
14.12.2013;Суббота;21:13:02;0;Alice
14.12.2013;Суббота;18:32:29;84;Евгений
14.12.2013;Суббота;18:31:18;;Lubov
14.12.2013;Суббота;18:01:32;;Lubov
14.12.2013;Суббота;13:17:08;100;Vadspb
13.12.2013;Пятница;11:27:22;3;Романчик
08.12.2013;Воскресенье;18:59:43;25;наталья
07.12.2013;Суббота;16:28:53;3;Влад
07.12.2013;Суббота;14:55:38;40;Alex
07.12.2013;Суббота;14:39:13;60;Денисик
04.12.2013;Среда;15:46:49;40;ren
01.12.2013;Воскресенье;13:07:57;340;Алексей
30.11.2013;Суббота;17:05:44;100;landy
30.11.2013;Суббота;14:35:36;130;Иван
29.11.2013;Пятница;16:15:33;50;Алекс
23.11.2013;Суббота;18:50:35;50;ЙА
23.11.2013;Суббота;18:10:40;10;Эдик
20.11.2013;Среда;16:46:47;150;Илья
16.11.2013;Суббота;19:16:18;;Хотимдомой
16.11.2013;Суббота;19:14:06;40;димасина
16.11.2013;Суббота;17:51:38;90;Andrej
16.11.2013;Суббота;17:50:08;;Фокус
16.11.2013;Суббота;17:26:23;;финэкспресс
16.11.2013;Суббота;17:25:47;;финэкспресс
10.11.2013;Воскресенье;16:40:38;15;Юлия
10.11.2013;Воскресенье;13:19:50;80;Raida
09.11.2013;Суббота;20:49:14;50;Кир
09.11.2013;Суббота;19:56:21;;Тата
09.11.2013;Суббота;17:16:40;400;Владимир
09.11.2013;Суббота;17:07:48;300;Юлия
09.11.2013;Суббота;16:10:34;180;тони
09.11.2013;Суббота;14:43:52;50;Нюся
09.11.2013;Суббота;13:09:52;25;Белый Клык
09.11.2013;Суббота;11:13:56;12;макс
08.11.2013;Пятница;18:39:53;540;Al
08.11.2013;Пятница;17:39:24;;Мария
08.11.2013;Пятница;16:42:46;;Мария
08.11.2013;Пятница;15:36:10;;Вандерер
08.11.2013;Пятница;14:59:33;150;Алекс
08.11.2013;Пятница;14:14:29;;Саня
07.11.2013;Четверг;19:05:52;;Nata
07.11.2013;Четверг;15:00:35;;Наталия
07.11.2013;Четверг;13:22:03;20;алекс
06.11.2013;Среда;19:16:20;18;ENSI BUS
06.11.2013;Среда;13:21:20;100;Энергет
06.11.2013;Среда;12:15:40;60;Latvala
05.11.2013;Вторник;16:46:36;15;Виталий
05.11.2013;Вторник;14:58:17;45;Маша
04.11.2013;Понедельник;23:43:16;0;Axis
04.11.2013;Понедельник;22:57:57;130;Алексей
04.11.2013;Понедельник;22:04:26;160;Олег
04.11.2013;Понедельник;19:43:05;180;CKuB
04.11.2013;Понедельник;18:48:48;270;Константин
04.11.2013;Понедельник;18:28:17;;Serg
04.11.2013;Понедельник;16:58:27;;Елена
04.11.2013;Понедельник;16:44:27;220;suburban
04.11.2013;Понедельник;16:22:44;;Юлия
04.11.2013;Понедельник;16:22:28;150;Валерий
04.11.2013;Понедельник;16:03:00;;Я-я
04.11.2013;Понедельник;15:20:22;110;kalinka
04.11.2013;Понедельник;15:14:14;50;Евгений
04.11.2013;Понедельник;15:09:32;180;suburban
04.11.2013;Понедельник;14:22:38;75;Виталик Гончаров
04.11.2013;Понедельник;13:48:05;40;finik
04.11.2013;Понедельник;13:45:53;;Ирина
04.11.2013;Понедельник;13:17:11;40;Ден
04.11.2013;Понедельник;13:16:19;;Nina
04.11.2013;Понедельник;12:59:04;;Александр
04.11.2013;Понедельник;12:29:04;50;Алексей
04.11.2013;Понедельник;12:08:11;80;Петр
04.11.2013;Понедельник;11:31:21;59;Ленчик
04.11.2013;Понедельник;10:44:10;5;Даньчик
03.11.2013;Воскресенье;20:00:47;;Алена
03.11.2013;Воскресенье;19:32:58;;Андрец
03.11.2013;Воскресенье;19:31:04;;марина
03.11.2013;Воскресенье;18:48:54;100;Андрей
03.11.2013;Воскресенье;18:20:40;50;Добрый
03.11.2013;Воскресенье;18:13:45;;Андрей
03.11.2013;Воскресенье;17:27:27;;Bafut
03.11.2013;Воскресенье;16:12:40;;Bafut
03.11.2013;Воскресенье;15:21:19;100;КАТ
02.11.2013;Суббота;18:22:23;20;Сергей
02.11.2013;Суббота;18:18:13;50;дима
27.10.2013;Воскресенье;18:07:13;70;Натали
27.10.2013;Воскресенье;15:09:45;100;Алекс
27.10.2013;Воскресенье;11:07:12;10;Константин
26.10.2013;Суббота;21:42:02;4;Лепра
26.10.2013;Суббота;17:49:13;;Светлячок
26.10.2013;Суббота;16:30:24;40;Витарун 333
25.10.2013;Пятница;23:54:42;0;ниндзя
24.10.2013;Четверг;23:01:30;;galina
24.10.2013;Четверг;20:41:43;50;Иван
24.10.2013;Четверг;18:28:23;;Александра
22.10.2013;Вторник;19:19:24;;Таня
21.10.2013;Понедельник;15:44:55;180;Сергей
20.10.2013;Воскресенье;17:36:28;50;КАТ
20.10.2013;Воскресенье;13:27:13;50;Алексей
19.10.2013;Суббота;19:42:32;160;Антон
19.10.2013;Суббота;19:40:01;10;Илья
19.10.2013;Суббота;19:22:17;150;Полина
19.10.2013;Суббота;18:12:56;180;Леонид
15.10.2013;Вторник;15:45:59;15;Герман
13.10.2013;Воскресенье;17:51:32;20;Михаил
13.10.2013;Воскресенье;11:22:48;20;Вадим
13.10.2013;Воскресенье;10:56:02;20;Василий
12.10.2013;Суббота;19:34:52;;Иван
11.10.2013;Пятница;16:33:51;20;Ольга
11.10.2013;Пятница;15:25:10;50;Елена
07.10.2013;Понедельник;16:58:52;50;Оля
07.10.2013;Понедельник;16:50:26;30;Славик на Х6
05.10.2013;Суббота;21:37:17;40;Светлана
05.10.2013;Суббота;20:52:10;30;Дима
05.10.2013;Суббота;20:19:23;;Марина
05.10.2013;Суббота;20:12:35;;Антон
05.10.2013;Суббота;18:05:44;45;Ромарио
29.09.2013;Воскресенье;19:41:31;10;Иван
29.09.2013;Воскресенье;17:32:39;25;Марго
29.09.2013;Воскресенье;16:06:26;100;алекс
29.09.2013;Воскресенье;15:20:34;50;КАТ
28.09.2013;Суббота;14:59:54;20;Ната
28.09.2013;Суббота;11:28:10;30;Панда
26.09.2013;Четверг;17:54:52;30;Кузя
25.09.2013;Среда;22:48:45;30;remontini
23.09.2013;Понедельник;10:04:04;10;Антон
22.09.2013;Воскресенье;19:59:32;25;Алексей
22.09.2013;Воскресенье;19:20:39;10;Марго
22.09.2013;Воскресенье;18:31:37;;Сергей
22.09.2013;Воскресенье;18:30:33;;Сергей
22.09.2013;Воскресенье;17:40:39;300;Иван
22.09.2013;Воскресенье;14:54:03;100;Яна
22.09.2013;Воскресенье;11:31:49;60;георг
21.09.2013;Суббота;00:29:55;25;Denikin
20.09.2013;Пятница;19:40:56;180;Александр
17.09.2013;Вторник;07:32:44;0;аес
15.09.2013;Воскресенье;16:22:07;20;Евгений
15.09.2013;Воскресенье;15:01:51;20;Иван
15.09.2013;Воскресенье;13:10:37;40;Павел
14.09.2013;Суббота;20:00:26;30;anton
14.09.2013;Суббота;14:54:10;200;Димон
11.09.2013;Среда;16:56:09;50;Shkodnik
11.09.2013;Среда;16:55:02;50;Shkodnik
08.09.2013;Воскресенье;21:19:35;32;Гарик
08.09.2013;Воскресенье;21:05:49;15;Гарик
08.09.2013;Воскресенье;18:58:02;15;игорь
08.09.2013;Воскресенье;18:26:58;50;Михан
08.09.2013;Воскресенье;18:15:43;150;Jerry
08.09.2013;Воскресенье;16:47:18;100;Ольга
08.09.2013;Воскресенье;16:44:44;34;Алексей
08.09.2013;Воскресенье;15:50:05;90;КАТ
08.09.2013;Воскресенье;13:44:44;20;Лев
07.09.2013;Суббота;12:05:22;100;Evgeny52q
04.09.2013;Среда;12:56:23;5;Николай
04.09.2013;Среда;12:50:11;5;Николай
01.09.2013;Воскресенье;16:29:46;15;Алла
01.09.2013;Воскресенье;14:56:00;15;Сергей
01.09.2013;Воскресенье;11:59:58;45;Иван
30.08.2013;Пятница;19:21:04;10;Стас
27.08.2013;Вторник;19:57:44;5;Андрей
27.08.2013;Вторник;15:49:12;3;макс
25.08.2013;Воскресенье;19:32:07;15;нина
25.08.2013;Воскресенье;19:31:58;15;нина
25.08.2013;Воскресенье;18:52:14;20;Влад не салат
25.08.2013;Воскресенье;17:48:57;20;Влад не салат
24.08.2013;Суббота;19:38:39;45;Alex Oii
20.08.2013;Вторник;21:05:27;10;Sashash
20.08.2013;Вторник;16:51:04;30;Антон
18.08.2013;Воскресенье;23:15:27;5;kupolainen
18.08.2013;Воскресенье;19:48:38;25;Мария
18.08.2013;Воскресенье;18:39:30;50;Майк
18.08.2013;Воскресенье;14:55:24;;RXus
17.08.2013;Суббота;18:34:59;;Наталья
17.08.2013;Суббота;17:51:01;20;Ольга
17.08.2013;Суббота;12:04:36;40;Дмитрий
14.08.2013;Среда;16:12:08;;Мишка
13.08.2013;Вторник;15:04:49;15;Андрей
12.08.2013;Понедельник;15:23:49;3;Олег
12.08.2013;Понедельник;15:23:49;3;Олег
11.08.2013;Воскресенье;20:58:12;34;Михаил
11.08.2013;Воскресенье;19:27:38;70;Alex
11.08.2013;Воскресенье;15:59:08;59;алексей
08.08.2013;Четверг;19:44:54;19;ozerki
08.08.2013;Четверг;19:23:03;5;Никита
04.08.2013;Воскресенье;20:22:05;;Елена
04.08.2013;Воскресенье;14:42:39;14;Артемий
04.08.2013;Воскресенье;13:54:18;50;Елена
04.08.2013;Воскресенье;13:53:53;20;Агни
01.08.2013;Четверг;15:08:58;10;Никита
29.07.2013;Понедельник;19:51:26;26;Alvi
28.07.2013;Воскресенье;19:27:31;0;Alex
28.07.2013;Воскресенье;18:12:55;10;sergalf
28.07.2013;Воскресенье;16:57:31;50;Олег
28.07.2013;Воскресенье;16:31:34;20;Veselov
28.07.2013;Воскресенье;15:21:46;90;Марина
28.07.2013;Воскресенье;15:10:19;;matrix
28.07.2013;Воскресенье;14:56:39;40;Denis
28.07.2013;Воскресенье;12:58:23;67;марио
28.07.2013;Воскресенье;09:59:47;;грузовые
27.07.2013;Суббота;23:49:46;10;АРТЕМ
27.07.2013;Суббота;15:51:20;300;Dron
27.07.2013;Суббота;15:04:27;10;Ольга
27.07.2013;Суббота;15:04:10;10;Ольга
24.07.2013;Среда;12:04:08;60;Роман
21.07.2013;Воскресенье;19:09:48;15;Irisha
21.07.2013;Воскресенье;17:15:55;180;Константин
21.07.2013;Воскресенье;17:15:50;180;Константин
21.07.2013;Воскресенье;17:15:48;180;Константин
21.07.2013;Воскресенье;16:26:48;350;282
21.07.2013;Воскресенье;15:13:28;200;Федор
21.07.2013;Воскресенье;14:43:28;;КАТ
21.07.2013;Воскресенье;14:08:47;30;Сергей
20.07.2013;Суббота;16:30:56;350;Евгений
17.07.2013;Среда;12:12:25;5;Alvi
14.07.2013;Воскресенье;18:58:30;80;Slonikk
14.07.2013;Воскресенье;18:05:56;70;Надежда
14.07.2013;Воскресенье;17:58:33;;СветаМиша
14.07.2013;Воскресенье;17:12:57;150;Vova
14.07.2013;Воскресенье;16:17:37;;Сергей
14.07.2013;Воскресенье;15:58:47;250;dim
14.07.2013;Воскресенье;15:20:26;180;Joh
14.07.2013;Воскресенье;15:01:36;150;Й
14.07.2013;Воскресенье;14:58:18;60;Сергей
14.07.2013;Воскресенье;14:26:51;;КАТ
13.07.2013;Суббота;18:24:36;180;Дима
13.07.2013;Суббота;18:13:24;;Надежда
13.07.2013;Суббота;12:52:57;5;Анатолий
12.07.2013;Пятница;19:44:57;30;сергей
07.07.2013;Воскресенье;16:51:14;5;Анатолий
07.07.2013;Воскресенье;14:11:30;10;Петр
07.07.2013;Воскресенье;13:41:54;14;Az
06.07.2013;Суббота;19:37:53;10;Алексей
04.07.2013;Четверг;21:20:11;80;Павел
02.07.2013;Вторник;23:51:54;20;Михаил
02.07.2013;Вторник;14:12:07;;ENSI-BUS
02.07.2013;Вторник;12:27:56;60;Антон
30.06.2013;Воскресенье;20:02:51;38;Виталий
30.06.2013;Воскресенье;18:43:28;200;Юлия
30.06.2013;Воскресенье;18:32:05;10;Федор
27.06.2013;Четверг;18:47:23;15;ВЕ
27.06.2013;Четверг;18:22:17;15;ВЕ
25.06.2013;Вторник;16:43:52;60;Роман
25.06.2013;Вторник;13:28:54;50;VS
23.06.2013;Воскресенье;17:41:08;0;domovoi
21.06.2013;Пятница;11:52:16;30;Евгений
16.06.2013;Воскресенье;20:24:24;1;сергей
16.06.2013;Воскресенье;15:15:13;15;Сергей
16.06.2013;Воскресенье;12:24:02;25;ААА
16.06.2013;Воскресенье;11:06:41;7;Анна
15.06.2013;Суббота;17:48:05;34;константин
15.06.2013;Суббота;16:23:58;50;Андрей
12.06.2013;Среда;20:06:47;250;Иван
12.06.2013;Среда;19:00:13;180;Андрей
12.06.2013;Среда;16:29:25;250;Серж
12.06.2013;Среда;16:29:20;250;В
12.06.2013;Среда;16:15:51;200;Девушка Андрея
12.06.2013;Среда;15:56:53;400;Андрей
12.06.2013;Среда;07:35:49;230;Большаков Артем
09.06.2013;Воскресенье;14:45:55;40;Олег
05.06.2013;Среда;13:27:04;20;flaj
02.06.2013;Воскресенье;13:15:43;30;Az
02.06.2013;Воскресенье;10:44:35;20;Aleks
27.05.2013;Понедельник;12:55:04;25;•••0606
18.05.2013;Суббота;14:15:25;1;марио
16.05.2013;Четверг;17:48:45;35;Мигель
16.05.2013;Четверг;17:48:06;30;Мигель
15.05.2013;Среда;20:54:11;150;Дмитрий
13.05.2013;Понедельник;17:45:44;5;Алекс
13.05.2013;Понедельник;15:25:32;10;Роман
12.05.2013;Воскресенье;16:13:14;10;Евген
12.05.2013;Воскресенье;15:13:51;3;т
12.05.2013;Воскресенье;14:55:25;20;Дмитрий
12.05.2013;Воскресенье;13:42:54;40;илья
12.05.2013;Воскресенье;12:54:29;15;Алексей
12.05.2013;Воскресенье;09:05:06;;Лапочка дочка
12.05.2013;Воскресенье;08:01:04;;Лапочка дочка
12.05.2013;Воскресенье;06:40:54;0;Антон
12.05.2013;Воскресенье;02:45:47;1;FIN999
11.05.2013;Суббота;22:29:04;3;Пассажир
11.05.2013;Суббота;20:51:57;250;Надя
11.05.2013;Суббота;20:29:56;;Татьяна
11.05.2013;Суббота;19:49:33;270;Artem
11.05.2013;Суббота;19:39:48;500;Денис
11.05.2013;Суббота;17:57:38;;Александр
11.05.2013;Суббота;17:53:26;600;Iggy
11.05.2013;Суббота;17:12:29;540;Тарас
11.05.2013;Суббота;16:35:07;180;Денис
11.05.2013;Суббота;15:33:21;60;Роман
11.05.2013;Суббота;11:57:26;20;Екатерина
11.05.2013;Суббота;03:12:14;30;Эмма
11.05.2013;Суббота;02:31:23;8;Алена
10.05.2013;Пятница;23:37:47;30;Иван
10.05.2013;Пятница;20:42:30;70;Егор109
10.05.2013;Пятница;19:29:48;100;Денис
10.05.2013;Пятница;19:11:48;;Екатерина
10.05.2013;Пятница;18:30:12;100;Вячеслав
10.05.2013;Пятница;18:30:05;;Денис
10.05.2013;Пятница;18:04:27;;Forester
10.05.2013;Пятница;15:59:07;35;gregory78rus
09.05.2013;Четверг;20:19:10;3;Вячеслав
07.05.2013;Вторник;19:28:28;30;Александр
07.05.2013;Вторник;18:53:45;20;Маня
07.05.2013;Вторник;15:41:06;15;ВЕ
06.05.2013;Понедельник;20:04:23;10;Diktuz
06.05.2013;Понедельник;16:37:07;10;Шкода-клуб
05.05.2013;Воскресенье;19:50:12;0;Сергей
05.05.2013;Воскресенье;15:08:06;9;MadMike
05.05.2013;Воскресенье;12:35:06;50;Sergey
05.05.2013;Воскресенье;10:44:31;28;Дмитрий
05.05.2013;Воскресенье;06:15:11;3;Михаил
05.05.2013;Воскресенье;01:18:39;5;Наталья
04.05.2013;Суббота;21:41:51;250;Андрей
04.05.2013;Суббота;19:34:36;150;Алена
04.05.2013;Суббота;19:29:17;150;Алена
04.05.2013;Суббота;19:17:55;50;Игорь
04.05.2013;Суббота;19:10:29;150;Алена
04.05.2013;Суббота;16:20:19;60;Анечка
04.05.2013;Суббота;15:25:56;40;анна
03.05.2013;Пятница;20:00:35;360;Игорь
03.05.2013;Пятница;19:47:55;;Ekaterina
03.05.2013;Пятница;19:19:42;400;Олег
03.05.2013;Пятница;19:05:30;400;tt
03.05.2013;Пятница;18:24:05;540;Оо
03.05.2013;Пятница;18:04:45;540;Олег
03.05.2013;Пятница;17:39:45;;svetlana
03.05.2013;Пятница;17:24:23;;Void
03.05.2013;Пятница;17:22:34;60;Антон
03.05.2013;Пятница;16:45:10;;Sun
03.05.2013;Пятница;15:09:00;500;Kjust
03.05.2013;Пятница;12:44:10;130;Макс на велике
03.05.2013;Пятница;12:38:11;84;Чурима на велике
02.05.2013;Четверг;18:39:01;25;Александра
02.05.2013;Четверг;17:29:16;67;Lehus
02.05.2013;Четверг;17:05:56;50;Дмитрий
01.05.2013;Среда;15:42:49;4;•••0606
29.04.2013;Понедельник;16:08:34;16;•••0606
26.04.2013;Пятница;20:50:27;8;•••0606
26.04.2013;Пятница;15:45:50;30;Logan
25.04.2013;Четверг;14:45:26;20;•••0606
25.04.2013;Четверг;09:34:16;8;•••0606
23.04.2013;Вторник;13:09:20;59;harakka
23.04.2013;Вторник;11:06:18;20;Роман
22.04.2013;Понедельник;19:36:44;10;•••0606
20.04.2013;Суббота;14:48:43;20;Владимир
20.04.2013;Суббота;14:03:30;40;Ольга
20.04.2013;Суббота;13:27:13;40;9234
19.04.2013;Пятница;13:16:04;10;Александр
18.04.2013;Четверг;23:30:38;10;Diktuz
18.04.2013;Четверг;13:37:55;40;FIN999
17.04.2013;Среда;12:21:42;20;•••0606
16.04.2013;Вторник;14:16:29;30;•••0606
16.04.2013;Вторник;08:21:25;0;Logan
15.04.2013;Понедельник;18:56:02;40;х
15.04.2013;Понедельник;14:26:24;15;Р178
14.04.2013;Воскресенье;15:12:50;11;Олег
14.04.2013;Воскресенье;14:50:53;70;dim
14.04.2013;Воскресенье;12:57:27;110;Дмитрий
14.04.2013;Воскресенье;12:52:40;110;Панда
13.04.2013;Суббота;18:28:34;;Еленка
13.04.2013;Суббота;17:01:50;360;Ulsa
12.04.2013;Пятница;09:12:27;0;Logan
11.04.2013;Четверг;09:32:07;10;•••8011
06.04.2013;Суббота;18:11:37;72;Lehus
06.04.2013;Суббота;15:56:51;110;Ден
06.04.2013;Суббота;15:25:53;67;Сергей Великий
06.04.2013;Суббота;13:52:27;61;alexei
05.04.2013;Пятница;23:11:34;50;Alex
04.04.2013;Четверг;19:12:54;25;АЕС
01.04.2013;Понедельник;18:06:38;1;Антон
31.03.2013;Воскресенье;15:54:45;30;Sergio
31.03.2013;Воскресенье;14:32:19;;светлана
29.03.2013;Пятница;12:02:30;29;Джон
29.03.2013;Пятница;00:30:19;2;FIN999
28.03.2013;Четверг;19:27:28;50;Геннадий
28.03.2013;Четверг;16:50:04;50;Сергей
28.03.2013;Четверг;14:56:26;120;FIN999
27.03.2013;Среда;16:02:32;15;webcam
26.03.2013;Вторник;17:07:29;;Виктория
24.03.2013;Воскресенье;20:47:45;15;Пукун
24.03.2013;Воскресенье;17:03:30;20;thevery
24.03.2013;Воскресенье;16:07:17;40;FIN999
24.03.2013;Воскресенье;16:04:57;20;Tourist
24.03.2013;Воскресенье;15:05:31;50;КАТ
24.03.2013;Воскресенье;15:05:29;50;КАТ
24.03.2013;Воскресенье;12:07:19;40;Юлия
23.03.2013;Суббота;19:06:04;5;я
21.03.2013;Четверг;09:06:37;5;Сергей
20.03.2013;Среда;17:00:55;14;Бычок
20.03.2013;Среда;16:42:18;18;•••4567
17.03.2013;Воскресенье;15:16:57;10;КАТ
17.03.2013;Воскресенье;07:50:09;2;aggtaa
16.03.2013;Суббота;17:41:53;100;•••8557
16.03.2013;Суббота;15:14:37;60;Андрей
10.03.2013;Воскресенье;17:27:09;5;Slonikk
10.03.2013;Воскресенье;14:49:51;80;ольга
10.03.2013;Воскресенье;14:03:55;60;Виталий
09.03.2013;Суббота;19:05:18;3;Oleg Air
09.03.2013;Суббота;18:47:07;1;Ри
09.03.2013;Суббота;17:41:39;15;Дмитрий
09.03.2013;Суббота;15:46:08;20;Koshka
08.03.2013;Пятница;07:37:44;2;FIN999
05.03.2013;Вторник;15:21:00;15;webcam
05.03.2013;Вторник;11:11:41;4;webcam
04.03.2013;Понедельник;13:47:24;30;Дмитрий
04.03.2013;Понедельник;05:32:36;0;•••4647
03.03.2013;Воскресенье;16:52:45;17;Макс
03.03.2013;Воскресенье;14:54:18;;Кат
03.03.2013;Воскресенье;14:22:02;50;Антон
02.03.2013;Суббота;18:24:41;25;969
02.03.2013;Суббота;14:28:26;15;марио
01.03.2013;Пятница;10:02:27;7;webcam
28.02.2013;Четверг;13:52:25;35;webcam
25.02.2013;Понедельник;13:14:36;100;Дмитрий
25.02.2013;Понедельник;12:52:18;2;webcam
24.02.2013;Воскресенье;16:27:48;25;Данил
23.02.2013;Суббота;16:34:06;15;Zap
23.02.2013;Суббота;16:27:53;10;Zap
23.02.2013;Суббота;14:09:43;25;GL
23.02.2013;Суббота;14:09:28;25;GL
22.02.2013;Пятница;23:57:41;1;•••4567
22.02.2013;Пятница;10:17:04;10;webcam
22.02.2013;Пятница;07:02:13;0;•••8011
21.02.2013;Четверг;17:57:41;17;webcam
21.02.2013;Четверг;13:02:37;2;webcam
20.02.2013;Среда;12:36:30;23;webcam
17.02.2013;Воскресенье;21:07:11;150;Алексей
17.02.2013;Воскресенье;16:21:23;50;Сергей
17.02.2013;Воскресенье;15:57:29;10;wings
16.02.2013;Суббота;18:04:25;11;Алексей
15.02.2013;Пятница;14:55:56;45;Антон
14.02.2013;Четверг;16:28:55;3;Алена
14.02.2013;Четверг;11:16:48;20;webcam
13.02.2013;Среда;16:28:37;360;DiverSPb
13.02.2013;Среда;09:11:58;5;webcam
12.02.2013;Вторник;19:50:10;35;dez
12.02.2013;Вторник;17:11:23;30;webcam
12.02.2013;Вторник;10:31:51;3;webcam
11.02.2013;Понедельник;14:26:30;14;webcam
11.02.2013;Понедельник;10:05:43;15;ArtemKa
10.02.2013;Воскресенье;16:20:43;15;Гоша
10.02.2013;Воскресенье;14:08:18;40;Викинг
08.02.2013;Пятница;19:11:24;30;webcam
08.02.2013;Пятница;12:51:43;2;webcam
07.02.2013;Четверг;18:51:25;12;Злой
07.02.2013;Четверг;13:16:46;5;•••0606
06.02.2013;Среда;09:26:18;0;webcam
05.02.2013;Вторник;11:06:02;8;webcam
04.02.2013;Понедельник;21:44:30;6;Инна
04.02.2013;Понедельник;11:33:18;25;webcam
04.02.2013;Понедельник;07:03:52;0;webcam
03.02.2013;Воскресенье;05:55:50;4;FIN999
02.02.2013;Суббота;16:02:22;20;Татьяна
02.02.2013;Суббота;13:03:39;14;webcam
31.01.2013;Четверг;17:43:07;22;webcam
31.01.2013;Четверг;11:06:20;0;webcam
31.01.2013;Четверг;08:08:29;0;FIN999
31.01.2013;Четверг;06:56:18;1;webcam
29.01.2013;Вторник;18:01:54;12;рено
29.01.2013;Вторник;14:48:41;0;webcam
29.01.2013;Вторник;09:46:05;0;FIN999
29.01.2013;Вторник;08:43:32;3;webcam
28.01.2013;Понедельник;13:53:27;8;webcam
28.01.2013;Понедельник;08:03:57;0;Кинг Лайн
27.01.2013;Воскресенье;16:28:20;25;Мила
27.01.2013;Воскресенье;14:47:42;30;Семен
26.01.2013;Суббота;13:23:07;32;webcam
25.01.2013;Пятница;17:53:10;30;webcam
25.01.2013;Пятница;13:33:58;7;webcam
24.01.2013;Четверг;12:30:02;15;webcam
24.01.2013;Четверг;09:30:48;6;webcam
23.01.2013;Среда;18:00:39;15;webcam
23.01.2013;Среда;14:25:35;12;webcam
22.01.2013;Вторник;10:55:06;1;webcam
21.01.2013;Понедельник;19:58:14;3;gleb
21.01.2013;Понедельник;12:00:59;2;webcam
20.01.2013;Воскресенье;17:46:42;3;Дмитрий
20.01.2013;Воскресенье;13:30:57;30;Молчун
20.01.2013;Воскресенье;10:35:59;1;•••0606
19.01.2013;Суббота;12:48:25;30;Alex
18.01.2013;Пятница;15:45:54;10;603
18.01.2013;Пятница;14:55:02;4;webcam
18.01.2013;Пятница;08:51:15;10;Кинг Лайн
17.01.2013;Четверг;20:27:25;100;Ольга
17.01.2013;Четверг;19:40:19;40;Сергей
17.01.2013;Четверг;16:20:57;24;webcam
17.01.2013;Четверг;11:13:04;16;Igor
17.01.2013;Четверг;08:18:24;2;Сеня
17.01.2013;Четверг;06:30:53;0;webcam
16.01.2013;Среда;16:05:09;30;webcam
16.01.2013;Среда;11:45:23;0;webcam
14.01.2013;Понедельник;17:55:50;2;webcam
14.01.2013;Понедельник;11:35:45;17;webcam
13.01.2013;Воскресенье;16:33:43;25;Максим
13.01.2013;Воскресенье;15:49:49;25;Максим
13.01.2013;Воскресенье;15:31:58;20;Snap
12.01.2013;Суббота;17:37:34;30;Альберт
12.01.2013;Суббота;16:09:42;;Анна
12.01.2013;Суббота;15:26:10;100;Вадим
12.01.2013;Суббота;14:49:00;40;мария
12.01.2013;Суббота;13:55:45;60;Евген
12.01.2013;Суббота;13:17:48;20;Alex
11.01.2013;Пятница;23:46:52;5;нафнаф
11.01.2013;Пятница;18:56:30;;Вася
11.01.2013;Пятница;17:55:47;20;Ahavv
11.01.2013;Пятница;17:48:35;270;az
11.01.2013;Пятница;13:17:35;40;Сергей
11.01.2013;Пятница;10:50:56;7;Леня
11.01.2013;Пятница;08:13:13;0;Кинг Лайн
10.01.2013;Четверг;17:51:31;40;261
10.01.2013;Четверг;15:13:26;50;Алексей
10.01.2013;Четверг;12:15:44;18;webcam
10.01.2013;Четверг;07:36:57;0;Кинг Лайн
09.01.2013;Среда;20:54:45;20;Алексей
09.01.2013;Среда;19:41:22;300;Иван
09.01.2013;Среда;17:10:16;30;Alex
09.01.2013;Среда;12:37:22;20;Vladimir
09.01.2013;Среда;10:36:48;5;сергей
08.01.2013;Вторник;18:16:41;20;Дуда
08.01.2013;Вторник;13:25:03;200;Гена на запоре
08.01.2013;Вторник;13:03:15;;Михаил
07.01.2013;Понедельник;23:01:13;1;Ярослав
07.01.2013;Понедельник;21:45:41;;Алексей
07.01.2013;Понедельник;20:19:48;540;Дмитрий
07.01.2013;Понедельник;20:17:43;420;Михаил
07.01.2013;Понедельник;19:49:34;56;Deneen
07.01.2013;Понедельник;19:29:08;300;Москва
07.01.2013;Понедельник;19:22:57;450;Дмитрий
07.01.2013;Понедельник;19:22:56;450;Дмитрий
07.01.2013;Понедельник;19:17:45;360;Вадим
07.01.2013;Понедельник;18:57:34;;Владимир
07.01.2013;Понедельник;16:52:46;300;Фин
07.01.2013;Понедельник;16:52:19;350;Сергей
07.01.2013;Понедельник;16:47:11;;Екатерина
07.01.2013;Понедельник;15:28:04;240;ден
07.01.2013;Понедельник;15:09:46;200;dim
07.01.2013;Понедельник;15:08:34;400;Орторис
07.01.2013;Понедельник;14:34:16;250;марина
07.01.2013;Понедельник;14:10:28;110;Андрей
07.01.2013;Понедельник;13:31:47;34;Артём
07.01.2013;Понедельник;04:27:42;1;Мела
06.01.2013;Воскресенье;19:13:58;15;Екатерина
06.01.2013;Воскресенье;18:11:40;270;178
06.01.2013;Воскресенье;17:27:19;;Екатерина
06.01.2013;Воскресенье;16:40:45;900;бора
06.01.2013;Воскресенье;16:29:05;;Lulu
06.01.2013;Воскресенье;15:37:11;500;Педро
06.01.2013;Воскресенье;12:54:59;180;Артем
06.01.2013;Воскресенье;11:25:54;180;Саша
06.01.2013;Воскресенье;10:10:28;50;сергей
06.01.2013;Воскресенье;10:04:54;5;Vitch
06.01.2013;Воскресенье;07:43:01;6;webcam
05.01.2013;Суббота;22:58:09;30;Машуля
05.01.2013;Суббота;20:08:06;30;Logan
05.01.2013;Суббота;19:43:05;;Лариса
05.01.2013;Суббота;19:19:04;200;Оля
05.01.2013;Суббота;19:17:16;300;влад
05.01.2013;Суббота;19:09:52;70;Егор
05.01.2013;Суббота;19:05:45;70;Егор Мишин
05.01.2013;Суббота;18:54:34;;Евгения
05.01.2013;Суббота;18:05:43;350;ххх
05.01.2013;Суббота;18:03:43;200;Егор
05.01.2013;Суббота;17:57:40;;Ира
05.01.2013;Суббота;17:52:59;;Ира
05.01.2013;Суббота;17:49:18;;Ира
05.01.2013;Суббота;17:27:13;250;Маша
05.01.2013;Суббота;17:01:35;360;IG
05.01.2013;Суббота;16:34:40;950;Вольво
05.01.2013;Суббота;16:31:13;;Юля
05.01.2013;Суббота;16:25:58;250;Ольга
05.01.2013;Суббота;16:14:03;;Мяф
05.01.2013;Суббота;15:54:55;80;Ff
05.01.2013;Суббота;15:52:20;200;Шурс
05.01.2013;Суббота;15:43:08;80;Ff
05.01.2013;Суббота;15:19:15;110;Denis
05.01.2013;Суббота;13:55:15;;Тойота
05.01.2013;Суббота;13:26:04;100;Vital
05.01.2013;Суббота;11:21:31;15;егор
05.01.2013;Суббота;10:19:39;10;Вовик
05.01.2013;Суббота;09:30:21;145;fedya
04.01.2013;Пятница;23:38:22;0;webcam
04.01.2013;Пятница;17:33:09;;111
04.01.2013;Пятница;16:51:54;80;Антон
04.01.2013;Пятница;16:51:08;270;Антон
04.01.2013;Пятница;14:57:41;70;лиза
04.01.2013;Пятница;12:43:28;45;945
04.01.2013;Пятница;10:56:49;20;Дима
04.01.2013;Пятница;09:47:53;;Александр
04.01.2013;Пятница;05:00:56;30;Илья
03.01.2013;Четверг;21:39:21;5;komotek
03.01.2013;Четверг;19:47:04;10;radiosputnik.fi
03.01.2013;Четверг;18:44:49;28;radiosputnik.fi
03.01.2013;Четверг;17:42:52;20;A
03.01.2013;Четверг;15:28:57;3;павел
03.01.2013;Четверг;15:03:28;6;radiosputnik.fi
02.01.2013;Среда;18:45:13;1;radiosputnik.fi
02.01.2013;Среда;16:51:40;10;radiosputnik.fi
02.01.2013;Среда;16:10:58;100;radiosputnik.fi
02.01.2013;Среда;14:43:28;20;radiosputnik.fi
02.01.2013;Среда;13:48:53;4;aylivex
02.01.2013;Среда;13:38:44;9;aylivex
01.01.2013;Вторник;13:51:33;1;webcam
31.12.2012;Понедельник;18:26:49;0;webcam
30.12.2012;Воскресенье;19:30:03;0;webcam
30.12.2012;Воскресенье;14:30:27;10;webcam
26.12.2012;Среда;15:10:53;2;webcam
26.12.2012;Среда;12:47:23;0;Кинг Лайн
26.12.2012;Среда;07:55:08;0;webcam
25.12.2012;Вторник;16:20:10;5;webcam
25.12.2012;Вторник;11:25:52;0;webcam
25.12.2012;Вторник;07:58:41;0;Кинг Лайн
24.12.2012;Понедельник;19:50:13;0;•••0606
24.12.2012;Понедельник;16:10:56;8;webcam
23.12.2012;Воскресенье;14:46:41;40;Гена
23.12.2012;Воскресенье;11:55:46;16;webcam
22.12.2012;Суббота;10:24:58;15;Masha
21.12.2012;Пятница;13:54:17;84;кирилл
21.12.2012;Пятница;09:10:02;1;webcam
20.12.2012;Четверг;16:03:09;20;ninel
19.12.2012;Среда;15:23:55;;михаил
19.12.2012;Среда;14:35:37;420;Саня
19.12.2012;Среда;11:59:45;70;Полька
19.12.2012;Среда;10:13:46;7;webcam
18.12.2012;Вторник;12:24:32;5;webcam
18.12.2012;Вторник;08:13:15;0;Кинг Лайн
18.12.2012;Вторник;07:14:53;0;webcam
17.12.2012;Понедельник;16:14:47;30;webcam
17.12.2012;Понедельник;13:04:13;55;webcam
17.12.2012;Понедельник;10:04:04;3;webcam
16.12.2012;Воскресенье;15:50:32;50;Александр
16.12.2012;Воскресенье;12:59:54;16;webcam
15.12.2012;Суббота;18:53:17;50;cr-v
15.12.2012;Суббота;18:10:01;250;Томочка
15.12.2012;Суббота;17:41:08;120;Константин
15.12.2012;Суббота;17:23:20;100;Максим
15.12.2012;Суббота;14:03:49;;Адамчонок
14.12.2012;Пятница;18:04:08;40;webcam
14.12.2012;Пятница;13:13:29;18;webcam
14.12.2012;Пятница;09:23:21;3;webcam
13.12.2012;Четверг;17:41:42;15;Антон
13.12.2012;Четверг;15:38:00;40;webcam
13.12.2012;Четверг;12:08:21;6;webcam
12.12.2012;Среда;17:25:10;10;Sergio
12.12.2012;Среда;13:03:42;20;webcam
11.12.2012;Вторник;19:58:23;2;webcam
10.12.2012;Понедельник;16:58:24;3;webcam
10.12.2012;Понедельник;12:17:27;20;лейчан
10.12.2012;Понедельник;10:11:09;1;Natalia
09.12.2012;Воскресенье;16:52:48;10;dim
09.12.2012;Воскресенье;11:59:04;25;Дмитрий
08.12.2012;Суббота;21:06:45;150;Санька
08.12.2012;Суббота;19:48:46;220;Джо
08.12.2012;Суббота;14:47:45;23;webcam
07.12.2012;Пятница;17:43:27;0;webcam
07.12.2012;Пятница;13:47:12;0;Кинг Лайн
07.12.2012;Пятница;12:28:26;2;webcam
06.12.2012;Четверг;14:04:48;0;Кинг Лайн
06.12.2012;Четверг;14:04:47;0;Кинг Лайн
06.12.2012;Четверг;11:06:00;11;Jarno
05.12.2012;Среда;18:23:02;20;webcam
05.12.2012;Среда;12:54:24;4;webcam
05.12.2012;Среда;07:55:55;2;webcam
04.12.2012;Вторник;17:33:50;20;webcam
04.12.2012;Вторник;11:53:32;3;webcam
03.12.2012;Понедельник;12:55:33;3;webcam
03.12.2012;Понедельник;07:27:58;0;webcam
02.12.2012;Воскресенье;14:47:32;25;webcam
01.12.2012;Суббота;16:17:13;35;qwerty
01.12.2012;Суббота;13:52:04;11;webcam
01.12.2012;Суббота;10:32:19;14;webcam
30.11.2012;Пятница;18:47:43;10;webcam
30.11.2012;Пятница;12:17:24;9;webcam
30.11.2012;Пятница;06:57:40;0;webcam
29.11.2012;Четверг;14:27:19;40;webcam
29.11.2012;Четверг;11:37:25;14;webcam
29.11.2012;Четверг;07:33:00;1;webcam
28.11.2012;Среда;11:53:54;8;webcam
28.11.2012;Среда;06:13:43;0;webcam
27.11.2012;Вторник;19:38:00;15;webcam
27.11.2012;Вторник;13:33:09;18;webcam
27.11.2012;Вторник;10:03:50;0;webcam
27.11.2012;Вторник;07:08:26;0;webcam
26.11.2012;Понедельник;16:43:40;13;webcam
26.11.2012;Понедельник;12:15:11;16;webcam
26.11.2012;Понедельник;07:57:54;10;Кинг Лайн
26.11.2012;Понедельник;06:55:04;2;webcam
25.11.2012;Воскресенье;19:10:32;80;www.l-roads.com
25.11.2012;Воскресенье;17:56:53;;Андрей
25.11.2012;Воскресенье;15:52:34;70;Ник
24.11.2012;Суббота;17:37:51;180;Елена
24.11.2012;Суббота;15:15:46;;амк093
23.11.2012;Пятница;18:43:34;25;webcam
23.11.2012;Пятница;13:21:32;12;EЛИСЕЙ
23.11.2012;Пятница;11:39:25;10;Кинг Лайн
23.11.2012;Пятница;08:15:28;0;Кинг Лайн
23.11.2012;Пятница;07:18:01;3;webcam
22.11.2012;Четверг;13:33:20;21;webcam
21.11.2012;Среда;15:13:43;16;webcam
21.11.2012;Среда;10:46:48;18;webcam
20.11.2012;Вторник;12:36:56;2;webcam
20.11.2012;Вторник;08:56:35;1;webcam
19.11.2012;Понедельник;12:12:15;12;webcam
19.11.2012;Понедельник;09:17:26;2;webcam
18.11.2012;Воскресенье;11:05:10;60;Дим
17.11.2012;Суббота;19:45:42;20;veselov
17.11.2012;Суббота;15:34:51;100;Владислав
16.11.2012;Пятница;15:07:00;15;webcam
16.11.2012;Пятница;07:30:15;0;Кинг Лайн
16.11.2012;Пятница;05:47:31;0;webcam
15.11.2012;Четверг;18:37:14;12;webcam
15.11.2012;Четверг;12:57:54;10;webcam
15.11.2012;Четверг;12:40:54;0;Кинг Лайн
15.11.2012;Четверг;07:37:52;0;webcam
14.11.2012;Среда;18:27:36;12;webcam
14.11.2012;Среда;14:35:11;0;Кинг Лайн
14.11.2012;Среда;07:27:15;3;webcam
13.11.2012;Вторник;08:02:17;0;Кинг Лайн
13.11.2012;Вторник;07:17:29;0;webcam
12.11.2012;Понедельник;14:07:34;45;webcam
11.11.2012;Воскресенье;18:26:47;20;Света
11.11.2012;Воскресенье;14:18:36;60;Владимир
11.11.2012;Воскресенье;13:43:57;60;Veselov
11.11.2012;Воскресенье;13:14:17;70;владимир
11.11.2012;Воскресенье;10:46:56;9;Gl
11.11.2012;Воскресенье;10:37:38;10;Мария
10.11.2012;Суббота;10:49:21;84;МС
08.11.2012;Четверг;07:10:39;0;Кинг Лайн
07.11.2012;Среда;20:28:40;2;Гарик
07.11.2012;Среда;17:43:14;20;Slaypnir
07.11.2012;Среда;12:05:48;40;webcam
07.11.2012;Среда;07:23:24;2;webcam
06.11.2012;Вторник;12:46:10;;Anfantha
06.11.2012;Вторник;11:09:11;17;Semsr
06.11.2012;Вторник;11:08:42;17;Semsr
05.11.2012;Понедельник;18:55:21;;Ирина
05.11.2012;Понедельник;18:52:55;;погранец
05.11.2012;Понедельник;18:38:37;84;Алекс
05.11.2012;Понедельник;18:16:04;360;Eлена
05.11.2012;Понедельник;18:01:20;;Dmitry
05.11.2012;Понедельник;18:01:19;;Dmitry
05.11.2012;Понедельник;17:08:49;240;axis
05.11.2012;Понедельник;16:13:10;;makxim
05.11.2012;Понедельник;16:01:52;;Владимир
05.11.2012;Понедельник;15:52:25;150;Антон
05.11.2012;Понедельник;15:27:53;;Лариса
05.11.2012;Понедельник;12:23:55;360;Александр
05.11.2012;Понедельник;12:14:24;100;aylivex
05.11.2012;Понедельник;11:08:51;100;Tort1968
05.11.2012;Понедельник;10:12:41;30;Мммм
05.11.2012;Понедельник;07:27:54;0;Кинг Лайн
04.11.2012;Воскресенье;19:34:53;15;Оля
04.11.2012;Воскресенье;14:47:25;15;webcam
02.11.2012;Пятница;13:07:41;35;webcam
02.11.2012;Пятница;09:17:55;12;webcam
01.11.2012;Четверг;10:27:54;30;webcam
01.11.2012;Четверг;10:17:16;40;рено
01.11.2012;Четверг;08:17:08;0;webcam
31.10.2012;Среда;23:19:07;0;Антон
31.10.2012;Среда;16:47:03;27;webcam
31.10.2012;Среда;11:37:30;6;webcam
31.10.2012;Среда;08:22:28;0;webcam
30.10.2012;Вторник;17:27:58;15;webcam
30.10.2012;Вторник;13:27:33;40;webcam
30.10.2012;Вторник;10:07:48;9;webcam
30.10.2012;Вторник;05:57:24;0;webcam
29.10.2012;Понедельник;17:17:03;40;webcam
29.10.2012;Понедельник;14:06:17;70;logan
29.10.2012;Понедельник;10:10:48;25;webcam
28.10.2012;Воскресенье;17:42:54;;мХ
28.10.2012;Воскресенье;14:22:15;100;3008
28.10.2012;Воскресенье;09:56:52;0;Кинг Лайн
28.10.2012;Воскресенье;05:55:59;0;webcam
27.10.2012;Суббота;19:40:11;17;webcam
27.10.2012;Суббота;16:40:01;;оля
27.10.2012;Суббота;16:38:46;;Настя
27.10.2012;Суббота;16:15:36;28;webcam
27.10.2012;Суббота;14:10:20;50;webcam
27.10.2012;Суббота;11:55:48;22;webcam
27.10.2012;Суббота;07:35:09;1;webcam
26.10.2012;Пятница;23:25:21;0;webcam
26.10.2012;Пятница;20:15:00;35;webcam
26.10.2012;Пятница;16:49:44;10;елена
26.10.2012;Пятница;15:45:12;15;webcam
26.10.2012;Пятница;11:55:37;12;webcam
26.10.2012;Пятница;08:15:22;4;webcam
25.10.2012;Четверг;22:40:35;5;webcam
25.10.2012;Четверг;18:45:31;50;webcam
25.10.2012;Четверг;14:05:37;50;webcam
24.10.2012;Среда;18:33:45;40;webcam
24.10.2012;Среда;14:53:34;35;webcam
24.10.2012;Среда;12:34:55;17;webcam
24.10.2012;Среда;08:05:59;5;webcam
23.10.2012;Вторник;20:04:36;26;webcam
23.10.2012;Вторник;16:02:57;80;papulya
23.10.2012;Вторник;15:46:25;40;Taras
23.10.2012;Вторник;13:38:13;15;Кинг Лайн
23.10.2012;Вторник;11:04:02;0;webcam
23.10.2012;Вторник;08:18:52;0;Кинг Лайн
22.10.2012;Понедельник;19:14:50;16;webcam
22.10.2012;Понедельник;15:24:59;20;webcam
22.10.2012;Понедельник;11:14:21;1;webcam
21.10.2012;Воскресенье;16:50:52;20;Vik073
21.10.2012;Воскресенье;14:09:37;60;•••4567
21.10.2012;Воскресенье;10:39:30;15;webcam
21.10.2012;Воскресенье;09:11:34;0;Кинг Лайн
21.10.2012;Воскресенье;08:20:21;0;Кинг Лайн
20.10.2012;Суббота;21:29:10;4;webcam
20.10.2012;Суббота;18:44:55;60;webcam
20.10.2012;Суббота;15:04:29;60;webcam
20.10.2012;Суббота;11:04:32;30;webcam
20.10.2012;Суббота;08:24:10;1;webcam
19.10.2012;Пятница;20:59:33;40;webcam
19.10.2012;Пятница;17:34:07;30;webcam
19.10.2012;Пятница;13:59:05;15;webcam
19.10.2012;Пятница;11:39:09;9;webcam
19.10.2012;Пятница;07:44:48;1;webcam
18.10.2012;Четверг;23:04:28;0;webcam
18.10.2012;Четверг;17:34:48;75;webcam
18.10.2012;Четверг;14:34:36;60;•••0606
18.10.2012;Четверг;12:34:42;30;webcam
18.10.2012;Четверг;08:54:41;0;webcam
17.10.2012;Среда;18:14:31;9;webcam
17.10.2012;Среда;15:14:05;42;webcam
17.10.2012;Среда;12:24:02;4;webcam
17.10.2012;Среда;10:04:48;8;webcam
16.10.2012;Вторник;20:54:01;100;•••0606
16.10.2012;Вторник;17:04:08;50;webcam
16.10.2012;Вторник;14:04:21;6;webcam
16.10.2012;Вторник;08:14:51;6;webcam
15.10.2012;Понедельник;22:47:13;12;ETI
15.10.2012;Понедельник;18:14:46;37;webcam
15.10.2012;Понедельник;13:35:51;0;Кинг Лайн
15.10.2012;Понедельник;07:34:06;2;webcam
14.10.2012;Воскресенье;19:09:58;45;webcam
14.10.2012;Воскресенье;13:29:53;45;webcam
14.10.2012;Воскресенье;07:54:51;8;webcam
13.10.2012;Суббота;19:54:26;50;webcam
13.10.2012;Суббота;10:34:23;5;webcam
13.10.2012;Суббота;05:54:15;0;webcam
12.10.2012;Пятница;19:18:55;30;Tsd
12.10.2012;Пятница;16:14:45;7;webcam
12.10.2012;Пятница;13:14:03;20;webcam
12.10.2012;Пятница;10:54:45;23;webcam
12.10.2012;Пятница;06:34:03;1;webcam
11.10.2012;Четверг;20:44:18;3;webcam
11.10.2012;Четверг;16:13:37;17;webcam
11.10.2012;Четверг;12:24:50;35;webcam
11.10.2012;Четверг;09:54:51;6;webcam
11.10.2012;Четверг;06:44:30;2;webcam
10.10.2012;Среда;20:13:16;21;webcam
10.10.2012;Среда;16:53:24;40;webcam
10.10.2012;Среда;14:09:18;9;webcam
10.10.2012;Среда;10:44:08;16;webcam
10.10.2012;Среда;07:38:56;0;webcam
09.10.2012;Вторник;23:08:13;5;webcam
09.10.2012;Вторник;19:18:39;8;webcam
09.10.2012;Вторник;16:18:16;27;webcam
09.10.2012;Вторник;13:03:38;12;webcam
09.10.2012;Вторник;09:03:33;0;webcam
08.10.2012;Понедельник;21:43:10;0;webcam
08.10.2012;Понедельник;18:43:40;20;webcam
08.10.2012;Понедельник;17:49:04;20;domingos
08.10.2012;Понедельник;16:03:17;60;webcam
08.10.2012;Понедельник;13:43:06;30;webcam
08.10.2012;Понедельник;10:43:18;8;webcam
08.10.2012;Понедельник;06:28:40;0;webcam
07.10.2012;Воскресенье;20:23:44;6;webcam
07.10.2012;Воскресенье;16:58:04;10;webcam
07.10.2012;Воскресенье;13:16:24;59;Олег
07.10.2012;Воскресенье;13:15:00;25;Олег
07.10.2012;Воскресенье;10:33:00;10;webcam
07.10.2012;Воскресенье;07:43:18;4;webcam
06.10.2012;Суббота;19:43:22;50;webcam
06.10.2012;Суббота;10:33:28;33;webcam
06.10.2012;Суббота;07:23:13;2;webcam
05.10.2012;Пятница;19:43:48;9;webcam
05.10.2012;Пятница;16:21:22;30;abcd
21.11.2010;Воскресенье;15:02:54;30;Druzhinnik
07.11.2010;Воскресенье;22:46:57;15;Slava
06.11.2010;Суббота;06:42:07;;Роман
06.11.2010;Суббота;04:00:07;10;Роман
04.11.2010;Четверг;22:21:00;100;west
17.10.2010;Воскресенье;15:16:42;50;andy
17.10.2010;Воскресенье;13:09:40;25;Александр
14.10.2010;Четверг;06:56:40;50;User47
30.08.2010;Понедельник;23:33:47;42;roadfinder.ru
30.08.2010;Понедельник;23:33:22;38;roadfinder.ru
07.08.2010;Суббота;22:59:34;15;•••8909
21.05.2010;Пятница;17:39:33;2000;Дмитрий
20.04.2010;Вторник;11:50:48;13;Кузя
20.04.2010;Вторник;11:15:05;2400;Кирилл
03.04.2010;Суббота;21:47:32;;юра
01.04.2010;Четверг;16:52:09;0;Влад
01.04.2010;Четверг;16:50:47;20;Влад
31.03.2010;Среда;20:01:25;1500;Влад
09.03.2010;Вторник;11:22:32;2000;masha
26.02.2010;Пятница;18:21:35;860;Alexey
22.02.2010;Понедельник;22:27:05;300;Tim
20.02.2010;Суббота;11:58:39;60;•••6627
19.02.2010;Пятница;19:10:33;;79219267325
16.02.2010;Вторник;14:45:37;;Андрей
14.02.2010;Воскресенье;16:07:25;1300;Алекс
17.01.2010;Воскресенье;16:51:27;790;SergSpb
07.01.2010;Четверг;23:15:35;600;Алекс
07.01.2010;Четверг;16:32:26;700;adamme
07.01.2010;Четверг;12:43:04;764;Дис
06.01.2010;Среда;19:23:02;820;mxs
28.12.2009;Понедельник;14:36:31;840;десятьчасов
22.12.2009;Вторник;19:36:08;760;SergeySpb
21.12.2009;Понедельник;15:48:16;280;Alexx
21.12.2009;Понедельник;15:46:08;280;tarakan-x
20.12.2009;Воскресенье;19:48:40;115;Arthur Smirnov
27.11.2009;Пятница;21:01:45;30;SnowSPb
12.11.2009;Четверг;21:20:02;100;Kot
05.11.2009;Четверг;21:20:22;20;Ivangorodskiy
03.10.2009;Суббота;23:54:19;989;Roman
02.10.2009;Пятница;22:00:58;696;Dinic
18.09.2009;Пятница;13:26:55;791;Aleksandr
02.09.2009;Среда;21:11:32;550;Арт
31.08.2009;Понедельник;14:36:03;445;Aleksandr
30.08.2009;Воскресенье;07:15:40;600;Dmitri
20.07.2009;Понедельник;21:00:00;563;Alexander
