13.01.2019;Воскресенье;14:32:30;3;Настя
13.01.2019;Воскресенье;11:55:55;7;Alk
12.01.2019;Суббота;22:11:38;150;Виталий
12.01.2019;Суббота;19:35:29;;Владтмир
12.01.2019;Суббота;17:52:16;;Серж
12.01.2019;Суббота;17:44:13;150;Серж
12.01.2019;Суббота;16:17:06;;Дмитрий
12.01.2019;Суббота;15:36:26;170;Аня
12.01.2019;Суббота;15:02:25;50;Александр
12.01.2019;Суббота;14:46:27;;Azimuth
11.01.2019;Пятница;20:47:48;34;Алексей
11.01.2019;Пятница;18:29:42;20;Алексей
11.01.2019;Пятница;17:20:37;100;Анна
11.01.2019;Пятница;14:57:28;20;Ирина
11.01.2019;Пятница;13:56:24;5;Илья
10.01.2019;Четверг;18:49:30;20;Alk
10.01.2019;Четверг;14:34:21;15;Serg
09.01.2019;Среда;20:57:15;1;Юлия
09.01.2019;Среда;17:20:25;5;О
09.01.2019;Среда;16:16:30;;Алексей
09.01.2019;Среда;14:39:54;30;Сергей
09.01.2019;Среда;14:39:25;16;Алекс
09.01.2019;Среда;14:34:02;30;Сергей
09.01.2019;Среда;13:55:28;10;Евгения
09.01.2019;Среда;09:35:01;3;84
08.01.2019;Вторник;20:05:09;3;Константин
08.01.2019;Вторник;17:01:22;20;Ник
08.01.2019;Вторник;15:13:05;70;Ed
08.01.2019;Вторник;13:24:34;20;Александр
08.01.2019;Вторник;12:14:56;25;kst
07.01.2019;Понедельник;21:21:25;10;Саша
07.01.2019;Понедельник;21:17:22;15;Алексей
07.01.2019;Понедельник;16:22:16;100;Мила
07.01.2019;Понедельник;16:08:51;25;Люда
07.01.2019;Понедельник;14:26:08;60;Игорь
07.01.2019;Понедельник;14:25:01;;vspb
07.01.2019;Понедельник;13:42:04;60;Alex
07.01.2019;Понедельник;13:35:04;40;Landy
07.01.2019;Понедельник;13:34:16;60;Павел
07.01.2019;Понедельник;12:07:23;8;Лев
06.01.2019;Воскресенье;19:17:58;0;Юлия
06.01.2019;Воскресенье;19:14:03;20;Анна
06.01.2019;Воскресенье;18:45:12;;Нина
06.01.2019;Воскресенье;18:32:23;20;Ирина
06.01.2019;Воскресенье;18:09:59;1;Анна
06.01.2019;Воскресенье;17:50:23;15;Руслан
06.01.2019;Воскресенье;17:19:17;0;Алексей
06.01.2019;Воскресенье;14:34:44;5;Илья
06.01.2019;Воскресенье;14:06:01;10;Владимир
06.01.2019;Воскресенье;12:26:22;1;Ольга
06.01.2019;Воскресенье;05:00:36;2;Лена
05.01.2019;Суббота;21:53:41;400;Станислав
05.01.2019;Суббота;21:46:34;300;Павел
05.01.2019;Суббота;18:11:06;;Катерина
05.01.2019;Суббота;17:32:22;150;Даша
05.01.2019;Суббота;16:54:43;20;Дарья
05.01.2019;Суббота;16:50:39;;Олег
05.01.2019;Суббота;15:11:21;10;Максим
05.01.2019;Суббота;13:09:43;18;Николай
05.01.2019;Суббота;13:08:41;18;Николай
05.01.2019;Суббота;11:07:32;10;Елена
05.01.2019;Суббота;00:51:59;0;Сергей
04.01.2019;Пятница;21:33:46;40;Анна
04.01.2019;Пятница;21:24:54;1;Надежда
04.01.2019;Пятница;21:11:51;5;Иван
04.01.2019;Пятница;21:10:01;5;Иван
04.01.2019;Пятница;20:21:36;100;Евгений
04.01.2019;Пятница;20:21:21;100;Евгений
04.01.2019;Пятница;18:59:16;10;Олег
04.01.2019;Пятница;17:12:13;;Евгений
04.01.2019;Пятница;15:54:10;300;А
04.01.2019;Пятница;15:48:18;150;А
04.01.2019;Пятница;15:31:37;50;Очередь растёт
04.01.2019;Пятница;15:19:21;100;Иван
04.01.2019;Пятница;14:39:37;100;Дмитрий
04.01.2019;Пятница;14:34:10;30;Ирина
04.01.2019;Пятница;08:43:48;50;Алексей
03.01.2019;Четверг;18:09:10;50;Алексей
03.01.2019;Четверг;18:01:57;30;Йа
03.01.2019;Четверг;16:48:39;50;Гавриил
03.01.2019;Четверг;16:39:36;150;Александр
03.01.2019;Четверг;16:08:07;19;Сергей
02.01.2019;Среда;18:06:31;100;Антон
02.01.2019;Среда;14:16:00;50;Александр
28.12.2018;Пятница;20:14:02;2;Darya
27.12.2018;Четверг;19:38:12;100;Андрей
27.12.2018;Четверг;18:08:28;0;Сергей
27.12.2018;Четверг;17:34:25;5;Александр
23.12.2018;Воскресенье;14:47:33;140;Александра
23.12.2018;Воскресенье;13:47:03;40;Irina
20.12.2018;Четверг;20:03:15;20;Антон
16.12.2018;Воскресенье;20:55:31;2;Алексей
16.12.2018;Воскресенье;18:28:46;250;Алексей
16.12.2018;Воскресенье;17:51:25;;Елена
16.12.2018;Воскресенье;14:27:19;50;NIKITELKA TV
15.12.2018;Суббота;19:56:23;3;Виктория
15.12.2018;Суббота;18:14:29;200;Vlad
15.12.2018;Суббота;18:12:41;200;Vlad
12.12.2018;Среда;15:13:39;10;Serg
10.12.2018;Понедельник;17:17:07;15;Роман
09.12.2018;Воскресенье;16:39:07;100;Анастасия
09.12.2018;Воскресенье;14:55:27;45;Владимир
08.12.2018;Суббота;21:54:53;40;Антон
02.12.2018;Воскресенье;17:50:37;0;Ольга
01.12.2018;Суббота;19:09:56;50;Андрей
17.11.2018;Суббота;13:19:12;15;Венера
14.11.2018;Среда;17:00:19;10;Оксана
11.11.2018;Воскресенье;18:26:29;3;Саша
11.11.2018;Воскресенье;17:21:03;25;Ярик
10.11.2018;Суббота;22:49:04;1;Иван
10.11.2018;Суббота;19:39:25;100;Alex
10.11.2018;Суббота;18:37:23;180;Tom soer
10.11.2018;Суббота;18:13:39;60;Герасим
06.11.2018;Вторник;16:52:02;5;Дмитрий
06.11.2018;Вторник;14:55:13;20;Тим
06.11.2018;Вторник;14:46:35;20;Тим
06.11.2018;Вторник;13:30:39;30;Кирилл
06.11.2018;Вторник;01:44:44;2;ОлегЛ
06.11.2018;Вторник;01:44:22;2;ОлегЛ
05.11.2018;Понедельник;20:35:33;2;Александр
05.11.2018;Понедельник;19:46:17;;Елена
05.11.2018;Понедельник;18:45:52;140;Андрей
05.11.2018;Понедельник;18:33:00;;Елена
05.11.2018;Понедельник;17:59:16;200;Сергей
05.11.2018;Понедельник;17:54:23;200;Илья
05.11.2018;Понедельник;17:35:50;200;Владимир
05.11.2018;Понедельник;17:06:39;200;Олег
05.11.2018;Понедельник;14:59:59;;Олег
05.11.2018;Понедельник;14:33:20;500;Гена
05.11.2018;Понедельник;12:31:01;180;Роман
05.11.2018;Понедельник;12:20:57;150;Вика
05.11.2018;Понедельник;12:19:51;180;Роман
05.11.2018;Понедельник;10:20:08;1;Александр
04.11.2018;Воскресенье;21:59:34;10;Yu.maria
04.11.2018;Воскресенье;20:22:40;0;Константин
04.11.2018;Воскресенье;18:37:20;20;Дмитрий
04.11.2018;Воскресенье;17:13:04;;Смерть неизбежна
04.11.2018;Воскресенье;15:49:56;100;Инна
03.11.2018;Суббота;19:53:37;0;Виктория
02.11.2018;Пятница;12:35:00;30;505
01.11.2018;Четверг;20:36:07;40;Alex
01.11.2018;Четверг;18:53:49;100;Анна
30.10.2018;Вторник;20:31:47;0;Герасим
28.10.2018;Воскресенье;15:41:02;50;Вадим
28.10.2018;Воскресенье;09:31:08;;Венера
27.10.2018;Суббота;14:17:03;25;Венера
14.10.2018;Воскресенье;17:27:00;50;Константин
14.10.2018;Воскресенье;17:26:56;50;Константин
07.10.2018;Воскресенье;21:39:45;25;Евгений
07.10.2018;Воскресенье;17:48:27;80;Полина
07.10.2018;Воскресенье;13:51:55;7;Дмитрий
06.10.2018;Суббота;19:08:11;32;Елена
06.10.2018;Суббота;17:33:18;100;Юлия
06.10.2018;Суббота;12:52:00;5;Алексей
02.10.2018;Вторник;16:33:44;1;Serg
23.09.2018;Воскресенье;18:24:36;5;Тимофей
16.09.2018;Воскресенье;16:35:15;10;Alex
16.09.2018;Воскресенье;16:31:26;70;Евгений
16.09.2018;Воскресенье;12:16:41;20;А
15.09.2018;Суббота;17:29:59;7;Лео
11.09.2018;Вторник;18:42:19;5;Вал
11.09.2018;Вторник;18:42:08;5;Вал
09.09.2018;Воскресенье;14:03:45;50;Наталья
31.08.2018;Пятница;14:36:59;3;Ник
26.08.2018;Воскресенье;14:46:03;10;Платон
26.08.2018;Воскресенье;14:21:51;25;Кирилл
26.08.2018;Воскресенье;11:42:39;7;Дарья
26.08.2018;Воскресенье;11:20:43;8;Georgy
23.08.2018;Четверг;21:42:54;1;Антон
21.08.2018;Вторник;20:13:19;5;Анна
19.08.2018;Воскресенье;12:36:46;40;Вадим
19.08.2018;Воскресенье;11:50:13;14;Евгений
18.08.2018;Суббота;13:43:28;;Венера
15.08.2018;Среда;18:09:57;39;Евгений
12.08.2018;Воскресенье;18:32:46;20;Kuivu
12.08.2018;Воскресенье;16:20:27;0;Gregory
12.08.2018;Воскресенье;15:35:58;60;Rinka
11.08.2018;Суббота;17:03:47;150;Дмитрий
11.08.2018;Суббота;14:41:50;35;ensi-bus
10.08.2018;Пятница;17:52:03;10;Gregory
06.08.2018;Понедельник;08:53:22;0;ensi-bus
29.07.2018;Воскресенье;20:24:48;5;Слава
23.07.2018;Понедельник;15:53:40;33;Светлана
16.07.2018;Понедельник;10:23:38;2;Totto
15.07.2018;Воскресенье;20:24:35;10;Gregory
08.07.2018;Воскресенье;19:17:08;0;Стас
08.07.2018;Воскресенье;17:52:45;7;Сергей
08.07.2018;Воскресенье;15:23:13;0;Gaspar
28.06.2018;Четверг;19:18:43;12;Катерина
24.06.2018;Воскресенье;18:56:46;60;Яна
24.06.2018;Воскресенье;15:08:02;25;Роман
23.06.2018;Суббота;17:30:24;20;Дмитрий
23.06.2018;Суббота;17:18:15;20;Марина
21.06.2018;Четверг;21:19:17;15;Евгений
21.06.2018;Четверг;21:14:24;16;Ирина
12.06.2018;Вторник;19:20:17;50;Наталья
12.06.2018;Вторник;15:49:10;10;Максим
12.06.2018;Вторник;14:41:41;35;Сергей
12.06.2018;Вторник;14:40:30;35;Сергей
12.06.2018;Вторник;10:22:51;15;Андрей Андреевич
11.06.2018;Понедельник;17:58:45;;Владимир
09.06.2018;Суббота;17:11:26;2;Chuarra
03.06.2018;Воскресенье;18:44:08;25;Iii
03.06.2018;Воскресенье;14:17:03;40;Михаил
02.06.2018;Суббота;18:35:44;20;Alexander
19.05.2018;Суббота;19:21:09;5;Валерия
09.05.2018;Среда;17:21:18;36;Igor
06.05.2018;Воскресенье;18:05:25;2;Е
02.05.2018;Среда;16:21:48;0;Дмитрий
02.05.2018;Среда;11:09:13;15;Улыбчивый дед Макар
01.05.2018;Вторник;20:17:06;4;Алина
01.05.2018;Вторник;16:33:00;5;Игорь
01.05.2018;Вторник;12:24:09;30;Авео
30.04.2018;Понедельник;22:35:19;10;Наталья
30.04.2018;Понедельник;19:45:58;140;Алексей
30.04.2018;Понедельник;17:44:36;30;Инна
30.04.2018;Понедельник;13:54:51;40;Игорь
24.04.2018;Вторник;13:42:50;0;Т
21.04.2018;Суббота;18:01:45;50;Екатерина
16.04.2018;Понедельник;18:39:34;0;Наталья
03.04.2018;Вторник;16:40:44;8;Юлия
31.03.2018;Суббота;18:36:43;30;вадим
30.03.2018;Пятница;19:01:50;8;Алекс
30.03.2018;Пятница;08:48:44;;Игорь
29.03.2018;Четверг;21:26:37;;Вася
25.03.2018;Воскресенье;19:38:06;5;Алек
24.03.2018;Суббота;16:54:43;7;лина
17.03.2018;Суббота;17:20:11;50;Татьяна
17.03.2018;Суббота;13:19:00;20;Vasya
11.03.2018;Воскресенье;23:29:05;40;Андр
11.03.2018;Воскресенье;21:47:04;3;Екатерина
11.03.2018;Воскресенье;18:14:42;0;Светлана
11.03.2018;Воскресенье;17:08:26;5;Иван
11.03.2018;Воскресенье;16:45:01;10;Konstantin
11.03.2018;Воскресенье;15:10:40;15;Евги
11.03.2018;Воскресенье;14:41:14;30;Андрэ
11.03.2018;Воскресенье;14:18:22;60;Nikita
11.03.2018;Воскресенье;13:56:51;10;Nikita
11.03.2018;Воскресенье;13:54:29;25;Дмитрий
11.03.2018;Воскресенье;13:54:15;;Снег
11.03.2018;Воскресенье;10:30:18;25;Елена
10.03.2018;Суббота;22:13:14;0;Аноним
10.03.2018;Суббота;18:24:15;70;Антон
10.03.2018;Суббота;18:13:40;100;Андрей
10.03.2018;Суббота;16:41:46;150;Даша
10.03.2018;Суббота;15:46:26;40;Джули
10.03.2018;Суббота;15:26:26;;Кирилл
09.03.2018;Пятница;22:50:14;100;Гость
09.03.2018;Пятница;20:37:22;;Сергей
09.03.2018;Пятница;19:40:53;;Golf
04.03.2018;Воскресенье;18:25:10;2;Jerry
03.03.2018;Суббота;18:10:31;;Александр
25.02.2018;Воскресенье;20:54:25;1;Ольга
25.02.2018;Воскресенье;18:28:44;;Злата
25.02.2018;Воскресенье;17:55:05;11;Konstantin
25.02.2018;Воскресенье;17:54:43;11;Konstantin
25.02.2018;Воскресенье;17:47:08;;Павел
25.02.2018;Воскресенье;17:21:47;;Россия
25.02.2018;Воскресенье;17:21:40;;Россия
25.02.2018;Воскресенье;16:59:03;;Мария
25.02.2018;Воскресенье;12:09:25;30;Antonyspb
24.02.2018;Суббота;17:28:58;30;446 тигуан
24.02.2018;Суббота;17:06:13;17;Алексей
24.02.2018;Суббота;17:05:55;17;Алексей
18.02.2018;Воскресенье;16:13:04;5;Надежда
11.02.2018;Воскресенье;15:48:58;10;Александр
11.02.2018;Воскресенье;15:42:00;2;Лариса
04.02.2018;Воскресенье;20:02:27;4;Ди
14.01.2018;Воскресенье;00:00:26;1;Вадим
13.01.2018;Суббота;18:11:06;150;Ольга
09.01.2018;Вторник;20:07:41;15;Юрий
09.01.2018;Вторник;16:56:58;30;Антон
09.01.2018;Вторник;15:45:01;30;Игорь
09.01.2018;Вторник;15:25:51;;Илья
09.01.2018;Вторник;13:36:57;10;Дмитрий
08.01.2018;Понедельник;19:12:48;5;Натали
08.01.2018;Понедельник;16:10:07;30;Лилия
08.01.2018;Понедельник;16:09:46;30;Лилия
08.01.2018;Понедельник;15:49:57;;Натали
08.01.2018;Понедельник;13:15:45;10;Ксения
08.01.2018;Понедельник;13:15:40;10;Ксения
08.01.2018;Понедельник;13:05:16;15;Елена
08.01.2018;Понедельник;11:23:31;10;Татьяна
07.01.2018;Воскресенье;22:04:32;6;Александр
07.01.2018;Воскресенье;21:26:00;3;Андрей
07.01.2018;Воскресенье;16:50:42;2;Юлия
07.01.2018;Воскресенье;15:56:02;3;Кирилл
07.01.2018;Воскресенье;14:52:31;50;Landy
06.01.2018;Суббота;22:30:43;30;Anton
06.01.2018;Суббота;20:04:57;0;Анна
06.01.2018;Суббота;18:38:29;10;Николай
06.01.2018;Суббота;18:35:54;100;Иван
06.01.2018;Суббота;17:39:10;200;Настя
06.01.2018;Суббота;17:34:51;150;Марк
06.01.2018;Суббота;15:23:08;;Андрей
06.01.2018;Суббота;14:31:28;30;Елена
06.01.2018;Суббота;14:31:22;30;Елена
06.01.2018;Суббота;13:23:01;16;Саша
06.01.2018;Суббота;12:26:17;15;Елена
06.01.2018;Суббота;11:33:24;70;Сергей
06.01.2018;Суббота;11:27:13;0;Juli
05.01.2018;Пятница;21:39:54;200;Анна
05.01.2018;Пятница;21:15:53;200;Lena
05.01.2018;Пятница;19:27:16;;В
05.01.2018;Пятница;19:14:26;255;Владислав
05.01.2018;Пятница;19:14:18;255;Владислав
05.01.2018;Пятница;18:50:57;340;Lena
05.01.2018;Пятница;17:58:19;100;Nik
05.01.2018;Пятница;17:31:32;70;Сергей
05.01.2018;Пятница;17:30:40;50;Александр
05.01.2018;Пятница;13:59:22;45;Анатолий
05.01.2018;Пятница;13:10:07;50;Алексей
05.01.2018;Пятница;12:08:45;20;Serg
04.01.2018;Четверг;22:41:59;0;Ольга
04.01.2018;Четверг;21:07:40;1;Оксана
04.01.2018;Четверг;18:48:20;;Хемуль
04.01.2018;Четверг;15:22:09;100;Руслан
04.01.2018;Четверг;14:20:57;70;Вика
04.01.2018;Четверг;13:59:46;80;Елена
04.01.2018;Четверг;10:01:38;1;Николай
03.01.2018;Среда;22:31:17;25;Лиса и Ёж
03.01.2018;Среда;21:36:43;100;Марина
03.01.2018;Среда;21:18:52;5;Вадим
03.01.2018;Среда;18:37:38;10;Игорь
03.01.2018;Среда;18:37:31;10;Игорь
03.01.2018;Среда;14:37:47;50;Алекс
03.01.2018;Среда;13:40:00;50;Васек
02.01.2018;Вторник;18:10:37;10;Иыан
02.01.2018;Вторник;15:06:37;45;Илья
02.01.2018;Вторник;15:01:17;45;Илья
27.12.2017;Среда;20:23:01;40;User
24.12.2017;Воскресенье;15:47:52;2;Лариса
23.12.2017;Суббота;21:40:58;0;Фёдор и Люся
20.12.2017;Среда;19:13:36;20;Мария
19.12.2017;Вторник;20:03:36;15;Bob
19.12.2017;Вторник;13:08:18;10;О
18.12.2017;Понедельник;19:25:37;30;Максим
17.12.2017;Воскресенье;14:49:08;300;Анюта
17.12.2017;Воскресенье;12:33:28;9;Анжела
09.12.2017;Суббота;15:15:26;;М
25.11.2017;Суббота;19:55:34;40;Geka
19.11.2017;Воскресенье;17:30:12;50;Наталья
11.11.2017;Суббота;13:44:03;5;Вера
07.11.2017;Вторник;16:07:36;29;С
06.11.2017;Понедельник;23:45:36;;Дмитрий
06.11.2017;Понедельник;23:15:14;;Юлианна
06.11.2017;Понедельник;19:55:54;65;Olka
06.11.2017;Понедельник;19:55:46;65;Olka
06.11.2017;Понедельник;19:28:53;200;Татьяна
06.11.2017;Понедельник;18:39:47;240;Андрей
06.11.2017;Понедельник;18:07:37;;Dima
06.11.2017;Понедельник;16:58:40;;Лилия
06.11.2017;Понедельник;14:42:09;100;Андрей
06.11.2017;Понедельник;14:17:14;100;Андрей
06.11.2017;Понедельник;12:17:49;300;Анжелика
05.11.2017;Воскресенье;16:18:07;100;Дмитрий
05.11.2017;Воскресенье;14:54:20;100;Дмитрий
04.11.2017;Суббота;19:04:01;0;Павел
29.10.2017;Воскресенье;12:38:27;10;Анжела
21.10.2017;Суббота;17:57:52;1;N
08.10.2017;Воскресенье;19:54:15;3;Наталья
08.10.2017;Воскресенье;18:59:26;10;Владимир
08.10.2017;Воскресенье;18:14:35;50;Виктория
08.10.2017;Воскресенье;17:04:39;30;Dr
08.10.2017;Воскресенье;09:30:24;2;Вадим
07.10.2017;Суббота;13:51:36;25;Сергей
01.10.2017;Воскресенье;19:11:22;18;Artem
01.10.2017;Воскресенье;14:07:58;80;Анатолий
30.09.2017;Суббота;17:21:39;35;Костя
30.09.2017;Суббота;16:45:51;30;Иван
28.09.2017;Четверг;17:21:36;2;Alex
28.09.2017;Четверг;13:22:11;15;Вася
24.09.2017;Воскресенье;13:28:58;50;Алексей
17.09.2017;Воскресенье;14:16:55;70;Alex
17.09.2017;Воскресенье;13:49:17;50;Ирина
17.09.2017;Воскресенье;12:46:10;15;AlK
16.09.2017;Суббота;11:44:51;50;Арсений
13.09.2017;Среда;17:32:38;2;OLESYA
10.09.2017;Воскресенье;14:47:20;100;Михаил
09.09.2017;Суббота;18:46:45;100;Ольга
09.09.2017;Суббота;18:16:13;100;Алмазов
03.09.2017;Воскресенье;19:06:59;100;эд
03.09.2017;Воскресенье;19:06:46;100;эд
03.09.2017;Воскресенье;18:34:16;40;Alla
03.09.2017;Воскресенье;13:44:29;50;Николай
03.09.2017;Воскресенье;13:01:01;40;Lehus
02.09.2017;Суббота;14:31:22;35;Дарья
29.08.2017;Вторник;17:25:03;60;Димон
28.08.2017;Понедельник;12:04:18;12;Дарья
27.08.2017;Воскресенье;18:22:41;2;Роман
26.08.2017;Суббота;18:21:48;130;Катерина
26.08.2017;Суббота;18:21:41;130;Катерина
26.08.2017;Суббота;18:21:36;130;Катерина
26.08.2017;Суббота;13:38:05;130;Киви
26.08.2017;Суббота;13:17:05;100;Мазда
24.08.2017;Четверг;21:26:09;250;Саня
23.08.2017;Среда;20:14:20;15;Екатерина
23.08.2017;Среда;18:52:04;50;Serg
23.08.2017;Среда;16:44:57;60;Вика
23.08.2017;Среда;13:30:56;5;ensi-bus
21.08.2017;Понедельник;06:44:00;0;Alex
20.08.2017;Воскресенье;18:53:13;0;Максим
19.08.2017;Суббота;21:05:02;5;Евгений
19.08.2017;Суббота;16:50:50;20;fillini
18.08.2017;Пятница;17:21:10;20;Кисс
14.08.2017;Понедельник;17:15:12;100;Алексей
13.08.2017;Воскресенье;16:21:22;;Эдуард
13.08.2017;Воскресенье;16:11:38;40;Дмитрий
13.08.2017;Воскресенье;14:34:43;40;Алексей
10.08.2017;Четверг;18:54:36;20;mox
08.08.2017;Вторник;21:52:58;30;Вова
08.08.2017;Вторник;18:37:49;;Елена
07.08.2017;Понедельник;20:37:16;3;Габриэл
06.08.2017;Воскресенье;19:58:01;10;Иван
06.08.2017;Воскресенье;19:43:06;30;Михаил
06.08.2017;Воскресенье;19:39:19;30;Serg
06.08.2017;Воскресенье;19:36:27;20;Андрей
06.08.2017;Воскресенье;19:09:43;;Михаил
06.08.2017;Воскресенье;12:03:59;;Алекс
06.08.2017;Воскресенье;11:13:42;10;Александр
05.08.2017;Суббота;20:23:21;;Марина
04.08.2017;Пятница;16:24:31;12;ensi-bus
03.08.2017;Четверг;21:22:38;;Я
30.07.2017;Воскресенье;22:37:01;3;Валера BMW
30.07.2017;Воскресенье;14:33:58;150;Ольга
30.07.2017;Воскресенье;14:00:23;60;Аркаш
22.07.2017;Суббота;18:35:33;100;Юрий
22.07.2017;Суббота;17:37:17;4;Юлия
22.07.2017;Суббота;12:26:49;25;Andrew
21.07.2017;Пятница;13:46:07;25;Путник
16.07.2017;Воскресенье;19:06:36;35;Михаил
16.07.2017;Воскресенье;18:42:44;35;Михаил
16.07.2017;Воскресенье;18:40:45;35;Михаил
14.07.2017;Пятница;16:44:17;4;Oleg
09.07.2017;Воскресенье;18:56:04;60;Татьяна
09.07.2017;Воскресенье;16:52:30;35;Serg
09.07.2017;Воскресенье;12:46:49;0;ensi-bus
08.07.2017;Суббота;21:00:55;5;таня
08.07.2017;Суббота;17:17:43;15;Олег
06.07.2017;Четверг;19:01:26;100;Эдуард
06.07.2017;Четверг;18:57:52;100;Эдуард
03.07.2017;Понедельник;19:27:41;3;ang
02.07.2017;Воскресенье;11:46:29;30;Алексей
18.06.2017;Воскресенье;15:42:55;70;Гергий
12.06.2017;Понедельник;17:48:38;;alekca
12.06.2017;Понедельник;17:39:33;200;Вячеслав
12.06.2017;Понедельник;14:58:36;50;Сергей
11.06.2017;Воскресенье;13:25:25;4;Александ
10.06.2017;Суббота;17:53:45;20;Алексей
06.06.2017;Вторник;18:24:04;10;Алексей
28.05.2017;Воскресенье;18:59:29;0;Михаил
28.05.2017;Воскресенье;18:59:12;0;Михаил
28.05.2017;Воскресенье;18:58:07;0;Михаил
25.05.2017;Четверг;13:20:27;;Михаил
25.05.2017;Четверг;12:42:47;;Михаил
21.05.2017;Воскресенье;11:35:04;15;Alex
14.05.2017;Воскресенье;17:07:57;5;Светлана
13.05.2017;Суббота;19:52:47;40;Swetofor
13.05.2017;Суббота;17:39:56;50;Платон
09.05.2017;Вторник;20:50:10;0;Елена
09.05.2017;Вторник;20:16:30;;Димон
09.05.2017;Вторник;15:04:13;15;Сергей
09.05.2017;Вторник;04:29:17;0;ABC
08.05.2017;Понедельник;21:03:01;220;Илья
08.05.2017;Понедельник;18:44:52;200;Serg
08.05.2017;Понедельник;18:11:52;100;Валерия
08.05.2017;Понедельник;18:11:48;100;Валерия
08.05.2017;Понедельник;18:09:41;100;Кирилл
08.05.2017;Понедельник;14:23:31;100;Ольга
07.05.2017;Воскресенье;17:14:26;25;Никита
07.05.2017;Воскресенье;17:14:20;25;Никита
07.05.2017;Воскресенье;13:06:00;60;Виктор
07.05.2017;Воскресенье;12:00:58;15;Андрей
01.05.2017;Понедельник;12:11:36;34;Стас
01.05.2017;Понедельник;10:22:33;30;Анна
01.05.2017;Понедельник;09:35:29;20;Марк
30.04.2017;Воскресенье;16:06:32;100;и
30.04.2017;Воскресенье;15:17:03;40;и
26.04.2017;Среда;16:00:14;5;Нина
22.04.2017;Суббота;19:55:25;42;Настя
09.04.2017;Воскресенье;18:39:20;20;Alla
09.04.2017;Воскресенье;17:57:05;20;Alla
09.04.2017;Воскресенье;13:07:37;15;Ольга
08.04.2017;Суббота;19:39:23;180;Марина
08.04.2017;Суббота;19:16:18;15;Дмитрий
08.04.2017;Суббота;17:49:08;250;Пётр
08.04.2017;Суббота;17:43:45;180;Марина
08.04.2017;Суббота;17:11:49;200;Женя
08.04.2017;Суббота;16:34:35;;Мария
08.04.2017;Суббота;15:52:00;34;Дмитрий
02.04.2017;Воскресенье;18:42:15;0;Vlad
01.04.2017;Суббота;20:34:59;;Владимир
01.04.2017;Суббота;19:57:22;;Мария
01.04.2017;Суббота;19:02:54;;Главный робот
01.04.2017;Суббота;18:39:07;0;Елена
01.04.2017;Суббота;17:40:05;200;Олег
01.04.2017;Суббота;17:06:32;;Лидия
01.04.2017;Суббота;13:53:17;80;Владимир
01.04.2017;Суббота;13:44:30;30;Вова
01.04.2017;Суббота;13:27:52;;Светлана
01.04.2017;Суббота;10:20:39;2;Maria
25.03.2017;Суббота;21:02:25;1;Ирина
25.03.2017;Суббота;17:19:38;10;Петр
11.03.2017;Суббота;16:52:40;13;Константин
08.03.2017;Среда;11:18:18;5;Михаил
04.03.2017;Суббота;15:45:29;1;Марина
04.03.2017;Суббота;15:41:03;20;дед лайн
04.03.2017;Суббота;13:07:56;20;Татьяна
26.02.2017;Воскресенье;17:43:52;15;Инна
26.02.2017;Воскресенье;16:38:37;15;Сергей
26.02.2017;Воскресенье;15:56:16;1;товарищ Вьюнов
26.02.2017;Воскресенье;13:56:17;2;Екатерина
26.02.2017;Воскресенье;10:23:16;250;Андрей
26.02.2017;Воскресенье;10:23:03;250;Андрей
26.02.2017;Воскресенье;09:59:50;40;Катя
26.02.2017;Воскресенье;08:26:20;15;Алексей
25.02.2017;Суббота;20:54:07;3;alex
25.02.2017;Суббота;20:45:31;10;Леха
25.02.2017;Суббота;20:45:15;10;Леха
25.02.2017;Суббота;19:54:03;10;Ольга
25.02.2017;Суббота;19:36:38;10;Ольга
25.02.2017;Суббота;19:24:03;20;Андрей
25.02.2017;Суббота;18:58:54;20;Андрей
25.02.2017;Суббота;17:45:50;50;Анастасия
25.02.2017;Суббота;15:12:23;;Яна
25.02.2017;Суббота;14:55:43;50;Александр
25.02.2017;Суббота;11:53:56;80;Вера
25.02.2017;Суббота;11:02:00;50;Андрей
24.02.2017;Пятница;20:13:44;20;Вячеслав
24.02.2017;Пятница;19:43:19;210;Ирина
24.02.2017;Пятница;14:45:35;100;Челенжер
24.02.2017;Пятница;12:08:25;60;Наталья
24.02.2017;Пятница;11:53:45;30;Юрий
24.02.2017;Пятница;11:34:23;;Алексей
18.02.2017;Суббота;14:58:55;30;ivan
12.02.2017;Воскресенье;16:45:26;2;M-Power
12.02.2017;Воскресенье;13:09:14;25;ABC
12.02.2017;Воскресенье;12:59:21;10;ABC
11.02.2017;Суббота;13:31:26;25;am
05.02.2017;Воскресенье;13:05:10;25;Славамерседес
05.02.2017;Воскресенье;12:07:04;10;Ирина
04.02.2017;Суббота;18:49:30;0;Jerry
04.02.2017;Суббота;13:04:52;4;am
22.01.2017;Воскресенье;13:07:49;70;Кирилл
09.01.2017;Понедельник;22:31:47;0;дмитрий
09.01.2017;Понедельник;16:17:35;20;Егор
09.01.2017;Понедельник;11:53:58;20;Сергей
08.01.2017;Воскресенье;18:33:05;5;Маргарита
08.01.2017;Воскресенье;15:20:40;5;Jk
08.01.2017;Воскресенье;11:56:47;45;Елизавета
08.01.2017;Воскресенье;11:54:44;15;Сергей
08.01.2017;Воскресенье;10:59:11;0;Инна
08.01.2017;Воскресенье;10:11:58;15;Михаил
07.01.2017;Суббота;17:29:04;10;alekca
07.01.2017;Суббота;17:00:43;10;Андрей
07.01.2017;Суббота;16:46:30;50;Мира
07.01.2017;Суббота;13:57:28;20;Юрий
07.01.2017;Суббота;13:38:55;120;Антонс
07.01.2017;Суббота;12:55:36;5;kst
07.01.2017;Суббота;12:45:22;;Андрей
07.01.2017;Суббота;12:30:10;3;Андрей
07.01.2017;Суббота;12:22:13;;Игорь
07.01.2017;Суббота;11:08:07;100;Игорь
07.01.2017;Суббота;10:44:50;50;Лина
07.01.2017;Суббота;10:29:31;28;Artem
07.01.2017;Суббота;09:56:13;20;Екатерина
07.01.2017;Суббота;09:45:20;20;Екатерина
07.01.2017;Суббота;00:00:22;2;Илья
06.01.2017;Пятница;18:18:16;40;Эля
06.01.2017;Пятница;18:04:01;30;Ирина
06.01.2017;Пятница;17:19:40;5;Оля
06.01.2017;Пятница;15:18:33;200;А
06.01.2017;Пятница;11:25:00;40;Алексей
05.01.2017;Четверг;20:04:01;15;Ал
05.01.2017;Четверг;17:46:02;30;Аня
05.01.2017;Четверг;17:24:21;130;Женя
05.01.2017;Четверг;16:21:30;;Иван
05.01.2017;Четверг;16:10:53;80;Иван
05.01.2017;Четверг;12:22:49;50;Ангелина
05.01.2017;Четверг;11:34:06;189;grаnitsа-onlinе.соm
04.01.2017;Среда;19:04:30;20;kate
04.01.2017;Среда;16:45:16;270;Глеб
04.01.2017;Среда;16:00:42;10;Марина
04.01.2017;Среда;14:29:53;40;Олег
04.01.2017;Среда;14:27:55;20;Антон
04.01.2017;Среда;11:25:03;25;Маргарита
03.01.2017;Вторник;17:43:06;40;Катерина
03.01.2017;Вторник;17:08:48;20;Ирина
03.01.2017;Вторник;14:29:46;84;Лю
03.01.2017;Вторник;13:23:57;50;виктор
02.01.2017;Понедельник;13:02:18;50;Алексей
24.12.2016;Суббота;13:02:50;90;Филипп
21.12.2016;Среда;16:23:48;50;Ася
21.12.2016;Среда;16:17:06;30;Максим
21.12.2016;Среда;15:54:31;40;Максим
18.12.2016;Воскресенье;15:06:51;150;Вячеслав
18.12.2016;Воскресенье;14:32:52;100;Дмитрий
18.12.2016;Воскресенье;14:26:58;100;Дмитрий
17.12.2016;Суббота;20:30:13;;Юля
17.12.2016;Суббота;18:45:59;67;Pilot
17.12.2016;Суббота;17:51:01;;Александр
11.12.2016;Воскресенье;15:34:06;70;Кирилл
11.12.2016;Воскресенье;14:30:13;84;Костя
11.12.2016;Воскресенье;13:06:51;0;Михаил
10.12.2016;Суббота;19:17:51;40;Игорь
10.12.2016;Суббота;17:32:30;50;Татьяна
10.12.2016;Суббота;14:30:13;40;Турист
19.11.2016;Суббота;16:13:55;3;Андрей
19.11.2016;Суббота;16:12:17;3;Андрей
13.11.2016;Воскресенье;16:30:02;1;Татьяна
07.11.2016;Понедельник;13:25:27;6;V
06.11.2016;Воскресенье;14:58:00;;Юрий
06.11.2016;Воскресенье;14:33:40;100;Паша
06.11.2016;Воскресенье;12:38:56;15;Анна
06.11.2016;Воскресенье;11:44:30;25;Павел
06.11.2016;Воскресенье;11:34:30;80;Артем
06.11.2016;Воскресенье;11:21:21;80;Павел
06.11.2016;Воскресенье;10:50:29;80;Иннокентий
06.11.2016;Воскресенье;10:25:18;60;Стас
06.11.2016;Воскресенье;08:43:17;;Антон
06.11.2016;Воскресенье;08:10:28;4;Дмитрий
05.11.2016;Суббота;14:05:17;67;Лего
05.11.2016;Суббота;13:47:18;;Лара
05.11.2016;Суббота;13:24:48;200;SAPSANTRANS.RU
05.11.2016;Суббота;13:22:06;67;Лариса
05.11.2016;Суббота;13:09:52;100;Николай
05.11.2016;Суббота;10:51:11;40;Алексей81
05.11.2016;Суббота;08:28:38;5;Dara
04.11.2016;Пятница;18:42:12;;Наталия
04.11.2016;Пятница;18:14:08;330;Петр
04.11.2016;Пятница;17:43:54;50;Наталия
04.11.2016;Пятница;17:21:29;;Александр
04.11.2016;Пятница;16:36:53;45;Константин
04.11.2016;Пятница;15:43:24;;Сергей
03.11.2016;Четверг;15:51:29;10;Слава
23.10.2016;Воскресенье;17:58:41;4;бугагашенька
23.10.2016;Воскресенье;14:58:03;25;ABC
16.10.2016;Воскресенье;15:59:06;3;Дмиитрий
15.10.2016;Суббота;14:51:53;5;Анна
25.09.2016;Воскресенье;17:22:46;40;Эд
18.09.2016;Воскресенье;13:28:48;1;Михаил
31.08.2016;Среда;18:16:35;16;Александр
31.08.2016;Среда;16:53:33;20;федор
31.08.2016;Среда;15:00:13;14;Vasya
28.08.2016;Воскресенье;17:20:33;50;Татьяна
28.08.2016;Воскресенье;17:19:21;70;Женя
28.08.2016;Воскресенье;13:54:22;;Алексей
28.08.2016;Воскресенье;13:07:39;170;Иван
28.08.2016;Воскресенье;12:29:38;50;Артем
28.08.2016;Воскресенье;11:55:26;30;Евгений
22.08.2016;Понедельник;16:45:46;27;Alex
22.08.2016;Понедельник;16:44:32;;Alex
22.08.2016;Понедельник;10:29:12;10;Juli
21.08.2016;Воскресенье;16:58:50;;Артем
14.08.2016;Воскресенье;18:04:42;200;Эд
14.08.2016;Воскресенье;14:55:34;20;Геннадий
13.08.2016;Суббота;14:57:47;20;кир
08.08.2016;Понедельник;17:05:17;44;Иван
31.07.2016;Воскресенье;17:07:54;26;Дмитрий
20.07.2016;Среда;15:00:50;50;Вячеслав
10.07.2016;Воскресенье;19:43:03;0;Лори
05.07.2016;Вторник;15:26:08;20;Lx
03.07.2016;Воскресенье;14:00:00;0;Alex
30.06.2016;Четверг;13:08:00;10;Александр
25.06.2016;Суббота;18:18:49;100;RUS
13.06.2016;Понедельник;13:18:19;50;юра
13.06.2016;Понедельник;12:57:51;50;Оля
12.06.2016;Воскресенье;17:19:28;26;Ольга
13.05.2016;Пятница;18:53:27;0;Галина
09.05.2016;Понедельник;19:39:49;5;елена
09.05.2016;Понедельник;19:29:42;40;Анатолий
07.05.2016;Суббота;14:16:43;6;Николай
02.05.2016;Понедельник;12:37:22;10;Стрелок
06.04.2016;Среда;13:32:19;0;Сергей
02.04.2016;Суббота;16:03:26;40;Алексей
28.03.2016;Понедельник;20:03:24;1;oku
26.03.2016;Суббота;18:09:59;6;Сергей
26.03.2016;Суббота;16:29:14;5;Олег
26.03.2016;Суббота;16:27:33;10;Олег
18.03.2016;Пятница;09:18:19;50;oku
18.03.2016;Пятница;09:16:44;1;oku
07.03.2016;Понедельник;18:36:48;59;ольга
07.03.2016;Понедельник;12:36:06;40;Елена
07.03.2016;Понедельник;12:24:27;55;Дмитрий
07.03.2016;Понедельник;12:22:59;55;Дмитрий
23.02.2016;Вторник;12:30:41;0;Данил
23.02.2016;Вторник;10:06:14;5;Илья
22.02.2016;Понедельник;14:40:37;0;Jerry
10.01.2016;Воскресенье;17:32:20;2;Лидия
10.01.2016;Воскресенье;15:09:47;10;АннА
09.01.2016;Суббота;22:41:03;10;Илья
09.01.2016;Суббота;19:58:28;15;Татьяна
09.01.2016;Суббота;17:48:56;50;Наталья
09.01.2016;Суббота;17:18:36;32;Лена
09.01.2016;Суббота;10:53:23;10;сергей
09.01.2016;Суббота;10:40:06;2;татьяна
09.01.2016;Суббота;09:49:51;2;Михаил
08.01.2016;Пятница;21:17:20;2;Елена
08.01.2016;Пятница;18:19:30;30;Яр
08.01.2016;Пятница;17:43:07;240;елена
08.01.2016;Пятница;17:18:14;200;Ру
08.01.2016;Пятница;15:53:26;;серж
08.01.2016;Пятница;14:37:41;300;АлексейАК
08.01.2016;Пятница;14:27:20;300;Анна
08.01.2016;Пятница;13:34:18;30;Анна
08.01.2016;Пятница;12:53:12;80;П
08.01.2016;Пятница;12:53:08;250;Компания
07.01.2016;Четверг;15:56:05;8;Timur
07.01.2016;Четверг;14:59:52;30;Лиля
07.01.2016;Четверг;11:32:32;20;Александр
07.01.2016;Четверг;11:29:22;25;Алексей
07.01.2016;Четверг;10:46:02;0;Боцман
06.01.2016;Среда;11:08:58;10;Ирина
04.01.2016;Понедельник;20:24:10;10;Максим
04.01.2016;Понедельник;16:38:18;10;Ира
04.01.2016;Понедельник;16:37:03;10;Ира
04.01.2016;Понедельник;10:50:25;15;Татьяна
03.01.2016;Воскресенье;13:20:42;20;Лидия
02.01.2016;Суббота;11:12:09;5;Ольга
05.12.2015;Суббота;16:51:51;80;Алексей
26.11.2015;Четверг;18:40:54;10;oku
16.11.2015;Понедельник;08:59:55;60;Вячеслав
07.11.2015;Суббота;15:45:36;150;Алексей
07.11.2015;Суббота;15:35:43;;Алексей
05.11.2015;Четверг;16:21:44;1;Олег
04.11.2015;Среда;19:35:35;40;Ола
25.10.2015;Воскресенье;17:16:41;0;Кирилл
13.09.2015;Воскресенье;16:13:27;2;оля
24.08.2015;Понедельник;17:22:16;6;сергей
09.08.2015;Воскресенье;19:37:23;1;Юля
05.08.2015;Среда;17:36:06;2;С
02.08.2015;Воскресенье;14:30:50;50;Тигр
01.08.2015;Суббота;13:55:54;10;Ольга
28.07.2015;Вторник;17:12:52;0;Галина
27.07.2015;Понедельник;19:48:56;2;Юля
26.07.2015;Воскресенье;18:10:21;5;Юрий
25.07.2015;Суббота;14:56:33;30;Ilya VLDRi
25.07.2015;Суббота;11:02:53;;Вера
20.07.2015;Понедельник;12:19:16;5;Александр
19.07.2015;Воскресенье;17:52:14;80;Serg
19.07.2015;Воскресенье;17:36:18;25;Алина
19.07.2015;Воскресенье;12:30:00;30;oku
12.07.2015;Воскресенье;18:58:44;3;Денис
11.07.2015;Суббота;17:06:19;0;Alex
06.07.2015;Понедельник;09:20:22;;Денис
05.07.2015;Воскресенье;16:58:55;0;тт
05.07.2015;Воскресенье;16:14:43;6;Леонидас
28.06.2015;Воскресенье;20:12:57;0;CKuB
28.06.2015;Воскресенье;20:10:31;1;CKuB
15.06.2015;Понедельник;14:19:25;40;Cherny
14.06.2015;Воскресенье;16:11:16;250;www.LL78.ru
14.06.2015;Воскресенье;15:48:37;200;Елена
14.06.2015;Воскресенье;15:47:50;;Елена
14.06.2015;Воскресенье;14:59:35;300;Алексей
14.06.2015;Воскресенье;14:52:12;100;Леонид
14.06.2015;Воскресенье;11:49:12;100;сергей
14.06.2015;Воскресенье;11:40:18;;Светогорец
14.06.2015;Воскресенье;09:58:17;100;надя
29.05.2015;Пятница;19:00:59;0;Таня
11.05.2015;Понедельник;15:34:15;;Гала
11.05.2015;Понедельник;13:48:50;40;Денис
04.05.2015;Понедельник;14:42:08;100;Анна
04.05.2015;Понедельник;14:12:51;40;хомяк
04.05.2015;Понедельник;14:10:28;70;archie
03.05.2015;Воскресенье;20:27:24;2;Каримовы
03.05.2015;Воскресенье;17:32:01;5;Михаил
02.05.2015;Суббота;17:26:36;50;oku
02.05.2015;Суббота;12:12:36;1;Муха
01.05.2015;Пятница;09:12:35;3;www.LL78.ru
25.04.2015;Суббота;21:39:19;5;oku
25.04.2015;Суббота;18:36:13;2;владимир
25.04.2015;Суббота;05:36:49;0;www.ll78.ru
18.04.2015;Суббота;19:20:08;5;www.ll78.ru
18.04.2015;Суббота;16:16:58;4;Анна
11.04.2015;Суббота;13:38:21;0;Александр
04.04.2015;Суббота;17:44:14;10;oky
31.03.2015;Вторник;21:38:39;0;oku
28.03.2015;Суббота;10:45:29;8;АН
23.03.2015;Понедельник;15:55:43;0;www.ll78.ru
09.03.2015;Понедельник;16:12:07;;Александр
09.03.2015;Понедельник;13:28:01;50;Татьяна
09.03.2015;Понедельник;11:53:45;20;Татьяна
08.03.2015;Воскресенье;23:49:50;0;Шурик
12.01.2015;Понедельник;16:10:08;3;Виталий
11.01.2015;Воскресенье;14:49:47;7;Мефистофель
11.01.2015;Воскресенье;11:44:16;0;Спартак-чемпион
11.01.2015;Воскресенье;08:59:14;2;Lusi
10.01.2015;Суббота;16:36:55;5;Дмитрий
10.01.2015;Суббота;16:13:39;80;Владимир
10.01.2015;Суббота;15:14:59;6;Ирина
10.01.2015;Суббота;14:46:16;;Мах
10.01.2015;Суббота;14:22:59;;Андрей
10.01.2015;Суббота;14:10:04;15;Антон
10.01.2015;Суббота;14:09:12;100;Андрей
10.01.2015;Суббота;12:15:42;50;Юлич
10.01.2015;Суббота;11:28:13;1;Владимир
10.01.2015;Суббота;11:24:18;1;Владимир
10.01.2015;Суббота;11:24:17;1;Владимир
10.01.2015;Суббота;10:55:07;10;саша
09.01.2015;Пятница;20:49:20;250;Алекс
09.01.2015;Пятница;19:40:02;;Юлия
09.01.2015;Пятница;19:40:02;;Юлия
09.01.2015;Пятница;18:21:42;4;Юлия
09.01.2015;Пятница;17:32:26;0;555Yaroslav
09.01.2015;Пятница;17:05:04;;Natali
09.01.2015;Пятница;10:04:01;1;Миха
08.01.2015;Четверг;20:12:12;1;Евгения
08.01.2015;Четверг;20:11:51;1;Евгения
08.01.2015;Четверг;14:30:41;0;kst
08.01.2015;Четверг;11:32:23;10;Сергей
06.01.2015;Вторник;16:43:50;1;Дмитрий
06.01.2015;Вторник;11:11:27;;костя
05.01.2015;Понедельник;19:05:20;10;Валерия
05.01.2015;Понедельник;17:29:07;100;Евгения
04.01.2015;Воскресенье;20:31:59;0;Мишаня
04.01.2015;Воскресенье;15:57:56;4;D
04.01.2015;Воскресенье;14:52:09;10;fix
04.01.2015;Воскресенье;14:52:07;80;арчи
04.01.2015;Воскресенье;10:08:20;0;Дарья
03.01.2015;Суббота;11:19:26;2;Женя
02.01.2015;Пятница;09:39:50;1;Павел
19.12.2014;Пятница;10:40:00;3;Таня
23.11.2014;Воскресенье;20:38:02;220;Алла
16.11.2014;Воскресенье;10:32:50;60;николай
04.11.2014;Вторник;18:14:08;;Александр
04.11.2014;Вторник;18:10:52;;Татьяна
04.11.2014;Вторник;14:02:34;130;Мэйсон
04.11.2014;Вторник;12:40:14;;ольга
04.11.2014;Вторник;12:29:09;100;Татьяна
04.11.2014;Вторник;12:21:30;200;Ст
04.11.2014;Вторник;11:56:02;10;Сергей
04.11.2014;Вторник;11:40:21;100;повтор
04.11.2014;Вторник;11:38:17;;покаместный
04.11.2014;Вторник;11:32:30;80;Вован
04.11.2014;Вторник;10:21:05;20;дима
04.11.2014;Вторник;09:12:05;12;Дмитрий
03.11.2014;Понедельник;22:15:28;;Екатерина
03.11.2014;Понедельник;21:18:44;;аноним
03.11.2014;Понедельник;21:17:02;;Егор
03.11.2014;Понедельник;21:15:11;180;Егор
03.11.2014;Понедельник;20:31:35;;35878
03.11.2014;Понедельник;20:19:48;;35878
03.11.2014;Понедельник;20:03:54;;Саня
03.11.2014;Понедельник;19:56:43;;Алексей
03.11.2014;Понедельник;19:56:10;;Егор
03.11.2014;Понедельник;19:14:29;300;юля
03.11.2014;Понедельник;19:01:19;;Вит
03.11.2014;Понедельник;19:01:15;;серж
03.11.2014;Понедельник;18:35:15;;Сергей
03.11.2014;Понедельник;18:21:13;;вит
03.11.2014;Понедельник;18:06:46;350;я
03.11.2014;Понедельник;17:59:38;300;я
03.11.2014;Понедельник;17:36:09;;Михаил
03.11.2014;Понедельник;17:31:29;;Алена
03.11.2014;Понедельник;16:59:01;200;юрий
03.11.2014;Понедельник;16:56:37;;Вит
03.11.2014;Понедельник;16:20:06;150;роман
03.11.2014;Понедельник;15:59:46;;юрий
03.11.2014;Понедельник;14:36:46;200;AK
03.11.2014;Понедельник;13:41:30;90;Иван
29.10.2014;Среда;19:45:36;9;Олег
29.10.2014;Среда;19:45:04;9;Олег
25.10.2014;Суббота;18:35:37;2;motyara
25.10.2014;Суббота;15:30:17;4;Сергей
24.10.2014;Пятница;14:20:17;25;julia
23.10.2014;Четверг;23:53:13;50;Пекка
23.10.2014;Четверг;15:38:16;100;Хозяин
23.10.2014;Четверг;10:47:55;35;Денис
22.10.2014;Среда;22:14:29;5;Анна
19.10.2014;Воскресенье;14:08:54;200;форд эскапе
19.10.2014;Воскресенье;14:05:20;400;катя
19.10.2014;Воскресенье;12:18:11;200;юрий
18.10.2014;Суббота;14:53:15;3;Marlon
17.10.2014;Пятница;22:26:33;20;Игорь
14.10.2014;Вторник;21:59:01;60;Поночка
12.10.2014;Воскресенье;18:53:52;20;Ксения
12.10.2014;Воскресенье;18:53:37;20;Ксения
12.10.2014;Воскресенье;16:47:24;;Светлана
12.10.2014;Воскресенье;15:23:10;0;андрей nadyr
12.10.2014;Воскресенье;15:22:04;0;андрей nadyr
12.10.2014;Воскресенье;06:51:50;50;Альберт
11.10.2014;Суббота;15:50:14;60;Анатолий
11.10.2014;Суббота;14:27:53;60;Глеб
10.10.2014;Пятница;13:09:22;5;467
09.10.2014;Четверг;00:14:50;57;Зоя
08.10.2014;Среда;23:09:21;78;Игорь
06.10.2014;Понедельник;19:12:57;6;Алиса
05.10.2014;Воскресенье;17:32:05;0;Олег
05.10.2014;Воскресенье;17:27:35;0;Олег
04.10.2014;Суббота;14:21:48;18;Максим
02.10.2014;Четверг;14:27:06;75;капитан Флинт
30.09.2014;Вторник;16:34:52;19;Алексей
28.09.2014;Воскресенье;13:54:24;50;Lewis
21.09.2014;Воскресенье;16:28:18;10;Мавел
21.09.2014;Воскресенье;15:32:45;200;зефир
21.09.2014;Воскресенье;15:32:12;40;Александр
20.09.2014;Суббота;15:47:30;70;серж
16.09.2014;Вторник;14:03:38;50;рено
14.09.2014;Воскресенье;21:41:11;50;Вова
14.09.2014;Воскресенье;19:34:17;100;Татьяна
14.09.2014;Воскресенье;15:49:32;60;Галина
14.09.2014;Воскресенье;13:33:47;100;Игорь
14.09.2014;Воскресенье;13:33:29;150;Rallyphil
14.09.2014;Воскресенье;13:07:11;50;Татьяна
09.09.2014;Вторник;21:41:24;30;андрей
08.09.2014;Понедельник;23:30:52;200;летчик
07.09.2014;Воскресенье;20:31:56;100;Татьяна
07.09.2014;Воскресенье;19:41:06;;Мария
07.09.2014;Воскресенье;19:00:10;250;Волк
07.09.2014;Воскресенье;18:36:35;250;Татьяна
07.09.2014;Воскресенье;17:43:42;15;Константин
07.09.2014;Воскресенье;11:57:07;1;Максим
07.09.2014;Воскресенье;09:35:53;4;Андрей
06.09.2014;Суббота;17:00:25;1;Михаил
05.09.2014;Пятница;11:05:48;;wbhvbtbty
02.09.2014;Вторник;18:13:06;0;alph
31.08.2014;Воскресенье;23:43:48;1;Валерий
31.08.2014;Воскресенье;19:00:15;0;Александр
31.08.2014;Воскресенье;15:36:04;;Linn
31.08.2014;Воскресенье;09:37:24;8;Константин
31.08.2014;Воскресенье;09:30:23;0;Максим
31.08.2014;Воскресенье;08:38:03;100;Петр
31.08.2014;Воскресенье;08:35:33;;АН
31.08.2014;Воскресенье;08:30:40;;Андрей
31.08.2014;Воскресенье;08:29:08;100;тарас
31.08.2014;Воскресенье;07:15:32;;Пирожок
30.08.2014;Суббота;22:44:44;1;Андрей
30.08.2014;Суббота;22:11:56;4;Сергей
30.08.2014;Суббота;20:31:08;1;Илона
30.08.2014;Суббота;20:18:37;0;Игорь
30.08.2014;Суббота;20:17:02;0;Анастасия
30.08.2014;Суббота;20:07:20;1;Натка
30.08.2014;Суббота;17:25:29;;Игорь
30.08.2014;Суббота;16:37:48;;Илья
30.08.2014;Суббота;16:12:07;;Сапсантранс
30.08.2014;Суббота;15:52:36;;АНДРЕЙ
30.08.2014;Суббота;15:14:55;;samogid
30.08.2014;Суббота;06:48:31;;Игорь
28.08.2014;Четверг;13:51:10;25;Светлана
25.08.2014;Понедельник;06:31:37;1;екатерина
24.08.2014;Воскресенье;19:46:35;60;dshulgin
24.08.2014;Воскресенье;18:12:03;110;OdaN
24.08.2014;Воскресенье;14:18:46;10;настя
19.08.2014;Вторник;10:27:41;5;Hogfather
18.08.2014;Понедельник;17:55:51;7;Юлия
17.08.2014;Воскресенье;17:14:40;1;Роман
17.08.2014;Воскресенье;13:37:29;1;Ульяна
16.08.2014;Суббота;19:41:11;50;Jerry
16.08.2014;Суббота;19:23:49;50;Pps
16.08.2014;Суббота;18:19:02;17;Татьяна
16.08.2014;Суббота;14:18:13;40;Пежо
10.08.2014;Воскресенье;12:52:42;;Зевс
10.08.2014;Воскресенье;11:26:43;9;Эд
08.08.2014;Пятница;13:16:21;1;Александр
03.08.2014;Воскресенье;18:58:13;0;Яна
03.08.2014;Воскресенье;16:20:27;7;Maxim
02.08.2014;Суббота;21:03:51;10;Фрилендер 555
02.08.2014;Суббота;16:22:01;10;Ас
02.08.2014;Суббота;13:30:30;3;Киттикэтина
31.07.2014;Четверг;20:10:28;0;alph
27.07.2014;Воскресенье;14:49:38;1;Лена
27.07.2014;Воскресенье;13:33:32;;Вячеслав
27.07.2014;Воскресенье;13:06:36;;Вячеслав
27.07.2014;Воскресенье;13:01:25;30;Вячеслав
26.07.2014;Суббота;12:52:13;15;Костя
26.07.2014;Суббота;12:23:06;10;Дмитрий
23.07.2014;Среда;17:27:02;2;Юлия
21.07.2014;Понедельник;19:40:43;1;Ольга
21.07.2014;Понедельник;07:53:33;0;Наталья
20.07.2014;Воскресенье;19:31:09;2;Sveta
20.07.2014;Воскресенье;18:53:28;50;Ольга
20.07.2014;Воскресенье;18:26:15;10;dimm
20.07.2014;Воскресенье;17:09:39;10;Роман
20.07.2014;Воскресенье;08:17:41;80;дед
19.07.2014;Суббота;19:12:03;35;александр
19.07.2014;Суббота;19:06:57;;Клавдия
19.07.2014;Суббота;18:40:46;15;Boroda
19.07.2014;Суббота;17:43:50;;Алекс
19.07.2014;Суббота;15:42:58;30;Жора
13.07.2014;Воскресенье;19:27:59;20;Игорь
13.07.2014;Воскресенье;19:27:27;20;Игорь
13.07.2014;Воскресенье;19:27:21;20;Игорь
12.07.2014;Суббота;16:33:17;0;Диана
06.07.2014;Воскресенье;16:48:11;0;Роман
02.07.2014;Среда;16:57:10;1;Николай
01.07.2014;Вторник;08:46:43;0;Наталья
29.06.2014;Воскресенье;20:00:41;1;Юлия
28.06.2014;Суббота;12:51:33;0;aylivex
26.06.2014;Четверг;22:16:04;1;Галина
25.06.2014;Среда;13:39:32;10;Аня
22.06.2014;Воскресенье;12:11:36;5;alex
22.06.2014;Воскресенье;10:19:13;120;Борис
16.06.2014;Понедельник;10:33:50;12;flyeye
15.06.2014;Воскресенье;18:45:07;17;марина
15.06.2014;Воскресенье;17:07:45;;Vila
15.06.2014;Воскресенье;15:55:21;1;Алина
15.06.2014;Воскресенье;15:34:27;;Ольга
15.06.2014;Воскресенье;15:23:03;1;Hogfather
15.06.2014;Воскресенье;15:18:41;500;надя
15.06.2014;Воскресенье;15:17:05;1;Hogfather
15.06.2014;Воскресенье;15:09:32;350;ангелина
15.06.2014;Воскресенье;15:03:48;450;марина
15.06.2014;Воскресенье;14:51:49;15;Alex
15.06.2014;Воскресенье;14:50:34;350;Сергей
15.06.2014;Воскресенье;14:42:43;300;миша
15.06.2014;Воскресенье;14:11:50;50;dimm
15.06.2014;Воскресенье;12:51:54;50;kirp
15.06.2014;Воскресенье;12:49:42;60;kirp
15.06.2014;Воскресенье;12:42:04;40;Галина
15.06.2014;Воскресенье;12:24:54;20;Вера
15.06.2014;Воскресенье;12:17:34;35;Вика
15.06.2014;Воскресенье;11:51:09;5;Евгения
14.06.2014;Суббота;21:36:25;10;RA
14.06.2014;Суббота;19:17:27;130;дима
14.06.2014;Суббота;18:51:08;130;Таня
14.06.2014;Суббота;18:23:13;200;Денис
14.06.2014;Суббота;18:16:44;50;Slava
14.06.2014;Суббота;17:24:41;6;Lanachka
14.06.2014;Суббота;13:56:16;5;Олег
14.06.2014;Суббота;12:58:00;1;маруся27
14.06.2014;Суббота;12:38:31;10;Фокус
13.06.2014;Пятница;21:36:38;30;1
13.06.2014;Пятница;20:46:31;5;Алекс
13.06.2014;Пятница;19:13:38;5;Екатерина
13.06.2014;Пятница;17:16:45;8;zemly
13.06.2014;Пятница;13:31:19;60;ManjaPerfect
12.06.2014;Четверг;20:24:04;5;Денис
12.06.2014;Четверг;18:09:22;1;Kwagga
08.06.2014;Воскресенье;10:08:07;1;Николай
02.06.2014;Понедельник;20:34:07;2;света
31.05.2014;Суббота;14:35:16;4;1
24.05.2014;Суббота;11:56:38;0;Алексей
12.05.2014;Понедельник;16:52:42;50;Я
10.05.2014;Суббота;20:33:18;2;Надин
10.05.2014;Суббота;15:55:36;15;Kwagga
10.05.2014;Суббота;14:28:41;;Света
10.05.2014;Суббота;14:25:09;;Света
10.05.2014;Суббота;13:31:31;20;Dim
08.05.2014;Четверг;21:11:37;0;Я
04.05.2014;Воскресенье;15:57:36;40;Штирлиц
04.05.2014;Воскресенье;14:41:07;250;честер
04.05.2014;Воскресенье;14:25:13;100;я
04.05.2014;Воскресенье;13:04:58;60;Денис
04.05.2014;Воскресенье;12:56:31;30;Глеб
04.05.2014;Воскресенье;12:56:22;30;Глеб
04.05.2014;Воскресенье;12:44:51;120;маша
03.05.2014;Суббота;22:16:03;5;Игорь
03.05.2014;Суббота;19:43:17;5;Чайка
03.05.2014;Суббота;19:24:09;5;Игорь
03.05.2014;Суббота;16:57:39;30;Андрей
03.05.2014;Суббота;16:53:04;100;Камил
03.05.2014;Суббота;15:41:26;15;Маринуля
03.05.2014;Суббота;15:33:06;250;123
03.05.2014;Суббота;14:57:31;200;сергей
03.05.2014;Суббота;14:24:36;200;Надежда
03.05.2014;Суббота;14:06:59;;Оксана
03.05.2014;Суббота;14:03:36;200;Александр
02.05.2014;Пятница;19:00:02;;Вероника
02.05.2014;Пятница;16:09:40;50;Дмитрий
27.04.2014;Воскресенье;13:36:46;;Сергей
27.04.2014;Воскресенье;13:26:15;2;Сергей
26.04.2014;Суббота;17:27:08;1;Оксана
19.04.2014;Суббота;11:42:54;0;Анна
14.04.2014;Понедельник;16:17:14;1;Алиса
14.04.2014;Понедельник;16:13:40;1;Алиса
13.04.2014;Воскресенье;13:56:26;40;Зевс
13.04.2014;Воскресенье;12:43:45;30;дима
13.04.2014;Воскресенье;12:27:33;100;Vitaly
13.04.2014;Воскресенье;12:26:12;40;Vitaly
01.04.2014;Вторник;17:44:43;1;Mustang
01.04.2014;Вторник;17:38:37;0;Mustang
30.03.2014;Воскресенье;17:51:25;5;сергей
30.03.2014;Воскресенье;17:21:57;10;зефир
30.03.2014;Воскресенье;17:21:57;10;зефир
30.03.2014;Воскресенье;16:04:42;4;Кирилл
30.03.2014;Воскресенье;12:47:42;30;Андрей
29.03.2014;Суббота;17:26:57;25;Николай
29.03.2014;Суббота;14:23:26;50;Катерина
28.03.2014;Пятница;13:56:52;35;Леха
28.03.2014;Пятница;13:56:51;35;Леха
27.03.2014;Четверг;15:35:33;100;ВВ
22.03.2014;Суббота;18:39:48;1;Алексей
16.03.2014;Воскресенье;15:10:03;20;Анна
10.03.2014;Понедельник;21:32:31;60;Возитель
10.03.2014;Понедельник;17:35:10;200;Эд
10.03.2014;Понедельник;17:21:17;300;михаил
10.03.2014;Понедельник;16:29:25;250;169-й
10.03.2014;Понедельник;15:38:38;400;Людвиг
10.03.2014;Понедельник;15:34:23;360;Алексей
10.03.2014;Понедельник;14:40:20;;Ксения
10.03.2014;Понедельник;14:38:50;360;Виктория Валент-на
10.03.2014;Понедельник;14:37:54;180;Петюня
10.03.2014;Понедельник;14:25:24;250;Партизан
10.03.2014;Понедельник;13:47:04;50;Ник
10.03.2014;Понедельник;13:08:16;450;Максим
10.03.2014;Понедельник;12:52:03;230;Партизае
10.03.2014;Понедельник;12:40:48;150;Илья и Вальтрон
10.03.2014;Понедельник;12:03:06;50;Андрей
10.03.2014;Понедельник;11:45:31;50;Сергей
10.03.2014;Понедельник;11:16:56;20;Панда
10.03.2014;Понедельник;06:45:31;10;Сергей
09.03.2014;Воскресенье;11:27:25;2;Даниил
08.03.2014;Суббота;04:44:13;0;Alex
02.03.2014;Воскресенье;15:07:49;1;Наталья
23.02.2014;Воскресенье;11:08:19;40;Игорь
22.02.2014;Суббота;16:19:16;115;лёлик
22.02.2014;Суббота;13:59:00;30;Марина
21.02.2014;Пятница;20:44:38;24;я
21.02.2014;Пятница;20:39:41;27;Шурик
21.02.2014;Пятница;20:31:01;30;Шурик
21.02.2014;Пятница;09:03:43;;лариса
16.02.2014;Воскресенье;20:31:34;10;толя
16.02.2014;Воскресенье;11:49:20;0;Az
15.02.2014;Суббота;18:24:49;540;Юрий
15.02.2014;Суббота;18:22:11;300;Сергей
15.02.2014;Суббота;17:47:01;500;Артем
15.02.2014;Суббота;17:46:47;500;Артем
15.02.2014;Суббота;17:31:36;540;Анна
15.02.2014;Суббота;17:10:17;500;Сергей
15.02.2014;Суббота;17:01:21;500;Сергей
15.02.2014;Суббота;15:08:09;500;Артем
15.02.2014;Суббота;15:03:08;1080;николай
15.02.2014;Суббота;14:58:01;1790;Джеки
15.02.2014;Суббота;13:06:17;360;Сергей
12.02.2014;Среда;13:26:33;25;Стас
09.02.2014;Воскресенье;11:03:34;50;Сергей
09.02.2014;Воскресенье;10:33:58;50;Татьяна
09.02.2014;Воскресенье;10:02:22;25;Татьяна
08.02.2014;Суббота;18:23:44;84;Владимир
06.02.2014;Четверг;17:38:00;10;Alvi
02.02.2014;Воскресенье;13:12:36;42;Павел
02.02.2014;Воскресенье;12:55:19;10;Timur
18.01.2014;Суббота;13:22:28;15;Маринуля
17.01.2014;Пятница;13:18:49;10;Ага
15.01.2014;Среда;20:13:36;50;Naval
15.01.2014;Среда;18:48:10;20;Алексей
15.01.2014;Среда;12:27:08;14;Боб
14.01.2014;Вторник;19:48:09;0;Гуго
14.01.2014;Вторник;11:02:53;;Галина
13.01.2014;Понедельник;13:24:04;6;ВЕ
12.01.2014;Воскресенье;17:11:05;3;Алексей
12.01.2014;Воскресенье;11:18:25;35;Олег
12.01.2014;Воскресенье;10:17:29;20;Марк
11.01.2014;Суббота;19:42:26;12;Еду
11.01.2014;Суббота;19:18:28;80;Ксю
11.01.2014;Суббота;18:32:17;;ал
11.01.2014;Суббота;18:12:13;100;Наталья
11.01.2014;Суббота;17:38:09;;Влад
11.01.2014;Суббота;17:29:54;;Гоша
11.01.2014;Суббота;16:57:33;;Пупс
11.01.2014;Суббота;16:03:43;80;А
11.01.2014;Суббота;15:52:52;60;Оксана
11.01.2014;Суббота;15:50:02;100;Юлия
11.01.2014;Суббота;15:01:15;35;chudok
11.01.2014;Суббота;15:00:54;100;Yuriy
11.01.2014;Суббота;12:54:58;20;Т
11.01.2014;Суббота;12:50:35;20;Дмитрий
11.01.2014;Суббота;12:44:01;10;Дим
11.01.2014;Суббота;11:09:05;10;сергей
11.01.2014;Суббота;10:32:41;150;Фаина
11.01.2014;Суббота;10:29:54;30;Фаина
11.01.2014;Суббота;10:29:54;30;Фаина
11.01.2014;Суббота;10:26:15;150;Джеки
11.01.2014;Суббота;10:15:40;27;Наташа
11.01.2014;Суббота;09:22:20;20;сергей
11.01.2014;Суббота;09:14:41;25;Роман
10.01.2014;Пятница;21:18:19;6;микка
10.01.2014;Пятница;21:01:55;1;дмитрий
10.01.2014;Пятница;20:56:04;3;Вадим
10.01.2014;Пятница;19:13:45;17;гарик
10.01.2014;Пятница;16:33:14;25;Ма
10.01.2014;Пятница;15:20:08;28;Дворник
10.01.2014;Пятница;15:03:19;20;Дарья
10.01.2014;Пятница;12:20:42;10;Лариса
09.01.2014;Четверг;18:12:43;0;серж
09.01.2014;Четверг;14:49:09;20;Valery
09.01.2014;Четверг;11:11:23;;ЖЖ
08.01.2014;Среда;22:47:53;3;Skif2310
08.01.2014;Среда;20:24:49;4;Влад
08.01.2014;Среда;18:47:38;2;Юлия
08.01.2014;Среда;16:48:41;;Дмитрий
08.01.2014;Среда;16:35:23;;Игорь
08.01.2014;Среда;16:00:17;4;Вася
08.01.2014;Среда;15:33:06;10;Дмитрий
08.01.2014;Среда;15:28:08;;Gendalf
08.01.2014;Среда;15:18:21;1;Виталий
08.01.2014;Среда;15:13:46;1;Виталий
08.01.2014;Среда;14:57:13;10;марио
08.01.2014;Среда;14:17:15;70;Денис
08.01.2014;Среда;13:45:31;25;Татьяна
08.01.2014;Среда;13:02:11;20;Мария
08.01.2014;Среда;11:28:28;44;Анатолий
08.01.2014;Среда;11:28:00;5;ирина
08.01.2014;Среда;10:44:36;2;Svetaso
08.01.2014;Среда;07:45:56;4;Ольга
07.01.2014;Вторник;21:36:01;20;Ольга
07.01.2014;Вторник;19:45:05;100;Лизавета
07.01.2014;Вторник;19:11:40;25;andrew
07.01.2014;Вторник;18:36:16;100;Мы
07.01.2014;Вторник;17:51:15;3;Саня
07.01.2014;Вторник;17:45:59;100;kate
07.01.2014;Вторник;17:34:14;150;Катя
07.01.2014;Вторник;17:30:33;1;Сергей
07.01.2014;Вторник;17:15:33;150;Натали
07.01.2014;Вторник;16:26:28;120;elektriki24.ru
07.01.2014;Вторник;16:25:11;150;elektriki24.ru
07.01.2014;Вторник;16:05:53;;Главный робот
07.01.2014;Вторник;16:04:35;100;AMD
07.01.2014;Вторник;15:34:14;;Главный робот
07.01.2014;Вторник;14:50:18;17;Тина
07.01.2014;Вторник;14:33:26;30;Мих
07.01.2014;Вторник;13:59:33;170;Сергей
07.01.2014;Вторник;13:53:03;100;АлексейАК
07.01.2014;Вторник;13:23:40;50;виктор
07.01.2014;Вторник;12:43:53;14;витя
07.01.2014;Вторник;12:16:23;3;Алексей 5 минут
07.01.2014;Вторник;11:28:15;25;Илья
07.01.2014;Вторник;10:19:53;7;Марат
06.01.2014;Понедельник;22:21:31;3;Оль
06.01.2014;Понедельник;21:15:21;5;Инна
06.01.2014;Понедельник;21:15:04;5;Иннв
06.01.2014;Понедельник;20:22:07;;Андрей
06.01.2014;Понедельник;20:01:01;;Алена
06.01.2014;Понедельник;19:56:56;;Ольга
06.01.2014;Понедельник;18:03:06;30;виктор
06.01.2014;Понедельник;17:04:59;0;Владимир
06.01.2014;Понедельник;16:17:42;50;Я
06.01.2014;Понедельник;15:59:35;;D
06.01.2014;Понедельник;15:33:46;25;Леонид
06.01.2014;Понедельник;15:30:48;50;Ярослав
06.01.2014;Понедельник;15:28:22;50;Ярослав
06.01.2014;Понедельник;15:12:01;23;Павел
06.01.2014;Понедельник;14:58:24;10;Шурик
06.01.2014;Понедельник;14:27:51;10;Я
06.01.2014;Понедельник;13:56:09;;леонид
05.01.2014;Воскресенье;20:37:55;6;Кристина
05.01.2014;Воскресенье;19:54:01;;Шкодник
05.01.2014;Воскресенье;17:17:54;12;Владимир
05.01.2014;Воскресенье;16:54:22;3;Юлия
05.01.2014;Воскресенье;16:05:00;15;александр
05.01.2014;Воскресенье;16:02:50;100;Андрей
05.01.2014;Воскресенье;15:31:53;90;nilya
05.01.2014;Воскресенье;15:19:29;15;Алексей
05.01.2014;Воскресенье;15:04:18;70;nilya
05.01.2014;Воскресенье;14:38:36;45;Татьяна
05.01.2014;Воскресенье;14:14:24;15;yks
05.01.2014;Воскресенье;14:07:14;100;Kokpiter
05.01.2014;Воскресенье;12:42:00;5;Александр
05.01.2014;Воскресенье;11:11:54;25;Dima
05.01.2014;Воскресенье;11:11:15;35;Юрий
04.01.2014;Суббота;22:17:38;10;Максим
04.01.2014;Суббота;20:20:56;2;Леонид
04.01.2014;Суббота;20:10:24;;мигрэ
04.01.2014;Суббота;17:43:38;100;Юля
04.01.2014;Суббота;17:37:33;;Дарья
04.01.2014;Суббота;17:22:17;;Ирина
04.01.2014;Суббота;17:21:36;;Ирина
04.01.2014;Суббота;16:38:40;100;Юля
04.01.2014;Суббота;16:07:17;100;Женя
04.01.2014;Суббота;15:43:38;100;Светлана и дед мороз
04.01.2014;Суббота;15:27:17;;Винни
04.01.2014;Суббота;14:35:05;;ника
04.01.2014;Суббота;14:32:43;;Марина
04.01.2014;Суббота;13:33:56;;Татьяна
04.01.2014;Суббота;13:23:05;456;Саша
04.01.2014;Суббота;12:54:19;50;Иришка
04.01.2014;Суббота;12:44:38;70;Евгений
04.01.2014;Суббота;11:14:01;40;Василий
04.01.2014;Суббота;11:07:12;120;Галина
03.01.2014;Пятница;19:52:32;15;Ол
03.01.2014;Пятница;16:17:43;400;Квадро на Моне
03.01.2014;Пятница;15:49:07;300;Серега
03.01.2014;Пятница;15:29:31;;Александр
03.01.2014;Пятница;12:42:17;200;Dmitry
03.01.2014;Пятница;12:39:00;50;Маша
02.01.2014;Четверг;23:18:15;3;Икс
02.01.2014;Четверг;20:55:01;5;Ирина
02.01.2014;Четверг;20:54:46;5;Ирина
02.01.2014;Четверг;16:57:21;30;станислав
02.01.2014;Четверг;14:09:12;10;sam
02.01.2014;Четверг;13:29:15;100;sam
02.01.2014;Четверг;12:27:17;5;ruz
30.12.2013;Понедельник;16:34:51;;татьяна
23.12.2013;Понедельник;16:44:43;35;Светлана
23.12.2013;Понедельник;16:00:17;360;Vlad
23.12.2013;Понедельник;14:29:46;270;александр
23.12.2013;Понедельник;14:04:32;100;Trssrv
23.12.2013;Понедельник;13:52:54;67;Olesya
22.12.2013;Воскресенье;11:17:24;20;Сид Вишез
21.12.2013;Суббота;14:58:03;0;Марина
21.12.2013;Суббота;11:48:59;80;Вероника
18.12.2013;Среда;16:22:14;100;Злой
18.12.2013;Среда;15:36:26;;Мася
18.12.2013;Среда;13:50:55;180;Максим
18.12.2013;Среда;13:23:49;60;Lili
17.12.2013;Вторник;17:40:40;180;Тина
17.12.2013;Вторник;16:36:28;300;Сергей
17.12.2013;Вторник;16:34:28;120;Люк
17.12.2013;Вторник;16:19:27;270;Nik
17.12.2013;Вторник;16:18:18;250;Иван
17.12.2013;Вторник;16:13:27;100;Wasko
17.12.2013;Вторник;16:11:40;200;Ольга
17.12.2013;Вторник;15:15:53;60;Люк
16.12.2013;Понедельник;16:25:12;15;Нис
15.12.2013;Воскресенье;14:13:01;35;Сергей
15.12.2013;Воскресенье;13:10:06;150;Тоха
15.12.2013;Воскресенье;10:29:19;100;Ивар
14.12.2013;Суббота;20:49:39;50;maria
14.12.2013;Суббота;20:42:26;70;к
14.12.2013;Суббота;20:02:00;;Евгений
14.12.2013;Суббота;19:50:04;250;Override
14.12.2013;Суббота;19:19:48;;Юлия
14.12.2013;Суббота;18:51:39;200;Override
14.12.2013;Суббота;18:50:46;;Крутышка
14.12.2013;Суббота;18:47:06;590;Константин
14.12.2013;Суббота;18:41:29;;татьяна
14.12.2013;Суббота;18:28:45;900;ольга
14.12.2013;Суббота;17:46:28;340;Кристина
14.12.2013;Суббота;17:32:22;;Катерина
14.12.2013;Суббота;17:32:13;1000;Тима
14.12.2013;Суббота;17:29:06;;Евгений
14.12.2013;Суббота;17:21:48;720;Роман
14.12.2013;Суббота;16:44:12;;Ольга
14.12.2013;Суббота;13:54:09;67;Андрей
13.12.2013;Пятница;18:28:53;35;Andrey
13.12.2013;Пятница;15:23:16;50;Сергей
13.12.2013;Пятница;14:52:46;84;Сергей
12.12.2013;Четверг;19:22:56;20;Harley
12.12.2013;Четверг;16:16:09;84;ВЕ
10.12.2013;Вторник;16:19:47;35;Сергей
10.12.2013;Вторник;15:46:24;220;Марина
08.12.2013;Воскресенье;12:06:36;25;Наталия
08.12.2013;Воскресенье;12:02:01;50;Алексей
08.12.2013;Воскресенье;11:18:27;20;Алексей
07.12.2013;Суббота;17:51:05;17;Никита
07.12.2013;Суббота;14:38:43;300;Нина
07.12.2013;Суббота;14:18:27;60;Zzzz
01.12.2013;Воскресенье;16:22:36;50;Диско
01.12.2013;Воскресенье;15:56:24;;Светлана
01.12.2013;Воскресенье;15:38:43;100;Юлия
01.12.2013;Воскресенье;13:49:41;34;Сергей
30.11.2013;Суббота;19:07:55;1;Таня
30.11.2013;Суббота;17:50:41;25;Леонид
30.11.2013;Суббота;16:53:27;100;Антон
30.11.2013;Суббота;16:51:19;120;Апельсин
30.11.2013;Суббота;15:52:40;;Виктор
30.11.2013;Суббота;15:45:13;420;Апельсин
30.11.2013;Суббота;15:34:13;390;катя
30.11.2013;Суббота;15:01:08;;Алексей
30.11.2013;Суббота;12:27:25;180;ksu
28.11.2013;Четверг;13:56:45;0;Андрей
28.11.2013;Четверг;11:12:05;30;angry russian
27.11.2013;Среда;14:32:04;5;Андрей
27.11.2013;Среда;12:11:23;80;Артур
25.11.2013;Понедельник;16:58:32;0;alex
24.11.2013;Воскресенье;12:20:00;80;андрей
24.11.2013;Воскресенье;12:09:50;60;Олеся
23.11.2013;Суббота;19:32:49;3;Vlad
23.11.2013;Суббота;18:04:00;10;Андрей
23.11.2013;Суббота;16:56:32;220;Илья864
23.11.2013;Суббота;15:43:44;180;Артур
20.11.2013;Среда;15:01:16;15;yks
20.11.2013;Среда;13:22:16;40;Игорь
17.11.2013;Воскресенье;16:47:38;10;Андрей
17.11.2013;Воскресенье;13:50:27;50;Ян
17.11.2013;Воскресенье;12:27:45;10;Татьяна
17.11.2013;Воскресенье;07:09:20;50;Юля
16.11.2013;Суббота;16:54:27;170;Андрей
16.11.2013;Суббота;16:20:59;360;Макасин
16.11.2013;Суббота;10:19:17;35;ксю
14.11.2013;Четверг;21:17:17;7;Абрамыч
14.11.2013;Четверг;14:37:28;20;Андрей
14.11.2013;Четверг;14:18:22;50;Абрамыч
10.11.2013;Воскресенье;16:38:45;10;Kostya
10.11.2013;Воскресенье;15:22:00;15;alex
10.11.2013;Воскресенье;15:17:39;50;Юля
10.11.2013;Воскресенье;13:15:30;90;One In
10.11.2013;Воскресенье;11:48:30;100;Vovan
10.11.2013;Воскресенье;10:38:44;;Шура
10.11.2013;Воскресенье;06:38:38;3;Дарина
09.11.2013;Суббота;19:53:00;270;Роман
09.11.2013;Суббота;19:49:40;;Витьба
09.11.2013;Суббота;19:47:02;;ВМ
09.11.2013;Суббота;18:56:57;300;илья
09.11.2013;Суббота;18:38:29;400;саша
09.11.2013;Суббота;18:05:55;100;Оля
09.11.2013;Суббота;17:52:15;300;илья
09.11.2013;Суббота;17:50:21;400;саша
09.11.2013;Суббота;17:49:15;;такпросто
09.11.2013;Суббота;17:37:34;150;илья
09.11.2013;Суббота;16:32:36;140;Марина
09.11.2013;Суббота;16:21:01;;Лилия
09.11.2013;Суббота;16:08:29;400;Марина
09.11.2013;Суббота;16:03:10;20;Андрей
09.11.2013;Суббота;15:48:01;500;кк
09.11.2013;Суббота;14:25:28;;Ната
09.11.2013;Суббота;14:06:19;180;лени
09.11.2013;Суббота;13:37:50;300;Андрей
09.11.2013;Суббота;13:21:15;250;Илья
09.11.2013;Суббота;13:06:18;50;Оля
09.11.2013;Суббота;12:12:35;10;Андрей
09.11.2013;Суббота;11:13:49;30;Донна Роза
08.11.2013;Пятница;14:22:03;250;я
08.11.2013;Пятница;11:34:22;;Александра
08.11.2013;Пятница;10:56:31;50;Iv
07.11.2013;Четверг;17:51:42;280;Сергей
07.11.2013;Четверг;16:40:10;350;Ирэн
07.11.2013;Четверг;14:38:17;200;Олег
07.11.2013;Четверг;14:07:22;;Сева
07.11.2013;Четверг;11:20:56;30;Гоша
07.11.2013;Четверг;11:19:55;30;Гоша
06.11.2013;Среда;14:46:46;70;Сергей
06.11.2013;Среда;14:45:52;70;Сергей
06.11.2013;Среда;10:25:56;;Андрей
05.11.2013;Вторник;12:41:19;270;Андрей
05.11.2013;Вторник;11:31:09;20;Алексей
05.11.2013;Вторник;11:22:58;50;Директор
05.11.2013;Вторник;05:20:35;0;Виталий
05.11.2013;Вторник;02:01:29;0;Виталий
04.11.2013;Понедельник;22:41:32;0;РомаиЛена
04.11.2013;Понедельник;21:16:02;0;Нина
04.11.2013;Понедельник;20:40:59;10;Татьяна
04.11.2013;Понедельник;20:35:24;5;АЛЕКСАНДР
04.11.2013;Понедельник;20:17:10;50;петр
04.11.2013;Понедельник;19:30:28;250;Елена
04.11.2013;Понедельник;19:30:28;;Ника
04.11.2013;Понедельник;19:01:03;150;михаил
04.11.2013;Понедельник;18:39:57;200;михаил
04.11.2013;Понедельник;18:25:45;;Анна
04.11.2013;Понедельник;17:52:41;900;Юлия
04.11.2013;Понедельник;17:29:54;;Роман
04.11.2013;Понедельник;17:17:41;200;Анна
04.11.2013;Понедельник;17:13:36;500;Елена
04.11.2013;Понедельник;17:05:15;150;Мари
04.11.2013;Понедельник;16:52:46;;элла
04.11.2013;Понедельник;16:10:44;;Гадкий Я
04.11.2013;Понедельник;15:59:31;800;Андрей
04.11.2013;Понедельник;15:42:14;500;Филипп
04.11.2013;Понедельник;15:39:51;;Легионер
04.11.2013;Понедельник;15:32:20;750;Василий
04.11.2013;Понедельник;15:22:18;900;Мария
04.11.2013;Понедельник;15:21:31;;nagranitse.ru
04.11.2013;Понедельник;15:17:43;900;Маня
04.11.2013;Понедельник;14:53:02;540;Сапсантранс
04.11.2013;Понедельник;14:44:22;300;вячеслав
04.11.2013;Понедельник;14:43:01;300;Анна
04.11.2013;Понедельник;14:39:11;200;Марина
04.11.2013;Понедельник;14:16:12;;наталия
04.11.2013;Понедельник;14:13:56;;Ольга
04.11.2013;Понедельник;14:06:44;300;Михаил
04.11.2013;Понедельник;14:05:15;540;Вадим
04.11.2013;Понедельник;14:01:23;;Легионер
04.11.2013;Понедельник;13:50:50;;СКА
04.11.2013;Понедельник;13:25:34;;Надя
04.11.2013;Понедельник;13:16:15;560;Елена
04.11.2013;Понедельник;13:11:42;500;Марина
04.11.2013;Понедельник;13:04:24;180;serg
04.11.2013;Понедельник;12:13:57;;Анна
04.11.2013;Понедельник;11:59:23;;Анастасия
04.11.2013;Понедельник;11:16:55;400;Ирина
04.11.2013;Понедельник;10:51:59;84;алексей
04.11.2013;Понедельник;09:29:12;35;андрей
03.11.2013;Воскресенье;21:22:57;;Екатерина
03.11.2013;Воскресенье;18:55:54;;Белый Клык
03.11.2013;Воскресенье;18:46:24;300;Роман
03.11.2013;Воскресенье;18:42:42;540;Белый Клык
03.11.2013;Воскресенье;18:20:50;500;Терпеливый
03.11.2013;Воскресенье;17:53:47;;Диана
03.11.2013;Воскресенье;17:33:52;;Мария
03.11.2013;Воскресенье;17:24:21;200;Nadya
03.11.2013;Воскресенье;17:20:50;720;Мария
03.11.2013;Воскресенье;17:17:29;500;kufzuk
03.11.2013;Воскресенье;17:07:06;540;Юлия
03.11.2013;Воскресенье;16:53:57;;Юрий
03.11.2013;Воскресенье;15:54:25;270;кап
03.11.2013;Воскресенье;15:42:42;720;Игорь
03.11.2013;Воскресенье;15:40:34;720;Игорь
03.11.2013;Воскресенье;15:24:06;;Олег
31.10.2013;Четверг;12:46:27;30;Вики
27.10.2013;Воскресенье;17:56:08;150;Вадим
27.10.2013;Воскресенье;16:40:29;100;Дмитрий
27.10.2013;Воскресенье;16:36:30;150;эд
27.10.2013;Воскресенье;15:39:52;;Валерич
27.10.2013;Воскресенье;14:12:19;50;Виктор
27.10.2013;Воскресенье;14:08:10;84;виктор
26.10.2013;Суббота;16:41:57;;Игорян
26.10.2013;Суббота;16:18:08;150;Игорян
26.10.2013;Суббота;12:21:35;;Oluk
24.10.2013;Четверг;18:52:05;150;Q7
24.10.2013;Четверг;16:05:32;200;ОЛЬГА
23.10.2013;Среда;12:45:54;84;Настя
20.10.2013;Воскресенье;18:31:02;3;ABC
20.10.2013;Воскресенье;12:39:26;50;Павел
20.10.2013;Воскресенье;12:14:56;10;Анна
19.10.2013;Суббота;17:17:39;70;Андрей
19.10.2013;Суббота;16:50:13;50;Лилиана
19.10.2013;Суббота;16:43:51;84;марлон
19.10.2013;Суббота;15:52:34;;Вася
19.10.2013;Суббота;14:39:45;60;Юлия
15.10.2013;Вторник;14:24:07;60;Вера
14.10.2013;Понедельник;17:56:00;3;Крис
14.10.2013;Понедельник;12:40:03;10;Антон
13.10.2013;Воскресенье;19:38:56;2;Алексей
13.10.2013;Воскресенье;18:19:22;180;сергей
13.10.2013;Воскресенье;16:17:34;360;Андрей
13.10.2013;Воскресенье;15:49:27;500;Алекс
13.10.2013;Воскресенье;15:42:42;600;Александр
13.10.2013;Воскресенье;15:33:30;34;Роман
12.10.2013;Суббота;18:52:10;270;еа
12.10.2013;Суббота;16:42:54;150;Mad
12.10.2013;Суббота;15:48:20;;Лера
12.10.2013;Суббота;15:20:08;155;Николай
12.10.2013;Суббота;14:38:29;150;доктор
12.10.2013;Суббота;14:13:56;180;доктор
12.10.2013;Суббота;10:37:20;40;Сергей
11.10.2013;Пятница;13:12:05;30;Андрей
09.10.2013;Среда;15:44:45;50;Федор
06.10.2013;Воскресенье;21:30:57;4;КАМАЗ
06.10.2013;Воскресенье;15:31:42;50;александр
06.10.2013;Воскресенье;13:59:34;270;alex
06.10.2013;Воскресенье;12:14:37;50;Сергей
06.10.2013;Воскресенье;11:53:43;30;натали
05.10.2013;Суббота;21:02:19;120;Midas
05.10.2013;Суббота;19:51:33;;сапсанранс
05.10.2013;Суббота;19:46:59;;Дмитрий
05.10.2013;Суббота;18:10:51;350;Александра
05.10.2013;Суббота;17:57:28;180;Владимир
05.10.2013;Суббота;17:14:49;;Арсений
05.10.2013;Суббота;16:58:39;;Арсений
05.10.2013;Суббота;16:43:49;400;Кристина
05.10.2013;Суббота;14:22:16;30;Алексей
29.09.2013;Воскресенье;17:01:52;10;Наталья
29.09.2013;Воскресенье;15:56:30;;Денис
29.09.2013;Воскресенье;12:17:13;15;Женя
29.09.2013;Воскресенье;07:57:18;10;Антон
28.09.2013;Суббота;19:37:37;10;A3b5
28.09.2013;Суббота;18:21:15;30;Anton
28.09.2013;Суббота;16:53:17;200;Murzilka
28.09.2013;Суббота;16:11:47;100;Валерий
27.09.2013;Пятница;13:21:34;12;виктор
23.09.2013;Понедельник;10:07:46;2;soso
22.09.2013;Воскресенье;21:32:38;20;Smol
22.09.2013;Воскресенье;20:18:34;500;Alex
22.09.2013;Воскресенье;19:52:08;;Кира
22.09.2013;Воскресенье;19:03:38;180;Зефирыч
22.09.2013;Воскресенье;18:52:34;;Я
22.09.2013;Воскресенье;18:39:41;210;Зефирыч
22.09.2013;Воскресенье;18:15:33;350;Миловишна
22.09.2013;Воскресенье;17:46:36;330;Зефирыч
22.09.2013;Воскресенье;15:39:02;;Мэйсон
22.09.2013;Воскресенье;15:36:41;200;Папа
22.09.2013;Воскресенье;14:59:17;400;АлексейАК
22.09.2013;Воскресенье;14:06:35;200;Олег
22.09.2013;Воскресенье;14:04:04;;Ползун
22.09.2013;Воскресенье;13:43:39;150;Андрей
22.09.2013;Воскресенье;13:31:12;270;Bob
21.09.2013;Суббота;18:03:29;360;Настя
21.09.2013;Суббота;18:01:22;270;Konst
21.09.2013;Суббота;16:11:28;200;Anton
21.09.2013;Суббота;14:35:28;300;кетрин
21.09.2013;Суббота;13:48:49;450;Ан
18.09.2013;Среда;14:18:22;8;Николай
16.09.2013;Понедельник;13:09:39;20;Ольга
15.09.2013;Воскресенье;16:55:56;110;Александр
15.09.2013;Воскресенье;13:59:41;200;леший
15.09.2013;Воскресенье;10:23:52;20;Лена
15.09.2013;Воскресенье;08:20:15;80;миша
14.09.2013;Суббота;16:23:05;30;Александр
14.09.2013;Суббота;16:22:14;200;Сергей
09.09.2013;Понедельник;12:11:41;4;Alex97
08.09.2013;Воскресенье;21:08:59;40;Дракулаура
08.09.2013;Воскресенье;20:46:40;45;Alexandre
08.09.2013;Воскресенье;20:15:38;20;Ксения
08.09.2013;Воскресенье;18:54:42;300;ольга
08.09.2013;Воскресенье;18:32:49;340;Елена
08.09.2013;Воскресенье;16:39:52;200;Шкода
08.09.2013;Воскресенье;16:28:16;;Никита
08.09.2013;Воскресенье;15:51:35;200;АлексейАК
08.09.2013;Воскресенье;13:13:56;50;Владимир
08.09.2013;Воскресенье;10:36:21;45;Николай
08.09.2013;Воскресенье;09:48:13;100;Sasha
07.09.2013;Суббота;21:09:34;0;серж
07.09.2013;Суббота;21:00:45;12;серж
07.09.2013;Суббота;18:14:38;;Павел
07.09.2013;Суббота;15:50:00;140;Дмитрий
07.09.2013;Суббота;10:38:08;55;aleks
05.09.2013;Четверг;16:35:19;200;al
01.09.2013;Воскресенье;17:27:32;30;Анна
01.09.2013;Воскресенье;15:34:10;;Андрей
01.09.2013;Воскресенье;14:37:26;60;AleX
01.09.2013;Воскресенье;13:48:23;50;Bublllgum
01.09.2013;Воскресенье;13:23:57;50;Anton
01.09.2013;Воскресенье;12:09:14;25;андрей
01.09.2013;Воскресенье;10:03:00;40;Алексей
31.08.2013;Суббота;19:53:10;40;Игорь В
31.08.2013;Суббота;15:12:08;20;Ира
31.08.2013;Суббота;11:12:25;50;алекс
26.08.2013;Понедельник;11:43:03;20;Сергей
25.08.2013;Воскресенье;23:15:33;0;Abc
25.08.2013;Воскресенье;20:53:22;7;Марина
25.08.2013;Воскресенье;17:34:43;360;Дарья
25.08.2013;Воскресенье;17:06:47;300;Ленусик
25.08.2013;Воскресенье;17:02:54;300;Татьяна
25.08.2013;Воскресенье;16:04:51;;Валерия
25.08.2013;Воскресенье;13:33:41;220;xxx
25.08.2013;Воскресенье;11:15:16;17;joh
25.08.2013;Воскресенье;09:31:50;105;lara
25.08.2013;Воскресенье;06:49:14;96;eva
25.08.2013;Воскресенье;05:35:53;60;lara
24.08.2013;Суббота;20:57:44;200;Наталия
24.08.2013;Суббота;18:36:01;180;юля
24.08.2013;Суббота;17:24:33;450;Екатерина
24.08.2013;Суббота;16:09:18;40;Mitriy
24.08.2013;Суббота;12:31:24;70;Артём
24.08.2013;Суббота;12:24:49;42;Тарас
20.08.2013;Вторник;18:12:01;10;Mars
20.08.2013;Вторник;15:35:39;8;ник
20.08.2013;Вторник;12:35:07;10;222
20.08.2013;Вторник;12:16:34;10;Андрей
19.08.2013;Понедельник;16:48:07;7;Che
19.08.2013;Понедельник;13:57:01;3;костя
18.08.2013;Воскресенье;18:59:53;25;Павел
18.08.2013;Воскресенье;18:42:56;80;Павел
18.08.2013;Воскресенье;18:00:58;300;Фейк
18.08.2013;Воскресенье;17:46:28;67;Михаил
18.08.2013;Воскресенье;15:17:41;;Елена
17.08.2013;Суббота;18:58:27;20;Рыжая
17.08.2013;Суббота;18:45:40;150;Kot
17.08.2013;Суббота;17:45:08;80;тыц
17.08.2013;Суббота;17:33:52;60;yks
17.08.2013;Суббота;15:14:43;300;васек
17.08.2013;Суббота;14:21:20;60;Сергей
17.08.2013;Суббота;12:50:58;50;Sol
17.08.2013;Суббота;12:30:05;100;romandc
16.08.2013;Пятница;18:03:11;10;deadline
14.08.2013;Среда;19:50:54;0;Навальный
13.08.2013;Вторник;20:35:56;5;ArtemKa
13.08.2013;Вторник;15:43:50;0;ВЕ
12.08.2013;Понедельник;10:34:25;30;Дмитрий
11.08.2013;Воскресенье;20:00:56;4;Павел
11.08.2013;Воскресенье;19:54:40;1;Abc
11.08.2013;Воскресенье;18:57:20;100;Вероника
11.08.2013;Воскресенье;17:45:33;40;Имя
11.08.2013;Воскресенье;17:40:35;30;Имя
11.08.2013;Воскресенье;16:04:30;50;Юлия
11.08.2013;Воскресенье;15:06:44;40;Юрий
11.08.2013;Воскресенье;15:00:36;;Алена
11.08.2013;Воскресенье;13:14:28;50;Юлия
11.08.2013;Воскресенье;12:41:36;30;Леонид
11.08.2013;Воскресенье;10:22:22;;мурзик
11.08.2013;Воскресенье;09:26:26;40;Kot
10.08.2013;Суббота;20:13:50;23;Дмитрий
10.08.2013;Суббота;14:59:13;80;mikespb
10.08.2013;Суббота;14:13:02;20;behebot
09.08.2013;Пятница;20:59:06;35;Lokogirl
07.08.2013;Среда;14:49:17;15;Григорий
05.08.2013;Понедельник;17:13:01;20;Алексей
05.08.2013;Понедельник;16:34:20;15;Олег
05.08.2013;Понедельник;15:44:35;20;миша
05.08.2013;Понедельник;14:35:35;10;Кирилл
04.08.2013;Воскресенье;20:02:56;;Главный робот
04.08.2013;Воскресенье;19:46:57;10;Санёк
04.08.2013;Воскресенье;10:41:26;40;Наташа
03.08.2013;Суббота;18:51:35;20;aylivex
03.08.2013;Суббота;17:38:40;20;Кристина
03.08.2013;Суббота;15:32:30;67;Pilot
03.08.2013;Суббота;15:10:12;34;Pilot
03.08.2013;Суббота;11:37:14;30;Олег
29.07.2013;Понедельник;21:41:40;4;SC
28.07.2013;Воскресенье;19:31:06;0;Timur
28.07.2013;Воскресенье;00:20:50;2;Александр
27.07.2013;Суббота;17:10:41;80;Александра
27.07.2013;Суббота;17:09:10;15;Александра
27.07.2013;Суббота;12:23:27;100;Фил
26.07.2013;Пятница;09:59:43;4;Павел
26.07.2013;Пятница;01:12:53;7;Марина
23.07.2013;Вторник;21:43:32;67;Кирилл
22.07.2013;Понедельник;20:35:24;5;SC
21.07.2013;Воскресенье;18:58:36;0;Дмитрий
21.07.2013;Воскресенье;13:51:43;60;Андрей
21.07.2013;Воскресенье;12:54:34;70;Павел
21.07.2013;Воскресенье;10:25:43;8;Сергей
20.07.2013;Суббота;20:13:39;5;алексей
20.07.2013;Суббота;17:30:45;10;Garik
20.07.2013;Суббота;16:31:04;30;Ирина
20.07.2013;Суббота;15:54:14;40;Лара
18.07.2013;Четверг;12:24:43;20;Егор
15.07.2013;Понедельник;19:34:02;14;Полина
15.07.2013;Понедельник;17:37:33;10;АСе
15.07.2013;Понедельник;15:46:36;30;Саша
15.07.2013;Понедельник;11:48:22;5;Мария
15.07.2013;Понедельник;10:02:57;3;денис
14.07.2013;Воскресенье;18:03:41;;zemly
14.07.2013;Воскресенье;16:48:41;30;Мари
14.07.2013;Воскресенье;16:21:17;50;Галина
14.07.2013;Воскресенье;12:57:17;150;Павел
13.07.2013;Суббота;19:34:55;;А
13.07.2013;Суббота;19:21:24;15;Kamputik
13.07.2013;Суббота;19:03:42;25;Ал
13.07.2013;Суббота;14:53:09;150;Fixi
13.07.2013;Суббота;12:52:03;150;McS
13.07.2013;Суббота;11:13:17;110;Наталья
12.07.2013;Пятница;11:17:09;15;Skoda
11.07.2013;Четверг;18:40:55;0;Кузя
07.07.2013;Воскресенье;19:32:26;15;Павел
07.07.2013;Воскресенье;15:34:44;30;макс
07.07.2013;Воскресенье;14:58:06;25;•••8611
04.07.2013;Четверг;15:40:57;20;сергей
04.07.2013;Четверг;12:38:55;10;ВЕ
02.07.2013;Вторник;20:19:21;7;Сергей
01.07.2013;Понедельник;19:57:12;30;Denis
30.06.2013;Воскресенье;17:06:00;5;alex
29.06.2013;Суббота;20:06:01;0;катерина
29.06.2013;Суббота;11:39:09;40;Esa
26.06.2013;Среда;20:04:47;7;Сергей
26.06.2013;Среда;14:49:49;150;роман
23.06.2013;Воскресенье;21:45:46;0;Павел
23.06.2013;Воскресенье;12:17:02;5;Толик
23.06.2013;Воскресенье;11:25:14;20;Юрий
20.06.2013;Четверг;13:45:35;180;юрик
18.06.2013;Вторник;16:35:31;120;михаил
18.06.2013;Вторник;12:56:25;6;Никита
17.06.2013;Понедельник;14:36:04;200;роман
16.06.2013;Воскресенье;19:47:15;35;Павел
16.06.2013;Воскресенье;17:15:28;;Василий
16.06.2013;Воскресенье;14:37:56;150;Сергей
16.06.2013;Воскресенье;13:04:37;170;Иван
15.06.2013;Суббота;23:44:51;5;oku
15.06.2013;Суббота;21:18:49;12;Сергей
15.06.2013;Суббота;17:31:11;25;Andrey
15.06.2013;Суббота;16:12:42;25;Владимир актион
12.06.2013;Среда;14:03:55;100;George
12.06.2013;Среда;13:53:17;30;Света
12.06.2013;Среда;13:28:36;;Светлана
12.06.2013;Среда;13:21:04;;Аня
12.06.2013;Среда;12:36:24;;А
10.06.2013;Понедельник;17:43:11;5;alex
10.06.2013;Понедельник;16:16:04;100;А
09.06.2013;Воскресенье;17:47:09;5;Сергей
09.06.2013;Воскресенье;16:04:51;7;Турист
08.06.2013;Суббота;20:01:27;5;Юлия
03.06.2013;Понедельник;15:34:05;150;Стася
01.06.2013;Суббота;16:21:39;30;Михаил
01.06.2013;Суббота;15:24:59;27;Василий
01.06.2013;Суббота;15:12:26;40;Сергей
27.05.2013;Понедельник;14:13:03;10;Alvi
26.05.2013;Воскресенье;15:25:42;25;Brusman
18.05.2013;Суббота;16:31:57;50;Максимка
18.05.2013;Суббота;15:57:09;193;Атос
18.05.2013;Суббота;15:48:14;30;Михаил
17.05.2013;Пятница;02:02:34;150;Димон
12.05.2013;Воскресенье;16:38:06;0;Алексей
12.05.2013;Воскресенье;16:13:30;20;Kosta
12.05.2013;Воскресенье;14:32:00;15;Lena
12.05.2013;Воскресенье;12:05:58;12;Н
12.05.2013;Воскресенье;10:45:20;7;Алина
12.05.2013;Воскресенье;09:22:13;3;Елена
12.05.2013;Воскресенье;01:26:48;0;Наталия
11.05.2013;Суббота;21:33:05;;Элис
11.05.2013;Суббота;21:33:04;;Элис
11.05.2013;Суббота;21:14:05;;аноним
11.05.2013;Суббота;20:48:20;;Главный робот
11.05.2013;Суббота;20:45:11;;Главный робот
11.05.2013;Суббота;20:41:09;220;Леша
11.05.2013;Суббота;20:39:06;;Главный робот
11.05.2013;Суббота;20:30:16;180;Павел
11.05.2013;Суббота;20:30:02;;Nad
11.05.2013;Суббота;19:53:58;310;Andy
11.05.2013;Суббота;18:41:20;200;Роман
11.05.2013;Суббота;17:40:11;200;Александр
11.05.2013;Суббота;17:04:09;100;Олеся
11.05.2013;Суббота;16:36:47;;Наташа
11.05.2013;Суббота;15:58:27;;Наталия
11.05.2013;Суббота;14:37:36;150;Елена
11.05.2013;Суббота;14:02:54;100;Еленка
11.05.2013;Суббота;14:01:34;300;Свет
11.05.2013;Суббота;13:59:15;;Елена
11.05.2013;Суббота;12:43:36;50;Vital
10.05.2013;Пятница;18:40:58;100;Сема
10.05.2013;Пятница;17:47:51;80;Е
10.05.2013;Пятница;17:46:34;170;diomas
10.05.2013;Пятница;17:40:24;130;4х4
10.05.2013;Пятница;16:54:59;100;Sergey 898
10.05.2013;Пятница;13:19:35;40;Шкодовод
09.05.2013;Четверг;17:28:32;0;Nick
08.05.2013;Среда;15:50:13;5;antara
05.05.2013;Воскресенье;19:34:31;10;Сергей
05.05.2013;Воскресенье;14:50:47;;к
05.05.2013;Воскресенье;14:24:14;5;yks
05.05.2013;Воскресенье;13:45:44;50;ArSoron
05.05.2013;Воскресенье;12:23:16;30;Speed
05.05.2013;Воскресенье;11:43:43;5;Владимир
04.05.2013;Суббота;23:32:04;0;Екатерина
04.05.2013;Суббота;18:29:05;10;tomahawk
04.05.2013;Суббота;17:55:51;20;Vlad
04.05.2013;Суббота;17:54:37;15;Наталья
04.05.2013;Суббота;16:30:14;15;Наталья
04.05.2013;Суббота;16:21:54;15;Наталья
04.05.2013;Суббота;14:10:38;100;Nat
04.05.2013;Суббота;13:38:17;65;555Yaroslav
04.05.2013;Суббота;13:28:19;38;leva
04.05.2013;Суббота;12:35:52;50;E
03.05.2013;Пятница;22:38:52;2;денис
03.05.2013;Пятница;21:23:09;20;Женя
03.05.2013;Пятница;21:00:25;60;unrealalex
03.05.2013;Пятница;20:35:31;60;Lokogirl
03.05.2013;Пятница;20:22:35;50;Мария
03.05.2013;Пятница;19:07:57;20;солнышко
03.05.2013;Пятница;18:58:41;50;безУхов
03.05.2013;Пятница;15:49:10;300;ГАЛИНА
03.05.2013;Пятница;13:51:43;100;черный кашкай
03.05.2013;Пятница;13:30:59;50;Oleh
03.05.2013;Пятница;13:17:57;500;Злой
03.05.2013;Пятница;12:52:27;470;Андрей
02.05.2013;Четверг;21:51:43;0;Тигра
02.05.2013;Четверг;14:49:01;150;женя
02.05.2013;Четверг;13:51:08;50;женя
02.05.2013;Четверг;13:06:04;20;Сергей
01.05.2013;Среда;15:39:32;5;roadcam
28.04.2013;Воскресенье;13:32:06;45;ns
23.04.2013;Вторник;13:24:44;5;webcam
21.04.2013;Воскресенье;17:07:01;5;alex
21.04.2013;Воскресенье;15:49:11;25;Денис
21.04.2013;Воскресенье;14:47:00;50;юрий боб
21.04.2013;Воскресенье;14:27:34;25;Михаил
21.04.2013;Воскресенье;13:15:44;20;E1
21.04.2013;Воскресенье;12:53:00;20;e1
20.04.2013;Суббота;11:45:32;15;Николай
16.04.2013;Вторник;16:05:35;5;Алексей
16.04.2013;Вторник;16:05:00;;yks
16.04.2013;Вторник;13:17:28;50;мойдодыр
15.04.2013;Понедельник;16:24:47;0;aec
13.04.2013;Суббота;19:10:09;20;Иван
13.04.2013;Суббота;15:21:35;150;Таня
13.04.2013;Суббота;15:08:21;150;дедмазай
13.04.2013;Суббота;15:00:37;150;дедмазай
13.04.2013;Суббота;12:42:06;150;BublllGum
06.04.2013;Суббота;16:26:46;50;макм
06.04.2013;Суббота;16:08:52;30;ПАС
06.04.2013;Суббота;12:59:52;15;влад
03.04.2013;Среда;13:21:04;5;Бродяга
31.03.2013;Воскресенье;16:31:33;5;сергей
31.03.2013;Воскресенье;14:33:51;50;MadMax
30.03.2013;Суббота;11:12:27;30;tom
29.03.2013;Пятница;15:38:53;1;Ярослав556
28.03.2013;Четверг;17:27:41;75;олег
28.03.2013;Четверг;16:11:09;50;Nick
28.03.2013;Четверг;15:48:41;50;дима
27.03.2013;Среда;18:03:02;10;alex
27.03.2013;Среда;17:59:31;250;Колосов
27.03.2013;Среда;17:40:28;30;некто
27.03.2013;Среда;15:39:12;30;грешник 543
25.03.2013;Понедельник;15:50:27;35;Зафиркин
25.03.2013;Понедельник;10:40:49;25;Роман
24.03.2013;Воскресенье;17:32:27;30;Татьяна
23.03.2013;Суббота;16:52:03;80;Тимур
23.03.2013;Суббота;13:25:36;;Виталий
23.03.2013;Суббота;11:44:44;;Лена
23.03.2013;Суббота;11:13:26;30;Глеб
22.03.2013;Пятница;15:22:02;;yks
22.03.2013;Пятница;13:11:21;30;Обратка
18.03.2013;Понедельник;08:02:58;3;Слава
17.03.2013;Воскресенье;15:35:08;15;Deno
17.03.2013;Воскресенье;13:36:55;30;кот и лиса
17.03.2013;Воскресенье;12:34:04;5;Антон
16.03.2013;Суббота;21:53:32;140;Liza
16.03.2013;Суббота;21:53:22;150;Romay
16.03.2013;Суббота;16:07:30;;Ник
16.03.2013;Суббота;15:12:36;50;Владимир
13.03.2013;Среда;14:24:43;12;Dmitry
11.03.2013;Понедельник;14:50:11;26;svetaso
11.03.2013;Понедельник;14:15:42;25;Слон
10.03.2013;Воскресенье;19:26:29;2;Николай
10.03.2013;Воскресенье;18:37:45;5;Сергей
10.03.2013;Воскресенье;16:22:52;35;Роман
10.03.2013;Воскресенье;13:01:26;120;Сергей
10.03.2013;Воскресенье;10:50:10;60;Павел
09.03.2013;Суббота;19:25:20;6;Котопес
08.03.2013;Пятница;14:06:47;30;Юля
08.03.2013;Пятница;13:42:25;15;настя
08.03.2013;Пятница;11:38:22;0;Юлия
06.03.2013;Среда;12:52:52;5;Коробчонка
05.03.2013;Вторник;15:25:26;20;webcam
05.03.2013;Вторник;11:10:36;1;webcam
04.03.2013;Понедельник;11:58:20;20;Анитка
03.03.2013;Воскресенье;21:43:20;3;Мария
03.03.2013;Воскресенье;09:46:15;30;Дмитрий
02.03.2013;Суббота;11:44:55;180;Роман
01.03.2013;Пятница;10:05:41;1;webcam
28.02.2013;Четверг;11:58:27;30;Старый Хрыч
28.02.2013;Четверг;10:47:35;15;Сергей
25.02.2013;Понедельник;12:52:31;5;webcam
24.02.2013;Воскресенье;17:06:33;5;Сергей
24.02.2013;Воскресенье;13:18:03;30;джетта
23.02.2013;Суббота;15:46:02;15;Homer
23.02.2013;Суббота;14:31:34;80;Сергей
23.02.2013;Суббота;13:27:50;0;Влад
22.02.2013;Пятница;10:16:01;0;webcam
21.02.2013;Четверг;18:12:42;;Антон
21.02.2013;Четверг;13:11:38;20;webcam
20.02.2013;Среда;12:46:55;10;webcam
18.02.2013;Понедельник;10:47:20;15;Александра
17.02.2013;Воскресенье;16:16:44;320;Tort1968
17.02.2013;Воскресенье;15:02:04;150;Бычок
17.02.2013;Воскресенье;14:59:41;35;Павел
17.02.2013;Воскресенье;09:44:18;10;Олег
16.02.2013;Суббота;21:13:41;;Сергей
16.02.2013;Суббота;18:06:13;;Дмитрий
16.02.2013;Суббота;15:32:46;540;Ольга
16.02.2013;Суббота;15:27:51;110;epine
16.02.2013;Суббота;14:20:51;100;Влад
16.02.2013;Суббота;13:52:05;80;Антон
16.02.2013;Суббота;13:42:34;50;Антон
16.02.2013;Суббота;11:57:02;20;Таня
15.02.2013;Пятница;14:49:08;5;Сема
14.02.2013;Четверг;11:28:50;7;webcam
13.02.2013;Среда;09:09:15;3;webcam
12.02.2013;Вторник;17:13:24;2;webcam
12.02.2013;Вторник;10:31:01;4;webcam
10.02.2013;Воскресенье;15:11:21;15;Дмитрий
10.02.2013;Воскресенье;13:40:47;5;Александра
10.02.2013;Воскресенье;12:15:19;20;George
10.02.2013;Воскресенье;10:25:05;5;Юлия
09.02.2013;Суббота;19:13:53;1;Deno
09.02.2013;Суббота;17:27:04;7;nikolai
09.02.2013;Суббота;17:10:51;;Глеб
09.02.2013;Суббота;16:44:23;40;Фед
09.02.2013;Суббота;13:59:33;9;Andrey
09.02.2013;Суббота;12:29:49;50;п
08.02.2013;Пятница;19:16:04;3;webcam
08.02.2013;Пятница;13:01:28;7;webcam
07.02.2013;Четверг;15:36:59;6;webcam
06.02.2013;Среда;09:26:34;2;webcam
05.02.2013;Вторник;11:05:19;3;webcam
04.02.2013;Понедельник;21:53:22;2;•••6003
04.02.2013;Понедельник;21:43:58;0;•••6003
04.02.2013;Понедельник;11:44:30;1;webcam
04.02.2013;Понедельник;07:04:58;0;webcam
03.02.2013;Воскресенье;16:27:04;10;Алксандо
02.02.2013;Суббота;13:04:13;5;webcam
31.01.2013;Четверг;11:03:49;0;webcam
31.01.2013;Четверг;07:06:45;0;webcam
29.01.2013;Вторник;19:02:17;1;webcam
29.01.2013;Вторник;14:52:25;2;webcam
29.01.2013;Вторник;08:47:28;2;webcam
28.01.2013;Понедельник;14:57:12;12;webcam
27.01.2013;Воскресенье;17:17:16;4;webcam
27.01.2013;Воскресенье;14:01:25;40;Землик
27.01.2013;Воскресенье;13:07:10;70;Ka
26.01.2013;Суббота;13:27:08;16;webcam
25.01.2013;Пятница;17:57:20;0;webcam
25.01.2013;Пятница;13:37:12;3;webcam
24.01.2013;Четверг;12:35:16;4;webcam
24.01.2013;Четверг;09:30:58;3;webcam
23.01.2013;Среда;18:02:10;2;webcam
23.01.2013;Среда;14:32:51;5;webcam
22.01.2013;Вторник;14:30:17;0;Лёлик
22.01.2013;Вторник;10:58:30;2;webcam
21.01.2013;Понедельник;12:03:32;7;webcam
20.01.2013;Воскресенье;10:04:48;5;westbam
19.01.2013;Суббота;16:18:45;10;Тори
19.01.2013;Суббота;13:19:01;15;юлечка
19.01.2013;Суббота;12:41:28;7;iggy
19.01.2013;Суббота;12:41:21;7;iggy
18.01.2013;Пятница;14:55:10;5;webcam
17.01.2013;Четверг;16:27:25;6;webcam
17.01.2013;Четверг;06:29:21;0;webcam
16.01.2013;Среда;13:40:39;50;Татьяна
16.01.2013;Среда;12:45:01;10;•••0606
14.01.2013;Понедельник;18:03:32;3;webcam
14.01.2013;Понедельник;11:33:00;6;webcam
13.01.2013;Воскресенье;18:57:28;0;Аня
13.01.2013;Воскресенье;13:43:54;40;света
12.01.2013;Суббота;19:48:57;5;Сергей
12.01.2013;Суббота;18:23:45;;Алексей
12.01.2013;Суббота;15:11:27;40;Юрий
12.01.2013;Суббота;13:41:57;40;Валерчан
11.01.2013;Пятница;17:49:58;17;Nast
11.01.2013;Пятница;15:19:17;20;Света
11.01.2013;Пятница;12:40:13;40;Георгий
11.01.2013;Пятница;08:12:10;2;webcam
10.01.2013;Четверг;19:47:31;6;webcam
10.01.2013;Четверг;12:57:31;8;ngr
09.01.2013;Среда;20:15:58;7;Миша
09.01.2013;Среда;19:25:05;15;Максимус
09.01.2013;Среда;18:11:39;7;webcam
09.01.2013;Среда;14:38:03;20;андрей
09.01.2013;Среда;12:37:57;1;Юрий
09.01.2013;Среда;12:33:55;1;Cherny
09.01.2013;Среда;09:38:08;4;webcam
08.01.2013;Вторник;21:26:39;4;Сергей
08.01.2013;Вторник;20:35:56;;СПб
08.01.2013;Вторник;16:28:55;15;Таня
08.01.2013;Вторник;14:40:05;5;ольгаэ
08.01.2013;Вторник;11:49:25;50;Денис
08.01.2013;Вторник;11:43:18;40;Pirgal52
08.01.2013;Вторник;10:49:10;;Елена
08.01.2013;Вторник;10:08:47;50;Светлана
08.01.2013;Вторник;08:27:35;0;Светлана
08.01.2013;Вторник;06:45:22;10;Лено4ка
07.01.2013;Понедельник;23:05:16;0;марта
07.01.2013;Понедельник;22:41:27;10;Глеб
07.01.2013;Понедельник;21:59:31;3;Alex
07.01.2013;Понедельник;21:54:25;10;Наташа
07.01.2013;Понедельник;20:55:07;10;ольга
07.01.2013;Понедельник;20:54:02;10;Наталья
07.01.2013;Понедельник;20:26:04;;Яна
07.01.2013;Понедельник;19:55:11;2;Ella
07.01.2013;Понедельник;19:48:28;3;Котопес
07.01.2013;Понедельник;19:37:54;;Еще один москаль
07.01.2013;Понедельник;19:35:13;30;larsen
07.01.2013;Понедельник;19:19:30;10;серж
07.01.2013;Понедельник;19:17:34;50;Марина
07.01.2013;Понедельник;18:36:28;;к
07.01.2013;Понедельник;18:18:04;27;к
07.01.2013;Понедельник;17:53:51;17;Ярослав555
07.01.2013;Понедельник;17:27:16;50;Вик
07.01.2013;Понедельник;17:18:34;45;Илья
07.01.2013;Понедельник;17:09:01;30;Артем
07.01.2013;Понедельник;16:51:54;20;Владимир
07.01.2013;Понедельник;16:49:31;30;Александр
07.01.2013;Понедельник;16:45:31;30;Илья
07.01.2013;Понедельник;16:25:55;30;Роман
07.01.2013;Понедельник;13:41:18;50;Ездок
07.01.2013;Понедельник;13:40:25;4;Странник
07.01.2013;Понедельник;13:21:45;50;андрей
07.01.2013;Понедельник;12:48:52;50;андрей
07.01.2013;Понедельник;10:49:31;30;Константин
07.01.2013;Понедельник;10:17:23;;Землик
07.01.2013;Понедельник;10:14:29;20;Владимир
07.01.2013;Понедельник;10:03:26;28;Землик
07.01.2013;Понедельник;09:58:24;20;Землик
07.01.2013;Понедельник;09:56:35;20;Землик
06.01.2013;Воскресенье;20:58:20;10;skijump
06.01.2013;Воскресенье;19:40:40;2;Игорь
06.01.2013;Воскресенье;18:39:04;20;Ден
06.01.2013;Воскресенье;18:09:15;10;Олька
06.01.2013;Воскресенье;18:09:03;40;Йа
06.01.2013;Воскресенье;16:29:57;30;EgerLR
06.01.2013;Воскресенье;15:04:37;20;Мария
06.01.2013;Воскресенье;13:09:13;40;Елена
06.01.2013;Воскресенье;12:56:35;40;Дима
06.01.2013;Воскресенье;12:51:04;80;Игорь
06.01.2013;Воскресенье;12:47:04;50;Alex812
06.01.2013;Воскресенье;12:44:53;50;Катерина
06.01.2013;Воскресенье;12:40:19;2;Анна
06.01.2013;Воскресенье;12:39:37;2;Анна
06.01.2013;Воскресенье;12:09:34;15;Керим
06.01.2013;Воскресенье;12:00:59;320;Bobr
06.01.2013;Воскресенье;11:44:51;500;Сергей
06.01.2013;Воскресенье;07:51:20;3;webcam
05.01.2013;Суббота;21:13:19;;Стриж
05.01.2013;Суббота;21:12:28;10;Антон
05.01.2013;Суббота;21:04:40;20;Анастасия
05.01.2013;Суббота;20:41:05;30;•••0606
05.01.2013;Суббота;18:58:24;50;vitalforce
05.01.2013;Суббота;18:32:32;140;kst
05.01.2013;Суббота;18:23:31;70;Максим
05.01.2013;Суббота;18:16:39;;Я
05.01.2013;Суббота;18:09:04;500;Бродяга
05.01.2013;Суббота;17:42:19;;Анж
05.01.2013;Суббота;17:36:59;100;Civic
05.01.2013;Суббота;17:22:16;400;Антон
05.01.2013;Суббота;16:39:46;;Елена
05.01.2013;Суббота;15:43:43;200;Ольга
05.01.2013;Суббота;15:43:02;;Кирилл
05.01.2013;Суббота;15:13:42;120;senna
05.01.2013;Суббота;13:40:32;30;И
05.01.2013;Суббота;13:40:19;180;harakka
05.01.2013;Суббота;09:06:44;6;•••9927
04.01.2013;Пятница;23:42:17;0;webcam
04.01.2013;Пятница;21:56:14;;Сергей
04.01.2013;Пятница;21:45:57;;Сергей
04.01.2013;Пятница;21:37:46;50;ольга на клюшке
04.01.2013;Пятница;21:23:25;;BMW
04.01.2013;Пятница;21:00:57;350;ЛешаВо
04.01.2013;Пятница;20:58:35;;дмитр
04.01.2013;Пятница;20:53:53;;Greed
04.01.2013;Пятница;20:24:11;;Juh
04.01.2013;Пятница;20:01:00;500;Сергей
04.01.2013;Пятница;20:00:46;380;Greed
04.01.2013;Пятница;19:56:48;240;антон
04.01.2013;Пятница;19:46:58;180;Валера
04.01.2013;Пятница;19:44:10;450;Greed
04.01.2013;Пятница;19:19:41;;Таня
04.01.2013;Пятница;19:06:49;;Viruzzz
04.01.2013;Пятница;19:02:14;290;Aurinkoranta
04.01.2013;Пятница;18:57:57;320;Megarider
04.01.2013;Пятница;18:33:07;;Наталья
04.01.2013;Пятница;18:18:08;470;Viruzzz
04.01.2013;Пятница;17:52:48;;Даня
04.01.2013;Пятница;17:29:48;;Екатерина
04.01.2013;Пятница;17:23:46;250;Серг
04.01.2013;Пятница;17:06:03;100;Serg
04.01.2013;Пятница;16:55:06;;Злющая
04.01.2013;Пятница;16:35:54;360;Тарас
04.01.2013;Пятница;16:34:05;;Наталья
04.01.2013;Пятница;16:24:32;200;Наталья
04.01.2013;Пятница;16:17:16;540;super
04.01.2013;Пятница;15:06:49;300;Злой
04.01.2013;Пятница;15:01:53;30;Злой
04.01.2013;Пятница;14:46:11;250;Тролль
04.01.2013;Пятница;14:38:24;360;Irina
04.01.2013;Пятница;14:26:27;;30
04.01.2013;Пятница;14:20:26;100;sergey
04.01.2013;Пятница;11:57:55;60;Максим
04.01.2013;Пятница;11:22:30;100;Максим
03.01.2013;Четверг;22:23:50;0;Антон
03.01.2013;Четверг;19:40:56;10;Юля
03.01.2013;Четверг;18:02:29;10;Катерина
03.01.2013;Четверг;17:15:42;30;Виктор
03.01.2013;Четверг;17:08:22;100;Ирина
03.01.2013;Четверг;16:50:38;30;Полина
03.01.2013;Четверг;16:32:59;25;Fixi Foxy
02.01.2013;Среда;17:53:48;7;webcam
02.01.2013;Среда;13:09:07;6;webcam
01.01.2013;Вторник;13:48:06;0;webcam
31.12.2012;Понедельник;18:35:40;0;webcam
30.12.2012;Воскресенье;19:28:09;0;webcam
30.12.2012;Воскресенье;14:33:42;0;webcam
26.12.2012;Среда;15:15:35;2;webcam
26.12.2012;Среда;08:01:16;0;webcam
25.12.2012;Вторник;16:21:20;0;webcam
25.12.2012;Вторник;12:19:07;1;Илья
25.12.2012;Вторник;11:31:13;1;webcam
24.12.2012;Понедельник;22:01:20;0;webcam
24.12.2012;Понедельник;16:16:41;0;webcam
23.12.2012;Воскресенье;14:33:42;10;Е
23.12.2012;Воскресенье;11:58:25;2;webcam
22.12.2012;Суббота;13:44:36;40;webcam
22.12.2012;Суббота;10:31:42;10;vlad
21.12.2012;Пятница;20:29:25;3;sanches
21.12.2012;Пятница;16:47:03;10;ArtemKa
21.12.2012;Пятница;14:11:57;12;Алена
21.12.2012;Пятница;13:35:27;2;webcam
21.12.2012;Пятница;09:09:00;1;webcam
20.12.2012;Четверг;16:37:56;40;Александр
20.12.2012;Четверг;16:37:42;35;Кирилл
20.12.2012;Четверг;15:47:57;;Владимир
20.12.2012;Четверг;15:39:41;50;Владимир
19.12.2012;Среда;15:34:37;80;Serg
19.12.2012;Среда;10:24:09;10;webcam
18.12.2012;Вторник;17:46:22;10;ВЕ
18.12.2012;Вторник;12:23:30;27;webcam
16.12.2012;Воскресенье;20:18:01;2;FinNoid
16.12.2012;Воскресенье;13:32:51;30;Федор
16.12.2012;Воскресенье;10:15:55;40;Stan
15.12.2012;Суббота;19:03:07;50;Андрей
15.12.2012;Суббота;18:23:57;50;Опель
15.12.2012;Суббота;16:10:49;40;андрей
15.12.2012;Суббота;16:02:24;35;Илья
15.12.2012;Суббота;15:52:48;15;archie
15.12.2012;Суббота;15:06:04;12;Сергей
15.12.2012;Суббота;14:00:21;20;Кося
14.12.2012;Пятница;18:08:24;12;webcam
14.12.2012;Пятница;13:15:27;10;webcam
14.12.2012;Пятница;09:25:34;2;webcam
13.12.2012;Четверг;17:08:17;25;Mikhail
13.12.2012;Четверг;15:19:31;84;123
13.12.2012;Четверг;12:15:39;8;webcam
12.12.2012;Среда;19:07:36;4;webcam
12.12.2012;Среда;16:16:31;34;harakka
12.12.2012;Среда;13:07:45;20;webcam
11.12.2012;Вторник;20:07:00;3;webcam
11.12.2012;Вторник;13:09:10;15;Тимофей
10.12.2012;Понедельник;17:02:07;7;webcam
09.12.2012;Воскресенье;17:15:34;5;Ксения
09.12.2012;Воскресенье;14:20:58;20;Annas
09.12.2012;Воскресенье;11:19:11;7;Евгений
08.12.2012;Суббота;20:37:19;2;jeeq
08.12.2012;Суббота;20:04:56;10;жопа
08.12.2012;Суббота;18:03:38;120;енот
08.12.2012;Суббота;17:07:30;100;Dina
08.12.2012;Суббота;16:25:59;120;Egor
08.12.2012;Суббота;15:52:11;80;Ренат
08.12.2012;Суббота;15:06:52;90;Пчелка
08.12.2012;Суббота;12:15:30;0;Сергей
08.12.2012;Суббота;10:43:03;10;romandc
07.12.2012;Пятница;21:57:01;5;Protodim
07.12.2012;Пятница;17:47:28;9;webcam
07.12.2012;Пятница;12:37:37;8;webcam
06.12.2012;Четверг;13:17:44;3;webcam
05.12.2012;Среда;18:34:51;2;webcam
05.12.2012;Среда;13:07:53;8;webcam
05.12.2012;Среда;07:53:20;1;webcam
04.12.2012;Вторник;17:43:39;15;webcam
04.12.2012;Вторник;12:53:58;1;webcam
03.12.2012;Понедельник;12:55:29;15;webcam
03.12.2012;Понедельник;07:27:13;2;webcam
02.12.2012;Воскресенье;14:46:06;8;webcam
02.12.2012;Воскресенье;12:43:58;50;александр
01.12.2012;Суббота;13:56:54;5;webcam
01.12.2012;Суббота;10:36:42;10;webcam
30.11.2012;Пятница;18:56:51;3;webcam
30.11.2012;Пятница;12:26:31;3;webcam
30.11.2012;Пятница;06:56:54;0;webcam
29.11.2012;Четверг;11:36:45;5;webcam
29.11.2012;Четверг;07:46:10;0;webcam
28.11.2012;Среда;11:55:14;10;webcam
28.11.2012;Среда;06:15:57;1;webcam
27.11.2012;Вторник;19:44:18;2;webcam
27.11.2012;Вторник;13:37:56;7;webcam
27.11.2012;Вторник;10:07:58;3;webcam
27.11.2012;Вторник;05:12:27;1;webcam
26.11.2012;Понедельник;16:57:05;0;webcam
26.11.2012;Понедельник;12:15:14;5;webcam
26.11.2012;Понедельник;07:04:27;2;webcam
25.11.2012;Воскресенье;16:31:15;6;webcam
24.11.2012;Суббота;11:34:07;20;Алекс
23.11.2012;Пятница;18:34:59;4;webcam
23.11.2012;Пятница;17:06:32;10;Александр
23.11.2012;Пятница;07:25:34;1;webcam
22.11.2012;Четверг;13:33:10;12;webcam
21.11.2012;Среда;15:13:22;10;webcam
21.11.2012;Среда;10:43:16;2;webcam
20.11.2012;Вторник;12:46:58;4;webcam
20.11.2012;Вторник;08:56:50;0;webcam
19.11.2012;Понедельник;12:25:49;10;webcam
19.11.2012;Понедельник;09:15:31;0;webcam
18.11.2012;Воскресенье;12:17:22;25;Tort1968
17.11.2012;Суббота;19:29:40;;Merly
17.11.2012;Суббота;19:12:15;;Merly
17.11.2012;Суббота;19:05:05;;Merly
17.11.2012;Суббота;18:49:21;;Merly
17.11.2012;Суббота;18:28:08;200;кирилл
17.11.2012;Суббота;18:25:49;300;Сергей
17.11.2012;Суббота;18:13:19;200;Уставщий
17.11.2012;Суббота;18:00:12;;Екатерина
17.11.2012;Суббота;15:35:30;30;Павел
17.11.2012;Суббота;15:33:49;;Игорь
17.11.2012;Суббота;15:29:37;;ВеселыйСкороход
17.11.2012;Суббота;15:17:14;130;ВеселыйСкороход
16.11.2012;Пятница;15:06:36;3;webcam
16.11.2012;Пятница;05:45:32;0;webcam
15.11.2012;Четверг;18:34:27;5;webcam
15.11.2012;Четверг;15:39:44;14;•••7037
15.11.2012;Четверг;13:04:50;7;webcam
15.11.2012;Четверг;07:34:03;3;webcam
14.11.2012;Среда;18:24:16;6;webcam
14.11.2012;Среда;14:25:29;16;ВЕ
14.11.2012;Среда;07:27:36;0;webcam
13.11.2012;Вторник;07:17:47;2;webcam
12.11.2012;Понедельник;14:07:55;5;webcam
11.11.2012;Воскресенье;09:50:35;30;Dmitry Petrov
11.11.2012;Воскресенье;09:47:10;15;bugmen
10.11.2012;Суббота;20:14:14;;овен
10.11.2012;Суббота;15:02:43;100;Светлана
10.11.2012;Суббота;15:00:20;;Светлана
10.11.2012;Суббота;14:44:03;70;елена
10.11.2012;Суббота;14:37:32;250;Елена
10.11.2012;Суббота;14:37:11;250;Елена
10.11.2012;Суббота;14:07:47;20;Yury
10.11.2012;Суббота;12:52:31;100;Вячеслав
10.11.2012;Суббота;12:30:01;50;Янусик
09.11.2012;Пятница;14:11:54;50;Latvala
07.11.2012;Среда;18:12:40;30;MadMax
07.11.2012;Среда;18:09:40;34;MadMax
07.11.2012;Среда;12:05:42;8;webcam
07.11.2012;Среда;07:26:44;1;webcam
06.11.2012;Вторник;17:01:32;1;•••1019
05.11.2012;Понедельник;19:32:10;30;Грибник
05.11.2012;Понедельник;19:16:56;50;Грибник
05.11.2012;Понедельник;17:12:27;900;Сергей
05.11.2012;Понедельник;16:40:44;150;enot
05.11.2012;Понедельник;15:48:58;450;кирвас76
05.11.2012;Понедельник;15:32:34;540;andrei
05.11.2012;Понедельник;15:21:06;270;Наталья
05.11.2012;Понедельник;14:58:37;500;Шурик
05.11.2012;Понедельник;14:52:51;270;Александр
05.11.2012;Понедельник;12:48:47;120;Анна
05.11.2012;Понедельник;12:34:34;85;•••1019
05.11.2012;Понедельник;12:18:59;25;Николай
05.11.2012;Понедельник;10:46:30;45;Юля
04.11.2012;Воскресенье;17:18:01;50;Александр
04.11.2012;Воскресенье;15:59:17;5;Анна
04.11.2012;Воскресенье;15:05:48;30;Brikren
04.11.2012;Воскресенье;14:44:34;25;webcam
03.11.2012;Суббота;15:49:43;10;Ольга
03.11.2012;Суббота;15:20:38;15;Елена
02.11.2012;Пятница;13:14:06;22;webcam
02.11.2012;Пятница;09:27:00;5;webcam
01.11.2012;Четверг;20:57:14;0;ArtemKa
01.11.2012;Четверг;12:37:58;0;webcam
01.11.2012;Четверг;08:16:37;8;webcam
31.10.2012;Среда;19:40:31;5;Дмитрий
31.10.2012;Среда;16:44:44;12;webcam
31.10.2012;Среда;11:38:58;1;webcam
31.10.2012;Среда;08:28:30;0;webcam
30.10.2012;Вторник;17:26:26;1;webcam
30.10.2012;Вторник;13:36:23;1;webcam
30.10.2012;Вторник;10:16:08;4;webcam
30.10.2012;Вторник;05:56:08;1;webcam
29.10.2012;Понедельник;17:16:41;1;webcam
29.10.2012;Понедельник;16:25:00;18;granitsa-online.com
29.10.2012;Понедельник;10:14:27;3;webcam
28.10.2012;Воскресенье;06:05:15;0;webcam
27.10.2012;Суббота;19:40:34;0;webcam
27.10.2012;Суббота;18:51:29;120;Влад 555
27.10.2012;Суббота;17:07:12;120;Влад 555
27.10.2012;Суббота;17:04:03;150;анна
27.10.2012;Суббота;14:10:21;100;димончик
27.10.2012;Суббота;11:50:39;6;webcam
27.10.2012;Суббота;07:40:12;0;webcam
26.10.2012;Пятница;23:25:04;0;webcam
26.10.2012;Пятница;20:14:16;0;webcam
26.10.2012;Пятница;15:54:05;9;webcam
26.10.2012;Пятница;11:57:23;2;webcam
26.10.2012;Пятница;08:17:07;17;webcam
25.10.2012;Четверг;22:42:23;0;webcam
25.10.2012;Четверг;18:57:04;2;webcam
25.10.2012;Четверг;14:07:57;10;webcam
25.10.2012;Четверг;10:25:18;1;webcam
25.10.2012;Четверг;06:46:29;0;webcam
24.10.2012;Среда;22:36:12;0;webcam
24.10.2012;Среда;18:44:16;1;webcam
24.10.2012;Среда;15:03:08;6;webcam
24.10.2012;Среда;12:37:57;8;webcam
24.10.2012;Среда;08:13:26;1;webcam
23.10.2012;Вторник;19:47:23;1;webcam
23.10.2012;Вторник;16:37:13;15;webcam
23.10.2012;Вторник;13:57:24;7;webcam
23.10.2012;Вторник;11:47:58;6;webcam
23.10.2012;Вторник;08:24:07;4;webcam
22.10.2012;Понедельник;19:14:04;4;webcam
22.10.2012;Понедельник;15:24:05;10;webcam
22.10.2012;Понедельник;11:23:30;8;webcam
21.10.2012;Воскресенье;21:23:27;0;webcam
21.10.2012;Воскресенье;17:00:12;17;Грибник
21.10.2012;Воскресенье;16:51:04;10;Руслан
21.10.2012;Воскресенье;14:17:41;20;webcam
21.10.2012;Воскресенье;10:42:08;21;webcam
20.10.2012;Суббота;21:31:29;0;webcam
20.10.2012;Суббота;16:09:33;60;Виктор
20.10.2012;Суббота;15:48:03;100;Ольга
20.10.2012;Суббота;11:09:25;10;webcam
20.10.2012;Суббота;08:29:51;1;webcam
19.10.2012;Пятница;20:59:54;0;webcam
19.10.2012;Пятница;17:29:28;3;webcam
19.10.2012;Пятница;13:59:09;8;webcam
19.10.2012;Пятница;11:49:23;2;webcam
19.10.2012;Пятница;07:49:00;4;webcam
18.10.2012;Четверг;23:04:33;0;webcam
18.10.2012;Четверг;17:14:18;6;webcam
18.10.2012;Четверг;14:44:35;8;webcam
18.10.2012;Четверг;12:34:37;10;webcam
18.10.2012;Четверг;09:04:10;2;webcam
17.10.2012;Среда;18:13:27;10;webcam
17.10.2012;Среда;15:13:20;15;webcam
17.10.2012;Среда;12:33:26;3;webcam
17.10.2012;Среда;10:05:15;5;webcam
16.10.2012;Вторник;21:54:54;0;webcam
16.10.2012;Вторник;17:04:22;15;webcam
16.10.2012;Вторник;14:14:14;10;webcam
16.10.2012;Вторник;09:04:32;0;webcam
15.10.2012;Понедельник;18:17:57;2;webcam
15.10.2012;Понедельник;13:27:06;27;webcam
15.10.2012;Понедельник;07:47:32;2;webcam
14.10.2012;Воскресенье;19:13:32;2;webcam
14.10.2012;Воскресенье;17:32:56;0;Юлия
14.10.2012;Воскресенье;14:52:53;34;Тася
14.10.2012;Воскресенье;13:28:57;18;webcam
14.10.2012;Воскресенье;07:57:32;1;webcam
13.10.2012;Суббота;21:37:31;0;webcam
13.10.2012;Суббота;18:03:54;20;webcam
13.10.2012;Суббота;13:45:49;80;Егор
13.10.2012;Суббота;10:37:14;8;webcam
13.10.2012;Суббота;05:57:41;0;webcam
12.10.2012;Пятница;19:37:17;1;webcam
12.10.2012;Пятница;16:17:56;10;webcam
12.10.2012;Пятница;13:17:19;0;webcam
12.10.2012;Пятница;10:57:25;3;webcam
12.10.2012;Пятница;06:33:01;1;webcam
11.10.2012;Четверг;20:57:25;0;•••0606
11.10.2012;Четверг;16:27:40;3;webcam
11.10.2012;Четверг;12:27:43;10;webcam
11.10.2012;Четверг;09:57:05;3;webcam
11.10.2012;Четверг;06:57:06;1;webcam
10.10.2012;Среда;20:17:30;5;webcam
10.10.2012;Среда;17:03:26;4;webcam
10.10.2012;Среда;14:01:34;7;webcam
10.10.2012;Среда;11:59:17;3;avto-rent.rimbi.ru
10.10.2012;Среда;10:44:59;2;webcam
10.10.2012;Среда;07:39:54;1;webcam
09.10.2012;Вторник;19:19:55;1;webcam
09.10.2012;Вторник;16:19:40;1;webcam
09.10.2012;Вторник;13:09:01;20;webcam
09.10.2012;Вторник;09:07:48;2;webcam
08.10.2012;Понедельник;21:47:53;3;webcam
08.10.2012;Понедельник;18:47:46;2;webcam
08.10.2012;Понедельник;16:07:22;10;webcam
08.10.2012;Понедельник;13:47:40;10;webcam
08.10.2012;Понедельник;10:46:59;0;webcam
08.10.2012;Понедельник;06:31:56;1;webcam
07.10.2012;Воскресенье;20:33:55;5;webcam
07.10.2012;Воскресенье;17:05:51;20;Алексей
07.10.2012;Воскресенье;17:03:49;15;webcam
07.10.2012;Воскресенье;14:10:38;84;ольга
07.10.2012;Воскресенье;13:30:06;40;Андрей
07.10.2012;Воскресенье;10:33:03;30;webcam
07.10.2012;Воскресенье;07:53:36;0;webcam
06.10.2012;Суббота;19:48:53;0;webcam
06.10.2012;Суббота;15:39:22;55;Даниил
06.10.2012;Суббота;15:39:00;55;Даниил
06.10.2012;Суббота;10:33:57;1;webcam
06.10.2012;Суббота;07:28:24;0;webcam
05.10.2012;Пятница;18:33:39;6;webcam
